Scan Time,Symbol,Current LTP,Current Week RSI,Previous Week RSI,Weekly RSI Change,Current Hour,Current Hourly RSI,Previous Hourly RSI,Hourly RSI Change,Hourly RSI Rising,Current 15m Candle,Current 15m RSI,Previous 15m Candle RSI,15m RSI Change,15m RSI Rising,15m Rising Count,History Transition,Scan Mode,Monitoring Status,Monitoring Started,Last 15m Check,Category,Signal,Reason
2026-08-17 14:54:00,NSE:SCHNEIDER,1210.0,51.3,61.78,-10.48,2026-08-17 14:00,15.87,42.18,-26.31,NO,,,,,,,15m logic removed,,,,,WATCH,👀 WATCH,Weekly RSI 51.30 > 50 + Hourly RSI touched 30 + 15m price confirmation failed (Close 1213.0 <= Previous High 1217.1)
2026-08-17 14:54:00,NSE:EMCURE,1882.1,61.42,66.26,-4.84,2026-08-17 14:00,20.08,28.2,-8.12,NO,,,,,,,15m logic removed,,,,,WATCH,👀 WATCH,Weekly RSI 61.42 > 50 + Hourly RSI touched 30 + 15m price confirmation failed (Close 1881.5 <= Previous High 1892.5)
2026-08-17 14:54:01,NSE:J&KBANK,148.38,51.69,55.42,-3.74,2026-08-17 14:00,20.41,39.74,-19.33,NO,,,,,,,15m logic removed,,,,,SETUP,🔥 SETUP,Weekly RSI 51.69 > 50 + Hourly RSI touched 30 + 15m Close > Previous 15m High
2026-08-17 14:54:02,NSE:CGCL,227.04,59.42,59.2,0.22,2026-08-17 14:00,34.18,33.9,0.28,YES,,,,,,,15m logic removed,,,,,WATCH,👀 WATCH,"Weekly RSI 59.42 > 50, but Hourly RSI has not touched 30 (current 34.18)"
2026-08-17 14:54:03,NSE:LALPATHLAB,1875.7,68.3,72.68,-4.38,2026-08-17 14:00,20.46,29.71,-9.24,NO,,,,,,,15m logic removed,,,,,WATCH,👀 WATCH,Weekly RSI 68.30 > 50 + Hourly RSI touched 30 + 15m price confirmation failed (Close 1886.5 <= Previous High 1889.7)
2026-08-17 14:54:04,NSE:OLECTRA,1318.1,51.71,51.64,0.08,2026-08-17 14:00,27.07,24.79,2.28,YES,,,,,,,15m logic removed,,,,,SETUP,🔥 SETUP,Weekly RSI 51.71 > 50 + Hourly RSI touched 30 + 15m Close > Previous 15m High
2026-08-17 14:54:04,NSE:HONAUT,36460.0,53.63,56.32,-2.69,2026-08-17 14:00,27.87,42.78,-14.91,NO,,,,,,,15m logic removed,,,,,WATCH,👀 WATCH,Weekly RSI 53.63 > 50 + Hourly RSI touched 30 + 15m price confirmation failed (Close 36430.0 <= Previous High 36465.0)
2026-08-17 14:54:05,NSE:LAURUSLABS,1804.9,80.13,79.62,0.51,2026-08-17 14:00,39.18,27.84,11.34,YES,,,,,,,15m logic removed,,,,,WATCH,👀 WATCH,"Weekly RSI 80.13 > 50, but Hourly RSI has not touched 30 (current 39.18)"
2026-08-17 14:54:06,NSE:AEGISVOPAK,266.85,57.43,58.16,-0.74,2026-08-17 14:00,32.81,37.35,-4.54,NO,,,,,,,15m logic removed,,,,,WATCH,👀 WATCH,"Weekly RSI 57.43 > 50, but Hourly RSI has not touched 30 (current 32.81)"
2026-08-17 14:54:07,NSE:EXIDEIND,476.0,72.68,72.73,-0.04,2026-08-17 14:00,38.36,37.89,0.47,YES,,,,,,,15m logic removed,,,,,WATCH,👀 WATCH,"Weekly RSI 72.68 > 50, but Hourly RSI has not touched 30 (current 38.36)"
2026-08-17 14:54:08,NSE:REDINGTON,331.1,64.11,64.98,-0.87,2026-08-17 14:00,27.54,31.43,-3.9,NO,,,,,,,15m logic removed,,,,,WATCH,👀 WATCH,Weekly RSI 64.11 > 50 + Hourly RSI touched 30 + 15m price confirmation failed (Close 331.8 <= Previous High 332.95)
2026-08-17 14:54:09,NSE:JSWINFRA,334.4,62.59,64.84,-2.25,2026-08-17 14:00,37.45,47.04,-9.59,NO,,,,,,,15m logic removed,,,,,WATCH,👀 WATCH,"Weekly RSI 62.59 > 50, but Hourly RSI has not touched 30 (current 37.45)"
2026-08-17 14:54:10,NSE:CAPLIPOINT,2516.9,66.69,65.36,1.33,2026-08-17 14:00,50.48,43.22,7.26,YES,,,,,,,15m logic removed,,,,,WATCH,👀 WATCH,"Weekly RSI 66.69 > 50, but Hourly RSI has not touched 30 (current 50.48)"
2026-08-17 14:54:10,NSE:LTM,4700.0,57.05,57.49,-0.44,2026-08-17 14:00,44.32,46.99,-2.67,NO,,,,,,,15m logic removed,,,,,WATCH,👀 WATCH,"Weekly RSI 57.05 > 50, but Hourly RSI has not touched 30 (current 44.32)"
2026-08-17 14:54:11,NSE:ACMESOLAR,364.7,62.23,65.76,-3.53,2026-08-17 14:00,35.45,49.08,-13.62,NO,,,,,,,15m logic removed,,,,,WATCH,👀 WATCH,"Weekly RSI 62.23 > 50, but Hourly RSI has not touched 30 (current 35.45)"
2026-08-17 14:58:34,NSE:ABB,7670.0,63.64,63.4,0.24,2026-08-17 14:00,48.76,45.35,3.42,YES,,,,,,,15m logic removed,,,,,WATCH,👀 WATCH,"Weekly RSI 63.64 > 50, but Hourly RSI has not touched 30 (current 48.76)"
2026-08-17 14:58:34,NSE:ABBOTINDIA,26775.0,46.95,49.0,-2.05,2026-08-17 14:00,23.47,28.62,-5.15,NO,,,,,,,15m logic removed,,,,,IGNORE,❌ IGNORE,Weekly RSI 46.95 <= 50
2026-08-17 14:58:35,NSE:ACMESOLAR,364.95,62.32,65.76,-3.44,2026-08-17 14:00,35.78,49.08,-13.3,NO,,,,,,,15m logic removed,,,,,WATCH,👀 WATCH,"Weekly RSI 62.32 > 50, but Hourly RSI has not touched 30 (current 35.78)"
2026-08-17 14:58:36,NSE:AEGISLOG,1285.1,67.48,66.7,0.78,2026-08-17 14:00,52.62,40.29,12.33,YES,,,,,,,15m logic removed,,,,,WATCH,👀 WATCH,"Weekly RSI 67.48 > 50, but Hourly RSI has not touched 30 (current 52.62)"
2026-08-17 14:58:37,NSE:AEGISVOPAK,267.5,57.64,58.16,-0.53,2026-08-17 14:00,33.8,37.35,-3.55,NO,,,,,,,15m logic removed,,,,,WATCH,👀 WATCH,"Weekly RSI 57.64 > 50, but Hourly RSI has not touched 30 (current 33.80)"
2026-08-17 14:58:38,NSE:AFFLE,1695.0,62.2,60.66,1.53,2026-08-17 14:00,62.12,53.31,8.81,YES,,,,,,,15m logic removed,,,,,WATCH,👀 WATCH,"Weekly RSI 62.20 > 50, but Hourly RSI has not touched 30 (current 62.12)"
2026-08-17 14:58:38,NSE:AKUMS,746.8,72.49,70.82,1.67,2026-08-17 14:00,56.9,37.07,19.83,YES,,,,,,,15m logic removed,,,,,WATCH,👀 WATCH,"Weekly RSI 72.49 > 50, but Hourly RSI has not touched 30 (current 56.90)"
2026-08-17 14:58:40,NSE:ALIVUS,1388.9,78.5,78.41,0.09,2026-08-17 14:00,59.44,63.23,-3.79,NO,,,,,,,15m logic removed,,,,,WATCH,👀 WATCH,"Weekly RSI 78.50 > 50, but Hourly RSI has not touched 30 (current 59.44)"
2026-08-17 14:58:40,NSE:ANANDRATHI,2177.1,75.03,74.94,0.09,2026-08-17 14:00,53.76,50.58,3.18,YES,,,,,,,15m logic removed,,,,,WATCH,👀 WATCH,"Weekly RSI 75.03 > 50, but Hourly RSI has not touched 30 (current 53.76)"
2026-08-17 14:58:41,NSE:ANANTRAJ,625.05,60.66,61.58,-0.91,2026-08-17 14:00,57.53,65.18,-7.65,NO,,,,,,,15m logic removed,,,,,WATCH,👀 WATCH,"Weekly RSI 60.66 > 50, but Hourly RSI has not touched 30 (current 57.53)"
2026-08-17 14:58:42,NSE:APARINDS,16505.0,69.95,71.5,-1.55,2026-08-17 14:00,39.07,43.5,-4.43,NO,,,,,,,15m logic removed,,,,,WATCH,👀 WATCH,"Weekly RSI 69.95 > 50, but Hourly RSI has not touched 30 (current 39.07)"
2026-08-17 14:58:43,NSE:ARE&M,944.45,60.0,60.26,-0.26,2026-08-17 14:00,42.69,44.56,-1.87,NO,,,,,,,15m logic removed,,,,,WATCH,👀 WATCH,"Weekly RSI 60.00 > 50, but Hourly RSI has not touched 30 (current 42.69)"
2026-08-17 14:58:44,NSE:ASTERDM,819.6,60.12,60.6,-0.47,2026-08-17 14:00,35.2,38.99,-3.79,NO,,,,,,,15m logic removed,,,,,WATCH,👀 WATCH,"Weekly RSI 60.12 > 50, but Hourly RSI has not touched 30 (current 35.20)"
2026-08-17 14:58:44,NSE:ASTRAMICRO,1705.7,65.18,67.72,-2.54,2026-08-17 14:00,43.76,56.94,-13.18,NO,,,,,,,15m logic removed,,,,,WATCH,👀 WATCH,"Weekly RSI 65.18 > 50, but Hourly RSI has not touched 30 (current 43.76)"
2026-08-17 14:58:45,NSE:ATHERENERG,1490.7,78.66,80.74,-2.08,2026-08-17 14:00,38.95,49.75,-10.8,NO,,,,,,,15m logic removed,,,,,WATCH,👀 WATCH,"Weekly RSI 78.66 > 50, but Hourly RSI has not touched 30 (current 38.95)"
2026-08-17 14:58:46,NSE:AUROPHARMA,1627.4,67.43,67.08,0.35,2026-08-17 14:00,40.21,36.13,4.07,YES,,,,,,,15m logic removed,,,,,WATCH,👀 WATCH,"Weekly RSI 67.43 > 50, but Hourly RSI has not touched 30 (current 40.21)"
2026-08-17 14:58:47,NSE:BAJAJ-AUTO,11696.0,72.0,72.09,-0.09,2026-08-17 14:00,49.73,50.25,-0.52,NO,,,,,,,15m logic removed,,,,,WATCH,👀 WATCH,"Weekly RSI 72.00 > 50, but Hourly RSI has not touched 30 (current 49.73)"
2026-08-17 14:58:48,NSE:BALKRISIND,2394.2,54.62,53.61,1.02,2026-08-17 14:00,38.66,28.77,9.89,YES,,,,,,,15m logic removed,,,,,WATCH,👀 WATCH,"Weekly RSI 54.62 > 50, but Hourly RSI has not touched 30 (current 38.66)"
2026-08-17 14:58:48,NSE:BALRAMCHIN,655.6,73.92,70.01,3.91,2026-08-17 14:00,71.76,52.97,18.79,YES,,,,,,,15m logic removed,,,,,WATCH,👀 WATCH,"Weekly RSI 73.92 > 50, but Hourly RSI has not touched 30 (current 71.76)"
2026-08-17 14:58:49,NSE:BASF,4037.7,59.39,60.9,-1.51,2026-08-17 14:00,43.89,46.2,-2.3,NO,,,,,,,15m logic removed,,,,,WATCH,👀 WATCH,"Weekly RSI 59.39 > 50, but Hourly RSI has not touched 30 (current 43.89)"
2026-08-17 14:58:50,NSE:BLUEJET,594.4,59.24,58.18,1.06,2026-08-17 14:00,57.02,44.57,12.46,YES,,,,,,,15m logic removed,,,,,WATCH,👀 WATCH,"Weekly RSI 59.24 > 50, but Hourly RSI has not touched 30 (current 57.02)"
2026-08-17 14:58:51,NSE:BOSCHLTD,46930.0,72.25,72.96,-0.71,2026-08-17 14:00,64.57,68.93,-4.35,NO,,,,,,,15m logic removed,,,,,WATCH,👀 WATCH,"Weekly RSI 72.25 > 50, but Hourly RSI has not touched 30 (current 64.57)"
2026-08-17 14:58:52,NSE:CAPLIPOINT,2512.1,66.52,65.36,1.16,2026-08-17 14:00,49.37,43.22,6.15,YES,,,,,,,15m logic removed,,,,,WATCH,👀 WATCH,"Weekly RSI 66.52 > 50, but Hourly RSI has not touched 30 (current 49.37)"
2026-08-17 14:58:52,NSE:CARBORUNIV,1120.0,59.35,63.07,-3.72,2026-08-17 14:00,39.91,53.49,-13.58,NO,,,,,,,15m logic removed,,,,,WATCH,👀 WATCH,"Weekly RSI 59.35 > 50, but Hourly RSI has not touched 30 (current 39.91)"
2026-08-17 14:58:53,NSE:CGCL,227.0,59.41,59.2,0.2,2026-08-17 14:00,33.9,33.9,0.0,NO,,,,,,,15m logic removed,,,,,WATCH,👀 WATCH,"Weekly RSI 59.41 > 50, but Hourly RSI has not touched 30 (current 33.90)"
2026-08-17 14:58:54,NSE:CHENNPETRO,1382.4,72.78,69.87,2.91,2026-08-17 14:00,62.83,43.2,19.63,YES,,,,,,,15m logic removed,,,,,WATCH,👀 WATCH,"Weekly RSI 72.78 > 50, but Hourly RSI has not touched 30 (current 62.83)"
2026-08-17 14:58:55,NSE:COFORGE,1806.9,67.3,67.69,-0.39,2026-08-17 14:00,47.72,51.16,-3.44,NO,,,,,,,15m logic removed,,,,,WATCH,👀 WATCH,"Weekly RSI 67.30 > 50, but Hourly RSI has not touched 30 (current 47.72)"
2026-08-17 14:58:56,NSE:COHANCE,443.9,49.21,48.61,0.61,2026-08-17 14:00,48.11,44.28,3.84,YES,,,,,,,15m logic removed,,,,,IGNORE,❌ IGNORE,Weekly RSI 49.21 <= 50
2026-08-17 14:58:56,NSE:CONCOR,522.1,55.77,56.92,-1.15,2026-08-17 14:00,47.19,54.08,-6.89,NO,,,,,,,15m logic removed,,,,,WATCH,👀 WATCH,"Weekly RSI 55.77 > 50, but Hourly RSI has not touched 30 (current 47.19)"
2026-08-17 14:58:57,NSE:CYIENTDLM,732.8,85.96,84.24,1.72,2026-08-17 14:00,64.47,47.59,16.89,YES,,,,,,,15m logic removed,,,,,WATCH,👀 WATCH,"Weekly RSI 85.96 > 50, but Hourly RSI has not touched 30 (current 64.47)"
2026-08-17 14:58:58,NSE:DATAPATTNS,4530.8,61.48,60.33,1.15,2026-08-17 14:00,57.43,47.42,10.0,YES,,,,,,,15m logic removed,,,,,WATCH,👀 WATCH,"Weekly RSI 61.48 > 50, but Hourly RSI has not touched 30 (current 57.43)"
2026-08-17 14:58:59,NSE:DEEPAKFERT,1499.0,57.18,57.01,0.17,2026-08-17 14:00,55.87,51.53,4.34,YES,,,,,,,15m logic removed,,,,,WATCH,👀 WATCH,"Weekly RSI 57.18 > 50, but Hourly RSI has not touched 30 (current 55.87)"
2026-08-17 14:59:00,NSE:DEVYANI,143.63,65.46,65.58,-0.12,2026-08-17 14:00,62.13,63.75,-1.62,NO,,,,,,,15m logic removed,,,,,WATCH,👀 WATCH,"Weekly RSI 65.46 > 50, but Hourly RSI has not touched 30 (current 62.13)"
2026-08-17 14:59:01,NSE:DIVISLAB,8528.0,83.78,83.43,0.36,2026-08-17 14:00,56.68,50.63,6.05,YES,,,,,,,15m logic removed,,,,,WATCH,👀 WATCH,"Weekly RSI 83.78 > 50, but Hourly RSI has not touched 30 (current 56.68)"
2026-08-17 14:59:02,NSE:ECLERX,1831.6,54.46,57.07,-2.61,2026-08-17 14:00,42.6,65.25,-22.66,NO,,,,,,,15m logic removed,,,,,WATCH,👀 WATCH,"Weekly RSI 54.46 > 50, but Hourly RSI has not touched 30 (current 42.60)"
2026-08-17 14:59:02,NSE:EMCURE,1883.7,61.57,66.26,-4.69,2026-08-17 14:00,20.28,28.2,-7.92,NO,,,,,,,15m logic removed,,,,,WATCH,👀 WATCH,Weekly RSI 61.57 > 50 + Hourly RSI touched 30 + 15m price confirmation failed (Close 1881.5 <= Previous High 1892.5)
2026-08-17 14:59:03,NSE:ENRIN,3598.2,56.93,55.76,1.17,2026-08-17 14:00,61.04,47.59,13.46,YES,,,,,,,15m logic removed,,,,,WATCH,👀 WATCH,"Weekly RSI 56.93 > 50, but Hourly RSI has not touched 30 (current 61.04)"
2026-08-17 14:59:04,NSE:ETERNAL,320.25,66.4,65.97,0.43,2026-08-17 14:00,58.84,54.74,4.1,YES,,,,,,,15m logic removed,,,,,WATCH,👀 WATCH,"Weekly RSI 66.40 > 50, but Hourly RSI has not touched 30 (current 58.84)"
2026-08-17 14:59:05,NSE:EXIDEIND,475.4,72.44,72.73,-0.29,2026-08-17 14:00,37.32,37.89,-0.57,NO,,,,,,,15m logic removed,,,,,WATCH,👀 WATCH,"Weekly RSI 72.44 > 50, but Hourly RSI has not touched 30 (current 37.32)"
2026-08-17 14:59:06,NSE:FEDERALBNK,355.75,74.11,72.83,1.27,2026-08-17 14:00,56.04,40.82,15.23,YES,,,,,,,15m logic removed,,,,,WATCH,👀 WATCH,"Weekly RSI 74.11 > 50, but Hourly RSI has not touched 30 (current 56.04)"
2026-08-17 14:59:07,NSE:FINCABLES,1311.6,68.58,65.92,2.66,2026-08-17 14:00,74.82,62.89,11.93,YES,,,,,,,15m logic removed,,,,,WATCH,👀 WATCH,"Weekly RSI 68.58 > 50, but Hourly RSI has not touched 30 (current 74.82)"
2026-08-17 14:59:08,NSE:FLUOROCHEM,4707.7,71.22,72.33,-1.11,2026-08-17 14:00,51.75,54.33,-2.59,NO,,,,,,,15m logic removed,,,,,WATCH,👀 WATCH,"Weekly RSI 71.22 > 50, but Hourly RSI has not touched 30 (current 51.75)"
2026-08-17 14:59:09,NSE:GLAND,2911.2,76.13,79.58,-3.45,2026-08-17 14:00,51.67,65.46,-13.79,NO,,,,,,,15m logic removed,,,,,WATCH,👀 WATCH,"Weekly RSI 76.13 > 50, but Hourly RSI has not touched 30 (current 51.67)"
2026-08-17 14:59:09,NSE:GRANULES,861.85,66.78,66.44,0.34,2026-08-17 14:00,55.42,43.58,11.84,YES,,,,,,,15m logic removed,,,,,WATCH,👀 WATCH,"Weekly RSI 66.78 > 50, but Hourly RSI has not touched 30 (current 55.42)"
2026-08-17 14:59:10,NSE:GRAPHITE,729.75,59.66,58.71,0.95,2026-08-17 14:00,51.54,42.82,8.71,YES,,,,,,,15m logic removed,,,,,WATCH,👀 WATCH,"Weekly RSI 59.66 > 50, but Hourly RSI has not touched 30 (current 51.54)"
2026-08-17 14:59:11,NSE:GVT&D,4308.6,50.93,51.65,-0.72,2026-08-17 14:00,44.67,50.84,-6.17,NO,,,,,,,15m logic removed,,,,,WATCH,👀 WATCH,"Weekly RSI 50.93 > 50, but Hourly RSI has not touched 30 (current 44.67)"
2026-08-17 14:59:12,NSE:HEG,699.1,67.45,67.84,-0.39,2026-08-17 14:00,58.42,58.54,-0.12,NO,,,,,,,15m logic removed,,,,,WATCH,👀 WATCH,"Weekly RSI 67.45 > 50, but Hourly RSI has not touched 30 (current 58.42)"
2026-08-17 14:59:13,NSE:HEROMOTOCO,5763.0,62.98,63.8,-0.82,2026-08-17 14:00,41.81,45.35,-3.54,NO,,,,,,,15m logic removed,,,,,WATCH,👀 WATCH,"Weekly RSI 62.98 > 50, but Hourly RSI has not touched 30 (current 41.81)"
2026-08-17 14:59:14,NSE:HFCL,219.54,74.26,76.42,-2.16,2026-08-17 14:00,45.76,52.38,-6.62,NO,,,,,,,15m logic removed,,,,,WATCH,👀 WATCH,"Weekly RSI 74.26 > 50, but Hourly RSI has not touched 30 (current 45.76)"
2026-08-17 14:59:15,NSE:HONASA,482.6,71.51,79.49,-7.98,2026-08-17 14:00,49.96,70.24,-20.28,NO,,,,,,,15m logic removed,,,,,WATCH,👀 WATCH,"Weekly RSI 71.51 > 50, but Hourly RSI has not touched 30 (current 49.96)"
2026-08-17 14:59:15,NSE:HONAUT,36455.0,53.62,56.32,-2.71,2026-08-17 14:00,27.8,42.78,-14.98,NO,,,,,,,15m logic removed,,,,,WATCH,👀 WATCH,Weekly RSI 53.62 > 50 + Hourly RSI touched 30 + 15m price confirmation failed (Close 36430.0 <= Previous High 36465.0)
2026-08-17 14:59:16,NSE:HSCL,786.45,72.82,72.38,0.44,2026-08-17 14:00,65.31,59.78,5.53,YES,,,,,,,15m logic removed,,,,,WATCH,👀 WATCH,"Weekly RSI 72.82 > 50, but Hourly RSI has not touched 30 (current 65.31)"
2026-08-17 14:59:18,NSE:IFCI,79.01,60.41,58.71,1.7,2026-08-17 14:00,70.25,57.27,12.98,YES,,,,,,,15m logic removed,,,,,WATCH,👀 WATCH,"Weekly RSI 60.41 > 50, but Hourly RSI has not touched 30 (current 70.25)"
2026-08-17 14:59:18,NSE:IIFL,629.8,70.68,71.07,-0.39,2026-08-17 14:00,53.77,57.3,-3.52,NO,,,,,,,15m logic removed,,,,,WATCH,👀 WATCH,"Weekly RSI 70.68 > 50, but Hourly RSI has not touched 30 (current 53.77)"
2026-08-17 14:59:19,NSE:INOXINDIA,1950.0,73.1,72.82,0.28,2026-08-17 14:00,55.78,52.71,3.07,YES,,,,,,,15m logic removed,,,,,WATCH,👀 WATCH,"Weekly RSI 73.10 > 50, but Hourly RSI has not touched 30 (current 55.78)"
2026-08-17 14:59:20,NSE:IPCALAB,1878.4,65.41,57.98,7.44,2026-08-17 14:00,73.18,42.38,30.79,YES,,,,,,,15m logic removed,,,,,WATCH,👀 WATCH,"Weekly RSI 65.41 > 50, but Hourly RSI has not touched 30 (current 73.18)"
2026-08-17 14:59:21,NSE:J&KBANK,148.42,51.7,55.42,-3.72,2026-08-17 14:00,20.47,39.74,-19.27,NO,,,,,,,15m logic removed,,,,,SETUP,🔥 SETUP,Weekly RSI 51.70 > 50 + Hourly RSI touched 30 + 15m Close > Previous 15m High
2026-08-17 14:59:22,NSE:JINDALSAW,272.2,62.72,61.29,1.43,2026-08-17 14:00,60.28,45.67,14.61,YES,,,,,,,15m logic removed,,,,,WATCH,👀 WATCH,"Weekly RSI 62.72 > 50, but Hourly RSI has not touched 30 (current 60.28)"
2026-08-17 14:59:22,NSE:JSWINFRA,334.3,62.54,64.84,-2.29,2026-08-17 14:00,37.3,47.04,-9.74,NO,,,,,,,15m logic removed,,,,,WATCH,👀 WATCH,"Weekly RSI 62.54 > 50, but Hourly RSI has not touched 30 (current 37.30)"
2026-08-17 14:59:23,NSE:JUBLFOOD,510.6,60.57,59.24,1.33,2026-08-17 14:00,68.04,63.35,4.7,YES,,,,,,,15m logic removed,,,,,WATCH,👀 WATCH,"Weekly RSI 60.57 > 50, but Hourly RSI has not touched 30 (current 68.04)"
2026-08-17 14:59:24,NSE:KAJARIACER,1251.2,63.38,63.7,-0.32,2026-08-17 14:00,55.82,62.25,-6.43,NO,,,,,,,15m logic removed,,,,,WATCH,👀 WATCH,"Weekly RSI 63.38 > 50, but Hourly RSI has not touched 30 (current 55.82)"
2026-08-17 14:59:25,NSE:KALYANKJIL,609.55,71.94,71.82,0.11,2026-08-17 14:00,53.8,52.37,1.43,YES,,,,,,,15m logic removed,,,,,WATCH,👀 WATCH,"Weekly RSI 71.94 > 50, but Hourly RSI has not touched 30 (current 53.80)"
2026-08-17 14:59:25,NSE:KAYNES,3659.3,48.45,48.47,-0.02,2026-08-17 14:00,33.86,34.0,-0.14,NO,,,,,,,15m logic removed,,,,,IGNORE,❌ IGNORE,Weekly RSI 48.45 <= 50
2026-08-17 14:59:26,NSE:KIRLOSENG,2105.9,59.16,58.99,0.17,2026-08-17 14:00,53.55,51.61,1.95,YES,,,,,,,15m logic removed,,,,,WATCH,👀 WATCH,"Weekly RSI 59.16 > 50, but Hourly RSI has not touched 30 (current 53.55)"
2026-08-17 14:59:27,NSE:KPIL,1399.7,64.54,60.2,4.34,2026-08-17 14:00,63.3,45.74,17.57,YES,,,,,,,15m logic removed,,,,,WATCH,👀 WATCH,"Weekly RSI 64.54 > 50, but Hourly RSI has not touched 30 (current 63.30)"
2026-08-17 14:59:28,NSE:LALPATHLAB,1875.0,68.23,72.68,-4.46,2026-08-17 14:00,20.33,29.71,-9.37,NO,,,,,,,15m logic removed,,,,,WATCH,👀 WATCH,Weekly RSI 68.23 > 50 + Hourly RSI touched 30 + 15m price confirmation failed (Close 1886.5 <= Previous High 1889.7)
2026-08-17 14:59:28,NSE:LAURUSLABS,1804.2,80.11,79.62,0.49,2026-08-17 14:00,38.8,27.84,10.96,YES,,,,,,,15m logic removed,,,,,WATCH,👀 WATCH,"Weekly RSI 80.11 > 50, but Hourly RSI has not touched 30 (current 38.80)"
2026-08-17 14:59:29,NSE:LLOYDSME,1945.0,64.49,63.36,1.13,2026-08-17 14:00,51.33,40.36,10.97,YES,,,,,,,15m logic removed,,,,,WATCH,👀 WATCH,"Weekly RSI 64.49 > 50, but Hourly RSI has not touched 30 (current 51.33)"
2026-08-17 14:59:30,NSE:LODHA,1251.0,64.15,63.8,0.35,2026-08-17 14:00,62.7,59.28,3.42,YES,,,,,,,15m logic removed,,,,,WATCH,👀 WATCH,"Weekly RSI 64.15 > 50, but Hourly RSI has not touched 30 (current 62.70)"
2026-08-17 14:59:31,NSE:LTM,4700.8,57.07,57.49,-0.42,2026-08-17 14:00,44.46,46.99,-2.53,NO,,,,,,,15m logic removed,,,,,WATCH,👀 WATCH,"Weekly RSI 57.07 > 50, but Hourly RSI has not touched 30 (current 44.46)"
2026-08-17 14:59:32,NSE:LTTS,3531.1,50.08,48.22,1.85,2026-08-17 14:00,44.84,31.86,12.98,YES,,,,,,,15m logic removed,,,,,WATCH,👀 WATCH,"Weekly RSI 50.08 > 50, but Hourly RSI has not touched 30 (current 44.84)"
2026-08-17 14:59:32,NSE:M&MFIN,388.95,62.08,62.42,-0.33,2026-08-17 14:00,33.24,34.16,-0.92,NO,,,,,,,15m logic removed,,,,,WATCH,👀 WATCH,"Weekly RSI 62.08 > 50, but Hourly RSI has not touched 30 (current 33.24)"
2026-08-17 14:59:33,NSE:MANYAVAR,538.0,66.65,65.4,1.25,2026-08-17 14:00,71.65,63.87,7.79,YES,,,,,,,15m logic removed,,,,,WATCH,👀 WATCH,"Weekly RSI 66.65 > 50, but Hourly RSI has not touched 30 (current 71.65)"
2026-08-17 14:59:34,NSE:MINDACORP,726.1,70.91,70.15,0.75,2026-08-17 14:00,48.14,44.12,4.02,YES,,,,,,,15m logic removed,,,,,WATCH,👀 WATCH,"Weekly RSI 70.91 > 50, but Hourly RSI has not touched 30 (current 48.14)"
2026-08-17 14:59:35,NSE:MMTC,63.79,49.05,49.89,-0.85,2026-08-17 14:00,42.33,50.32,-7.99,NO,,,,,,,15m logic removed,,,,,IGNORE,❌ IGNORE,Weekly RSI 49.05 <= 50
2026-08-17 14:59:36,NSE:MRPL,177.06,56.65,53.37,3.27,2026-08-17 14:00,63.64,42.0,21.63,YES,,,,,,,15m logic removed,,,,,WATCH,👀 WATCH,"Weekly RSI 56.65 > 50, but Hourly RSI has not touched 30 (current 63.64)"
2026-08-17 14:59:36,NSE:NAUKRI,1358.7,71.09,70.25,0.84,2026-08-17 14:00,61.74,54.38,7.37,YES,,,,,,,15m logic removed,,,,,WATCH,👀 WATCH,"Weekly RSI 71.09 > 50, but Hourly RSI has not touched 30 (current 61.74)"
2026-08-17 14:59:37,NSE:NAVINFLUOR,8155.0,72.83,75.35,-2.52,2026-08-17 14:00,35.75,45.31,-9.56,NO,,,,,,,15m logic removed,,,,,WATCH,👀 WATCH,"Weekly RSI 72.83 > 50, but Hourly RSI has not touched 30 (current 35.75)"
2026-08-17 14:59:38,NSE:NAZARA,350.6,69.99,72.74,-2.75,2026-08-17 14:00,40.89,53.02,-12.13,NO,,,,,,,15m logic removed,,,,,WATCH,👀 WATCH,"Weekly RSI 69.99 > 50, but Hourly RSI has not touched 30 (current 40.89)"
2026-08-17 14:59:39,NSE:NETWEB,5214.0,66.16,63.88,2.28,2026-08-17 14:00,67.56,51.26,16.31,YES,,,,,,,15m logic removed,,,,,WATCH,👀 WATCH,"Weekly RSI 66.16 > 50, but Hourly RSI has not touched 30 (current 67.56)"
2026-08-17 14:59:40,NSE:NEULANDLAB,23633.0,78.12,77.48,0.64,2026-08-17 14:00,73.93,67.62,6.31,YES,,,,,,,15m logic removed,,,,,WATCH,👀 WATCH,"Weekly RSI 78.12 > 50, but Hourly RSI has not touched 30 (current 73.93)"
2026-08-17 14:59:41,NSE:NUVAMA,1726.3,55.29,53.12,2.17,2026-08-17 14:00,62.71,38.18,24.53,YES,,,,,,,15m logic removed,,,,,WATCH,👀 WATCH,"Weekly RSI 55.29 > 50, but Hourly RSI has not touched 30 (current 62.71)"
2026-08-17 14:59:41,NSE:OFSS,11809.0,67.77,68.0,-0.23,2026-08-17 14:00,60.8,62.44,-1.64,NO,,,,,,,15m logic removed,,,,,WATCH,👀 WATCH,"Weekly RSI 67.77 > 50, but Hourly RSI has not touched 30 (current 60.80)"
2026-08-17 14:59:42,NSE:OLECTRA,1318.7,51.75,51.64,0.11,2026-08-17 14:00,27.49,24.79,2.71,YES,,,,,,,15m logic removed,,,,,SETUP,🔥 SETUP,Weekly RSI 51.75 > 50 + Hourly RSI touched 30 + 15m Close > Previous 15m High
2026-08-17 14:59:43,NSE:PARAS,1383.4,70.14,69.95,0.19,2026-08-17 14:00,70.94,67.93,3.02,YES,,,,,,,15m logic removed,,,,,WATCH,👀 WATCH,"Weekly RSI 70.14 > 50, but Hourly RSI has not touched 30 (current 70.94)"
2026-08-17 14:59:44,NSE:PAYTM,1588.0,72.14,73.5,-1.36,2026-08-17 14:00,45.22,51.7,-6.48,NO,,,,,,,15m logic removed,,,,,WATCH,👀 WATCH,"Weekly RSI 72.14 > 50, but Hourly RSI has not touched 30 (current 45.22)"
2026-08-17 14:59:44,NSE:POLICYBZR,1738.0,58.23,58.48,-0.25,2026-08-17 14:00,60.99,63.16,-2.17,NO,,,,,,,15m logic removed,,,,,WATCH,👀 WATCH,"Weekly RSI 58.23 > 50, but Hourly RSI has not touched 30 (current 60.99)"
2026-08-17 14:59:45,NSE:POLYMED,1729.7,56.81,60.69,-3.88,2026-08-17 14:00,32.1,42.81,-10.71,NO,,,,,,,15m logic removed,,,,,WATCH,👀 WATCH,"Weekly RSI 56.81 > 50, but Hourly RSI has not touched 30 (current 32.10)"
2026-08-17 14:59:46,NSE:POONAWALLA,496.6,62.81,63.21,-0.4,2026-08-17 14:00,58.75,59.54,-0.79,NO,,,,,,,15m logic removed,,,,,WATCH,👀 WATCH,"Weekly RSI 62.81 > 50, but Hourly RSI has not touched 30 (current 58.75)"
2026-08-17 14:59:47,NSE:POWERINDIA,35650.0,62.19,62.34,-0.15,2026-08-17 14:00,58.29,59.66,-1.37,NO,,,,,,,15m logic removed,,,,,WATCH,👀 WATCH,"Weekly RSI 62.19 > 50, but Hourly RSI has not touched 30 (current 58.29)"
2026-08-17 14:59:48,NSE:PPLPHARMA,204.18,66.76,68.8,-2.04,2026-08-17 14:00,35.08,44.41,-9.34,NO,,,,,,,15m logic removed,,,,,WATCH,👀 WATCH,"Weekly RSI 66.76 > 50, but Hourly RSI has not touched 30 (current 35.08)"
2026-08-17 14:59:49,NSE:PVRINOX,1196.1,70.18,68.44,1.74,2026-08-17 14:00,60.76,46.36,14.4,YES,,,,,,,15m logic removed,,,,,WATCH,👀 WATCH,"Weekly RSI 70.18 > 50, but Hourly RSI has not touched 30 (current 60.76)"
2026-08-17 14:59:49,NSE:RADICO,4663.5,86.78,86.65,0.13,2026-08-17 14:00,65.66,63.51,2.15,YES,,,,,,,15m logic removed,,,,,WATCH,👀 WATCH,"Weekly RSI 86.78 > 50, but Hourly RSI has not touched 30 (current 65.66)"
2026-08-17 14:59:50,NSE:REDINGTON,331.7,64.28,64.98,-0.69,2026-08-17 14:00,28.18,31.43,-3.25,NO,,,,,,,15m logic removed,,,,,WATCH,👀 WATCH,Weekly RSI 64.28 > 50 + Hourly RSI touched 30 + 15m price confirmation failed (Close 331.8 <= Previous High 332.95)
2026-08-17 14:59:51,NSE:RKFORGE,751.75,73.99,72.41,1.58,2026-08-17 14:00,65.37,47.74,17.63,YES,,,,,,,15m logic removed,,,,,WATCH,👀 WATCH,"Weekly RSI 73.99 > 50, but Hourly RSI has not touched 30 (current 65.37)"
2026-08-17 14:59:52,NSE:RRKABEL,2734.5,74.43,77.31,-2.88,2026-08-17 14:00,36.85,49.34,-12.49,NO,,,,,,,15m logic removed,,,,,WATCH,👀 WATCH,"Weekly RSI 74.43 > 50, but Hourly RSI has not touched 30 (current 36.85)"
2026-08-17 14:59:52,NSE:SAILIFE,1413.8,74.7,80.21,-5.51,2026-08-17 14:00,34.63,47.04,-12.41,NO,,,,,,,15m logic removed,,,,,WATCH,👀 WATCH,"Weekly RSI 74.70 > 50, but Hourly RSI has not touched 30 (current 34.63)"
2026-08-17 14:59:53,NSE:SAPPHIRE,235.77,63.7,63.42,0.28,2026-08-17 14:00,58.97,57.04,1.93,YES,,,,,,,15m logic removed,,,,,WATCH,👀 WATCH,"Weekly RSI 63.70 > 50, but Hourly RSI has not touched 30 (current 58.97)"
2026-08-17 14:59:54,NSE:SAREGAMA,521.05,71.05,73.51,-2.45,2026-08-17 14:00,44.99,54.77,-9.78,NO,,,,,,,15m logic removed,,,,,WATCH,👀 WATCH,"Weekly RSI 71.05 > 50, but Hourly RSI has not touched 30 (current 44.99)"
2026-08-17 14:59:55,NSE:SCHAEFFLER,4029.2,48.85,49.35,-0.5,2026-08-17 14:00,36.0,37.92,-1.92,NO,,,,,,,15m logic removed,,,,,IGNORE,❌ IGNORE,Weekly RSI 48.85 <= 50
2026-08-17 14:59:55,NSE:SCHNEIDER,1209.0,51.24,61.78,-10.53,2026-08-17 14:00,15.81,42.18,-26.37,NO,,,,,,,15m logic removed,,,,,WATCH,👀 WATCH,Weekly RSI 51.24 > 50 + Hourly RSI touched 30 + 15m price confirmation failed (Close 1213.0 <= Previous High 1217.1)
2026-08-17 14:59:56,NSE:SIEMENS,3941.1,62.42,62.39,0.03,2026-08-17 14:00,43.22,42.88,0.34,YES,,,,,,,15m logic removed,,,,,WATCH,👀 WATCH,"Weekly RSI 62.42 > 50, but Hourly RSI has not touched 30 (current 43.22)"
2026-08-17 14:59:57,NSE:SOLARINDS,20009.0,71.47,71.31,0.15,2026-08-17 14:00,64.86,64.15,0.71,YES,,,,,,,15m logic removed,,,,,WATCH,👀 WATCH,"Weekly RSI 71.47 > 50, but Hourly RSI has not touched 30 (current 64.86)"
2026-08-17 14:59:58,NSE:SONACOMS,806.05,77.38,76.36,1.03,2026-08-17 14:00,57.77,40.31,17.46,YES,,,,,,,15m logic removed,,,,,WATCH,👀 WATCH,"Weekly RSI 77.38 > 50, but Hourly RSI has not touched 30 (current 57.77)"
2026-08-17 14:59:59,NSE:SONATSOFTW,320.3,56.26,57.83,-1.57,2026-08-17 14:00,42.58,52.07,-9.49,NO,,,,,,,15m logic removed,,,,,WATCH,👀 WATCH,"Weekly RSI 56.26 > 50, but Hourly RSI has not touched 30 (current 42.58)"
2026-08-17 15:00:00,NSE:STARHEALTH,584.3,62.1,62.37,-0.26,2026-08-17 14:00,52.86,53.98,-1.13,NO,,,,,,,15m logic removed,,,,,WATCH,👀 WATCH,"Weekly RSI 62.10 > 50, but Hourly RSI has not touched 30 (current 52.86)"
2026-08-17 15:00:01,NSE:SUNDRMFAST,1212.3,80.55,81.5,-0.95,2026-08-17 15:00,56.21,61.06,-4.85,NO,,,,,,,15m logic removed,,,,,WATCH,👀 WATCH,"Weekly RSI 80.55 > 50, but Hourly RSI has not touched 30 (current 56.21)"
2026-08-17 15:00:02,NSE:SYRMA,1462.9,69.18,69.38,-0.2,2026-08-17 15:00,46.8,45.33,1.47,YES,,,,,,,15m logic removed,,,,,WATCH,👀 WATCH,"Weekly RSI 69.18 > 50, but Hourly RSI has not touched 30 (current 46.80)"
2026-08-17 15:00:03,NSE:TATATECH,842.6,66.51,70.86,-4.35,2026-08-17 15:00,39.27,56.91,-17.64,NO,,,,,,,15m logic removed,,,,,WATCH,👀 WATCH,"Weekly RSI 66.51 > 50, but Hourly RSI has not touched 30 (current 39.27)"
2026-08-17 15:00:03,NSE:TBOTEK,1688.8,67.29,64.85,2.44,2026-08-17 15:00,69.26,51.95,17.32,YES,,,,,,,15m logic removed,,,,,WATCH,👀 WATCH,"Weekly RSI 67.29 > 50, but Hourly RSI has not touched 30 (current 69.26)"
2026-08-17 15:00:04,NSE:TCS,2315.4,44.25,46.4,-2.16,2026-08-17 15:00,31.22,44.8,-13.58,NO,,,,,,,15m logic removed,,,,,IGNORE,❌ IGNORE,Weekly RSI 44.25 <= 50
2026-08-17 15:00:05,NSE:TEJASNET,523.8,51.46,53.53,-2.07,2026-08-17 15:00,41.05,54.76,-13.7,NO,,,,,,,15m logic removed,,,,,WATCH,👀 WATCH,"Weekly RSI 51.46 > 50, but Hourly RSI has not touched 30 (current 41.05)"
2026-08-17 15:00:06,NSE:TVSMOTOR,4372.9,68.43,67.22,1.2,2026-08-17 15:00,54.9,39.14,15.76,YES,,,,,,,15m logic removed,,,,,WATCH,👀 WATCH,"Weekly RSI 68.43 > 50, but Hourly RSI has not touched 30 (current 54.90)"
2026-08-17 15:00:07,NSE:UNIMECH,1514.9,75.27,76.02,-0.75,2026-08-17 15:00,69.41,74.28,-4.87,NO,,,,,,,15m logic removed,,,,,WATCH,👀 WATCH,"Weekly RSI 75.27 > 50, but Hourly RSI has not touched 30 (current 69.41)"
2026-08-17 15:00:08,NSE:UNITDSPR,1545.1,68.41,67.75,0.66,2026-08-17 15:00,59.91,54.93,4.98,YES,,,,,,,15m logic removed,,,,,WATCH,👀 WATCH,"Weekly RSI 68.41 > 50, but Hourly RSI has not touched 30 (current 59.91)"
2026-08-17 15:00:08,NSE:VIJAYA,1504.4,71.02,69.58,1.44,2026-08-17 15:00,61.76,50.58,11.18,YES,,,,,,,15m logic removed,,,,,WATCH,👀 WATCH,"Weekly RSI 71.02 > 50, but Hourly RSI has not touched 30 (current 61.76)"
2026-08-17 15:00:09,NSE:WELCORP,1874.1,88.48,88.47,0.01,2026-08-17 15:00,54.74,50.79,3.94,YES,,,,,,,15m logic removed,,,,,WATCH,👀 WATCH,"Weekly RSI 88.48 > 50, but Hourly RSI has not touched 30 (current 54.74)"
2026-08-17 15:00:10,NSE:ZENTEC,1861.2,59.1,58.95,0.15,2026-08-17 15:00,66.02,64.19,1.83,YES,,,,,,,15m logic removed,,,,,WATCH,👀 WATCH,"Weekly RSI 59.10 > 50, but Hourly RSI has not touched 30 (current 66.02)"
2026-08-17 15:00:11,NSE:ZFCVINDIA,2617.7,57.92,58.94,-1.02,2026-08-17 15:00,48.53,51.88,-3.35,NO,,,,,,,15m logic removed,,,,,WATCH,👀 WATCH,"Weekly RSI 57.92 > 50, but Hourly RSI has not touched 30 (current 48.53)"
2026-08-17 15:00:12,NSE:ZYDUSLIFE,1135.5,65.41,65.38,0.03,2026-08-17 15:00,36.0,35.75,0.25,YES,,,,,,,15m logic removed,,,,,WATCH,👀 WATCH,"Weekly RSI 65.41 > 50, but Hourly RSI has not touched 30 (current 36.00)"
2026-08-17 15:04:41,NSE:ABB,7662.5,63.56,63.4,0.16,2026-08-17 15:00,47.59,45.35,2.25,YES,,,,,,,15m logic removed,,,,,WATCH,👀 WATCH,"Weekly RSI 63.56 > 50, but Hourly RSI has not touched 30 (current 47.59)"
2026-08-17 15:04:42,NSE:ABBOTINDIA,26905.0,47.86,49.0,-1.14,2026-08-17 15:00,25.74,28.62,-2.88,NO,,,,,,,15m logic removed,,,,,IGNORE,❌ IGNORE,Weekly RSI 47.86 <= 50
2026-08-17 15:04:43,NSE:ACMESOLAR,365.0,62.33,65.76,-3.42,2026-08-17 15:00,35.84,49.08,-13.24,NO,,,,,,,15m logic removed,,,,,WATCH,👀 WATCH,"Weekly RSI 62.33 > 50, but Hourly RSI has not touched 30 (current 35.84)"
2026-08-17 15:04:44,NSE:AEGISLOG,1287.7,67.58,66.7,0.88,2026-08-17 15:00,53.75,40.29,13.46,YES,,,,,,,15m logic removed,,,,,WATCH,👀 WATCH,"Weekly RSI 67.58 > 50, but Hourly RSI has not touched 30 (current 53.75)"
2026-08-17 15:04:45,NSE:AEGISVOPAK,268.9,58.1,58.16,-0.07,2026-08-17 15:00,36.15,37.35,-1.21,NO,,,,,,,15m logic removed,,,,,WATCH,👀 WATCH,"Weekly RSI 58.10 > 50, but Hourly RSI has not touched 30 (current 36.15)"
2026-08-17 15:04:45,NSE:AFFLE,1695.1,62.2,60.66,1.54,2026-08-17 15:00,62.15,53.31,8.84,YES,,,,,,,15m logic removed,,,,,WATCH,👀 WATCH,"Weekly RSI 62.20 > 50, but Hourly RSI has not touched 30 (current 62.15)"
2026-08-17 15:04:46,NSE:AKUMS,747.6,72.55,70.82,1.73,2026-08-17 15:00,57.38,37.07,20.32,YES,,,,,,,15m logic removed,,,,,WATCH,👀 WATCH,"Weekly RSI 72.55 > 50, but Hourly RSI has not touched 30 (current 57.38)"
2026-08-17 15:04:47,NSE:ALIVUS,1394.2,78.72,78.41,0.31,2026-08-17 15:00,62.77,63.23,-0.47,NO,,,,,,,15m logic removed,,,,,WATCH,👀 WATCH,"Weekly RSI 78.72 > 50, but Hourly RSI has not touched 30 (current 62.77)"
2026-08-17 15:04:48,NSE:ANANDRATHI,2177.0,75.02,74.94,0.09,2026-08-17 15:00,53.7,50.58,3.12,YES,,,,,,,15m logic removed,,,,,WATCH,👀 WATCH,"Weekly RSI 75.02 > 50, but Hourly RSI has not touched 30 (current 53.70)"
2026-08-17 15:04:49,NSE:ANANTRAJ,625.05,60.66,61.58,-0.91,2026-08-17 15:00,57.53,65.18,-7.65,NO,,,,,,,15m logic removed,,,,,WATCH,👀 WATCH,"Weekly RSI 60.66 > 50, but Hourly RSI has not touched 30 (current 57.53)"
2026-08-17 15:04:50,NSE:APARINDS,16500.0,69.91,71.5,-1.59,2026-08-17 15:00,38.97,43.5,-4.53,NO,,,,,,,15m logic removed,,,,,WATCH,👀 WATCH,"Weekly RSI 69.91 > 50, but Hourly RSI has not touched 30 (current 38.97)"
2026-08-17 15:04:51,NSE:ARE&M,945.0,60.1,60.26,-0.16,2026-08-17 15:00,43.09,44.56,-1.47,NO,,,,,,,15m logic removed,,,,,WATCH,👀 WATCH,"Weekly RSI 60.10 > 50, but Hourly RSI has not touched 30 (current 43.09)"
2026-08-17 15:04:52,NSE:ASTERDM,820.0,60.19,60.6,-0.41,2026-08-17 15:00,35.51,38.99,-3.48,NO,,,,,,,15m logic removed,,,,,WATCH,👀 WATCH,"Weekly RSI 60.19 > 50, but Hourly RSI has not touched 30 (current 35.51)"
2026-08-17 15:04:52,NSE:ASTRAMICRO,1706.2,65.21,67.72,-2.51,2026-08-17 15:00,43.9,56.94,-13.04,NO,,,,,,,15m logic removed,,,,,WATCH,👀 WATCH,"Weekly RSI 65.21 > 50, but Hourly RSI has not touched 30 (current 43.90)"
2026-08-17 15:04:53,NSE:ATHERENERG,1485.6,78.16,80.74,-2.57,2026-08-17 15:00,37.32,49.75,-12.44,NO,,,,,,,15m logic removed,,,,,WATCH,👀 WATCH,"Weekly RSI 78.16 > 50, but Hourly RSI has not touched 30 (current 37.32)"
2026-08-17 15:04:54,NSE:AUROPHARMA,1628.5,67.5,67.08,0.42,2026-08-17 15:00,40.99,36.13,4.86,YES,,,,,,,15m logic removed,,,,,WATCH,👀 WATCH,"Weekly RSI 67.50 > 50, but Hourly RSI has not touched 30 (current 40.99)"
2026-08-17 15:04:55,NSE:BAJAJ-AUTO,11720.0,72.26,72.09,0.17,2026-08-17 15:00,52.74,50.25,2.49,YES,,,,,,,15m logic removed,,,,,WATCH,👀 WATCH,"Weekly RSI 72.26 > 50, but Hourly RSI has not touched 30 (current 52.74)"
2026-08-17 15:04:56,NSE:BALKRISIND,2397.2,54.72,53.61,1.12,2026-08-17 15:00,39.79,28.77,11.02,YES,,,,,,,15m logic removed,,,,,WATCH,👀 WATCH,"Weekly RSI 54.72 > 50, but Hourly RSI has not touched 30 (current 39.79)"
2026-08-17 15:04:57,NSE:BALRAMCHIN,657.5,74.13,70.01,4.12,2026-08-17 15:00,72.44,52.97,19.47,YES,,,,,,,15m logic removed,,,,,WATCH,👀 WATCH,"Weekly RSI 74.13 > 50, but Hourly RSI has not touched 30 (current 72.44)"
2026-08-17 15:04:58,NSE:BASF,4048.0,59.77,60.9,-1.13,2026-08-17 15:00,45.8,46.2,-0.39,NO,,,,,,,15m logic removed,,,,,WATCH,👀 WATCH,"Weekly RSI 59.77 > 50, but Hourly RSI has not touched 30 (current 45.80)"
2026-08-17 15:04:58,NSE:BLUEJET,593.55,59.15,58.18,0.97,2026-08-17 15:00,56.02,44.57,11.45,YES,,,,,,,15m logic removed,,,,,WATCH,👀 WATCH,"Weekly RSI 59.15 > 50, but Hourly RSI has not touched 30 (current 56.02)"
2026-08-17 15:04:59,NSE:BOSCHLTD,46915.0,72.19,72.96,-0.77,2026-08-17 15:00,64.22,68.93,-4.71,NO,,,,,,,15m logic removed,,,,,WATCH,👀 WATCH,"Weekly RSI 72.19 > 50, but Hourly RSI has not touched 30 (current 64.22)"
2026-08-17 15:05:00,NSE:CAPLIPOINT,2520.5,66.82,65.36,1.46,2026-08-17 15:00,51.28,43.22,8.07,YES,,,,,,,15m logic removed,,,,,WATCH,👀 WATCH,"Weekly RSI 66.82 > 50, but Hourly RSI has not touched 30 (current 51.28)"
2026-08-17 15:05:01,NSE:CARBORUNIV,1123.6,59.75,63.07,-3.32,2026-08-17 15:00,41.02,53.49,-12.47,NO,,,,,,,15m logic removed,,,,,WATCH,👀 WATCH,"Weekly RSI 59.75 > 50, but Hourly RSI has not touched 30 (current 41.02)"
2026-08-17 15:05:02,NSE:CGCL,226.58,59.23,59.2,0.03,2026-08-17 15:00,32.47,33.9,-1.44,NO,,,,,,,15m logic removed,,,,,WATCH,👀 WATCH,"Weekly RSI 59.23 > 50, but Hourly RSI has not touched 30 (current 32.47)"
2026-08-17 15:05:03,NSE:CHENNPETRO,1383.0,72.8,69.87,2.93,2026-08-17 15:00,62.96,43.2,19.75,YES,,,,,,,15m logic removed,,,,,WATCH,👀 WATCH,"Weekly RSI 72.80 > 50, but Hourly RSI has not touched 30 (current 62.96)"
2026-08-17 15:05:03,NSE:COFORGE,1804.7,67.13,67.69,-0.55,2026-08-17 15:00,46.38,51.16,-4.79,NO,,,,,,,15m logic removed,,,,,WATCH,👀 WATCH,"Weekly RSI 67.13 > 50, but Hourly RSI has not touched 30 (current 46.38)"
2026-08-17 15:05:04,NSE:COHANCE,442.55,48.96,48.61,0.36,2026-08-17 15:00,45.45,44.28,1.17,YES,,,,,,,15m logic removed,,,,,IGNORE,❌ IGNORE,Weekly RSI 48.96 <= 50
2026-08-17 15:05:05,NSE:CONCOR,522.35,55.83,56.92,-1.09,2026-08-17 15:00,47.5,54.08,-6.58,NO,,,,,,,15m logic removed,,,,,WATCH,👀 WATCH,"Weekly RSI 55.83 > 50, but Hourly RSI has not touched 30 (current 47.50)"
2026-08-17 15:05:06,NSE:CYIENTDLM,734.2,86.02,84.24,1.78,2026-08-17 15:00,64.99,47.59,17.4,YES,,,,,,,15m logic removed,,,,,WATCH,👀 WATCH,"Weekly RSI 86.02 > 50, but Hourly RSI has not touched 30 (current 64.99)"
2026-08-17 15:05:07,NSE:DATAPATTNS,4525.1,61.4,60.33,1.06,2026-08-17 15:00,56.65,47.42,9.23,YES,,,,,,,15m logic removed,,,,,WATCH,👀 WATCH,"Weekly RSI 61.40 > 50, but Hourly RSI has not touched 30 (current 56.65)"
2026-08-17 15:05:08,NSE:DEEPAKFERT,1499.8,57.23,57.01,0.22,2026-08-17 15:00,56.21,51.53,4.69,YES,,,,,,,15m logic removed,,,,,WATCH,👀 WATCH,"Weekly RSI 57.23 > 50, but Hourly RSI has not touched 30 (current 56.21)"
2026-08-17 15:05:09,NSE:DEVYANI,143.38,65.23,65.58,-0.35,2026-08-17 15:00,61.08,63.75,-2.67,NO,,,,,,,15m logic removed,,,,,WATCH,👀 WATCH,"Weekly RSI 65.23 > 50, but Hourly RSI has not touched 30 (current 61.08)"
2026-08-17 15:05:10,NSE:DIVISLAB,8525.5,83.77,83.43,0.34,2026-08-17 15:00,56.42,50.63,5.79,YES,,,,,,,15m logic removed,,,,,WATCH,👀 WATCH,"Weekly RSI 83.77 > 50, but Hourly RSI has not touched 30 (current 56.42)"
2026-08-17 15:05:11,NSE:ECLERX,1835.3,54.6,57.07,-2.47,2026-08-17 15:00,43.44,65.25,-21.82,NO,,,,,,,15m logic removed,,,,,WATCH,👀 WATCH,"Weekly RSI 54.60 > 50, but Hourly RSI has not touched 30 (current 43.44)"
2026-08-17 15:05:11,NSE:EMCURE,1879.0,61.15,66.26,-5.11,2026-08-17 15:00,19.7,28.2,-8.5,NO,,,,,,,15m logic removed,,,,,WATCH,👀 WATCH,Weekly RSI 61.15 > 50 + Hourly RSI touched 30 + 15m price confirmation failed (Close 1884.0 <= Previous High 1884.5)
2026-08-17 15:05:12,NSE:ENRIN,3601.3,56.98,55.76,1.22,2026-08-17 15:00,61.51,47.59,13.92,YES,,,,,,,15m logic removed,,,,,WATCH,👀 WATCH,"Weekly RSI 56.98 > 50, but Hourly RSI has not touched 30 (current 61.51)"
2026-08-17 15:05:13,NSE:ETERNAL,320.6,66.48,65.97,0.51,2026-08-17 15:00,59.57,54.74,4.83,YES,,,,,,,15m logic removed,,,,,WATCH,👀 WATCH,"Weekly RSI 66.48 > 50, but Hourly RSI has not touched 30 (current 59.57)"
2026-08-17 15:05:14,NSE:EXIDEIND,476.0,72.68,72.73,-0.04,2026-08-17 15:00,38.36,37.89,0.47,YES,,,,,,,15m logic removed,,,,,WATCH,👀 WATCH,"Weekly RSI 72.68 > 50, but Hourly RSI has not touched 30 (current 38.36)"
2026-08-17 15:05:15,NSE:FEDERALBNK,355.25,73.97,72.83,1.14,2026-08-17 15:00,54.73,40.82,13.92,YES,,,,,,,15m logic removed,,,,,WATCH,👀 WATCH,"Weekly RSI 73.97 > 50, but Hourly RSI has not touched 30 (current 54.73)"
2026-08-17 15:05:16,NSE:FINCABLES,1316.75,68.77,65.92,2.85,2026-08-17 15:00,75.5,62.89,12.61,YES,,,,,,,15m logic removed,,,,,WATCH,👀 WATCH,"Weekly RSI 68.77 > 50, but Hourly RSI has not touched 30 (current 75.50)"
2026-08-17 15:05:17,NSE:FLUOROCHEM,4701.8,71.0,72.33,-1.33,2026-08-17 15:00,51.3,54.33,-3.03,NO,,,,,,,15m logic removed,,,,,WATCH,👀 WATCH,"Weekly RSI 71.00 > 50, but Hourly RSI has not touched 30 (current 51.30)"
2026-08-17 15:05:18,NSE:GLAND,2918.0,76.51,79.58,-3.07,2026-08-17 15:00,52.96,65.46,-12.5,NO,,,,,,,15m logic removed,,,,,WATCH,👀 WATCH,"Weekly RSI 76.51 > 50, but Hourly RSI has not touched 30 (current 52.96)"
2026-08-17 15:05:18,NSE:GRANULES,862.25,66.82,66.44,0.38,2026-08-17 15:00,55.89,43.58,12.31,YES,,,,,,,15m logic removed,,,,,WATCH,👀 WATCH,"Weekly RSI 66.82 > 50, but Hourly RSI has not touched 30 (current 55.89)"
2026-08-17 15:05:19,NSE:GRAPHITE,729.15,59.59,58.71,0.88,2026-08-17 15:00,50.97,42.82,8.14,YES,,,,,,,15m logic removed,,,,,WATCH,👀 WATCH,"Weekly RSI 59.59 > 50, but Hourly RSI has not touched 30 (current 50.97)"
2026-08-17 15:05:20,NSE:GVT&D,4294.6,50.7,51.65,-0.95,2026-08-17 15:00,42.91,50.84,-7.93,NO,,,,,,,15m logic removed,,,,,WATCH,👀 WATCH,"Weekly RSI 50.70 > 50, but Hourly RSI has not touched 30 (current 42.91)"
2026-08-17 15:05:21,NSE:HEG,699.15,67.46,67.84,-0.38,2026-08-17 15:00,58.48,58.54,-0.06,NO,,,,,,,15m logic removed,,,,,WATCH,👀 WATCH,"Weekly RSI 67.46 > 50, but Hourly RSI has not touched 30 (current 58.48)"
2026-08-17 15:05:22,NSE:HEROMOTOCO,5776.0,63.37,63.8,-0.43,2026-08-17 15:00,43.44,45.35,-1.91,NO,,,,,,,15m logic removed,,,,,WATCH,👀 WATCH,"Weekly RSI 63.37 > 50, but Hourly RSI has not touched 30 (current 43.44)"
2026-08-17 15:05:23,NSE:HFCL,219.78,74.4,76.42,-2.02,2026-08-17 15:00,46.19,52.38,-6.19,NO,,,,,,,15m logic removed,,,,,WATCH,👀 WATCH,"Weekly RSI 74.40 > 50, but Hourly RSI has not touched 30 (current 46.19)"
2026-08-17 15:05:24,NSE:HONASA,482.65,71.53,79.49,-7.96,2026-08-17 15:00,50.0,70.24,-20.25,NO,,,,,,,15m logic removed,,,,,WATCH,👀 WATCH,"Weekly RSI 71.53 > 50, but Hourly RSI has not touched 30 (current 50.00)"
2026-08-17 15:05:25,NSE:HONAUT,36450.0,53.6,56.32,-2.72,2026-08-17 15:00,27.73,42.78,-15.05,NO,,,,,,,15m logic removed,,,,,WATCH,👀 WATCH,Weekly RSI 53.60 > 50 + Hourly RSI touched 30 + 15m price confirmation failed (Close 36455.0 <= Previous High 36475.0)
2026-08-17 15:05:25,NSE:HSCL,785.75,72.77,72.38,0.38,2026-08-17 15:00,64.68,59.78,4.9,YES,,,,,,,15m logic removed,,,,,WATCH,👀 WATCH,"Weekly RSI 72.77 > 50, but Hourly RSI has not touched 30 (current 64.68)"
2026-08-17 15:05:26,NSE:IFCI,79.0,60.4,58.71,1.69,2026-08-17 15:00,70.21,57.27,12.94,YES,,,,,,,15m logic removed,,,,,WATCH,👀 WATCH,"Weekly RSI 60.40 > 50, but Hourly RSI has not touched 30 (current 70.21)"
2026-08-17 15:05:27,NSE:IIFL,628.7,70.36,71.07,-0.71,2026-08-17 15:00,51.71,57.3,-5.58,NO,,,,,,,15m logic removed,,,,,WATCH,👀 WATCH,"Weekly RSI 70.36 > 50, but Hourly RSI has not touched 30 (current 51.71)"
2026-08-17 15:05:28,NSE:INOXINDIA,1954.7,73.28,72.82,0.46,2026-08-17 15:00,57.73,52.71,5.02,YES,,,,,,,15m logic removed,,,,,WATCH,👀 WATCH,"Weekly RSI 73.28 > 50, but Hourly RSI has not touched 30 (current 57.73)"
2026-08-17 15:05:29,NSE:IPCALAB,1883.8,65.64,57.98,7.66,2026-08-17 15:00,73.7,42.38,31.31,YES,,,,,,,15m logic removed,,,,,WATCH,👀 WATCH,"Weekly RSI 65.64 > 50, but Hourly RSI has not touched 30 (current 73.70)"
2026-08-17 15:05:30,NSE:J&KBANK,148.35,51.67,55.42,-3.75,2026-08-17 15:00,20.37,39.74,-19.38,NO,,,,,,,15m logic removed,,,,,WATCH,👀 WATCH,Weekly RSI 51.67 > 50 + Hourly RSI touched 30 + 15m price confirmation failed (Close 148.47 <= Previous High 148.86)
2026-08-17 15:05:31,NSE:JINDALSAW,269.8,62.06,61.29,0.77,2026-08-17 15:00,54.32,45.67,8.66,YES,,,,,,,15m logic removed,,,,,WATCH,👀 WATCH,"Weekly RSI 62.06 > 50, but Hourly RSI has not touched 30 (current 54.32)"
2026-08-17 15:05:32,NSE:JSWINFRA,335.1,62.91,64.84,-1.92,2026-08-17 15:00,38.52,47.04,-8.51,NO,,,,,,,15m logic removed,,,,,WATCH,👀 WATCH,"Weekly RSI 62.91 > 50, but Hourly RSI has not touched 30 (current 38.52)"
2026-08-17 15:05:32,NSE:JUBLFOOD,510.9,60.63,59.24,1.39,2026-08-17 15:00,68.23,63.35,4.88,YES,,,,,,,15m logic removed,,,,,WATCH,👀 WATCH,"Weekly RSI 60.63 > 50, but Hourly RSI has not touched 30 (current 68.23)"
2026-08-17 15:05:33,NSE:KAJARIACER,1249.9,63.19,63.7,-0.5,2026-08-17 15:00,54.88,62.25,-7.37,NO,,,,,,,15m logic removed,,,,,WATCH,👀 WATCH,"Weekly RSI 63.19 > 50, but Hourly RSI has not touched 30 (current 54.88)"
2026-08-17 15:05:34,NSE:KALYANKJIL,608.8,71.87,71.82,0.05,2026-08-17 15:00,52.99,52.37,0.62,YES,,,,,,,15m logic removed,,,,,WATCH,👀 WATCH,"Weekly RSI 71.87 > 50, but Hourly RSI has not touched 30 (current 52.99)"
2026-08-17 15:05:35,NSE:KAYNES,3659.0,48.44,48.47,-0.02,2026-08-17 15:00,33.82,34.0,-0.18,NO,,,,,,,15m logic removed,,,,,IGNORE,❌ IGNORE,Weekly RSI 48.44 <= 50
2026-08-17 15:05:36,NSE:KIRLOSENG,2103.1,59.08,58.99,0.09,2026-08-17 15:00,52.65,51.61,1.04,YES,,,,,,,15m logic removed,,,,,WATCH,👀 WATCH,"Weekly RSI 59.08 > 50, but Hourly RSI has not touched 30 (current 52.65)"
2026-08-17 15:05:37,NSE:KPIL,1400.2,64.58,60.2,4.38,2026-08-17 15:00,63.42,45.74,17.69,YES,,,,,,,15m logic removed,,,,,WATCH,👀 WATCH,"Weekly RSI 64.58 > 50, but Hourly RSI has not touched 30 (current 63.42)"
2026-08-17 15:05:38,NSE:LALPATHLAB,1883.4,69.09,72.68,-3.59,2026-08-17 15:00,22.0,29.71,-7.71,NO,,,,,,,15m logic removed,,,,,WATCH,👀 WATCH,Weekly RSI 69.09 > 50 + Hourly RSI touched 30 + 15m price confirmation failed (Close 1876.0 <= Previous High 1888.8)
2026-08-17 15:05:39,NSE:LAURUSLABS,1803.0,80.08,79.62,0.46,2026-08-17 15:00,38.13,27.84,10.29,YES,,,,,,,15m logic removed,,,,,WATCH,👀 WATCH,"Weekly RSI 80.08 > 50, but Hourly RSI has not touched 30 (current 38.13)"
2026-08-17 15:05:40,NSE:LLOYDSME,1943.9,64.45,63.36,1.08,2026-08-17 15:00,50.94,40.36,10.59,YES,,,,,,,15m logic removed,,,,,WATCH,👀 WATCH,"Weekly RSI 64.45 > 50, but Hourly RSI has not touched 30 (current 50.94)"
2026-08-17 15:05:40,NSE:LODHA,1252.4,64.22,63.8,0.42,2026-08-17 15:00,63.31,59.28,4.03,YES,,,,,,,15m logic removed,,,,,WATCH,👀 WATCH,"Weekly RSI 64.22 > 50, but Hourly RSI has not touched 30 (current 63.31)"
2026-08-17 15:05:41,NSE:LTM,4702.6,57.13,57.49,-0.37,2026-08-17 15:00,44.76,46.99,-2.23,NO,,,,,,,15m logic removed,,,,,WATCH,👀 WATCH,"Weekly RSI 57.13 > 50, but Hourly RSI has not touched 30 (current 44.76)"
2026-08-17 15:05:42,NSE:LTTS,3529.8,50.03,48.22,1.81,2026-08-17 15:00,44.6,31.86,12.73,YES,,,,,,,15m logic removed,,,,,WATCH,👀 WATCH,"Weekly RSI 50.03 > 50, but Hourly RSI has not touched 30 (current 44.60)"
2026-08-17 15:05:43,NSE:M&MFIN,388.5,61.95,62.42,-0.46,2026-08-17 15:00,32.63,34.16,-1.52,NO,,,,,,,15m logic removed,,,,,WATCH,👀 WATCH,"Weekly RSI 61.95 > 50, but Hourly RSI has not touched 30 (current 32.63)"
2026-08-17 15:05:44,NSE:MANYAVAR,540.25,66.94,65.4,1.54,2026-08-17 15:00,73.27,63.87,9.41,YES,,,,,,,15m logic removed,,,,,WATCH,👀 WATCH,"Weekly RSI 66.94 > 50, but Hourly RSI has not touched 30 (current 73.27)"
2026-08-17 15:05:45,NSE:MINDACORP,724.4,70.7,70.15,0.55,2026-08-17 15:00,47.08,44.12,2.96,YES,,,,,,,15m logic removed,,,,,WATCH,👀 WATCH,"Weekly RSI 70.70 > 50, but Hourly RSI has not touched 30 (current 47.08)"
2026-08-17 15:05:46,NSE:MMTC,63.77,49.02,49.89,-0.88,2026-08-17 15:00,42.07,50.32,-8.25,NO,,,,,,,15m logic removed,,,,,IGNORE,❌ IGNORE,Weekly RSI 49.02 <= 50
2026-08-17 15:05:47,NSE:MRPL,177.01,56.63,53.37,3.25,2026-08-17 15:00,63.53,42.0,21.53,YES,,,,,,,15m logic removed,,,,,WATCH,👀 WATCH,"Weekly RSI 56.63 > 50, but Hourly RSI has not touched 30 (current 63.53)"
2026-08-17 15:05:47,NSE:NAUKRI,1356.5,70.97,70.25,0.73,2026-08-17 15:00,60.86,54.38,6.48,YES,,,,,,,15m logic removed,,,,,WATCH,👀 WATCH,"Weekly RSI 70.97 > 50, but Hourly RSI has not touched 30 (current 60.86)"
2026-08-17 15:05:49,NSE:NAVINFLUOR,8155.5,72.84,75.35,-2.51,2026-08-17 15:00,35.8,45.31,-9.51,NO,,,,,,,15m logic removed,,,,,WATCH,👀 WATCH,"Weekly RSI 72.84 > 50, but Hourly RSI has not touched 30 (current 35.80)"
2026-08-17 15:05:50,NSE:NAZARA,350.35,69.87,72.74,-2.88,2026-08-17 15:00,40.46,53.02,-12.56,NO,,,,,,,15m logic removed,,,,,WATCH,👀 WATCH,"Weekly RSI 69.87 > 50, but Hourly RSI has not touched 30 (current 40.46)"
2026-08-17 15:05:51,NSE:NETWEB,5209.0,66.1,63.88,2.22,2026-08-17 15:00,67.3,51.26,16.04,YES,,,,,,,15m logic removed,,,,,WATCH,👀 WATCH,"Weekly RSI 66.10 > 50, but Hourly RSI has not touched 30 (current 67.30)"
2026-08-17 15:05:52,NSE:NEULANDLAB,23676.0,78.21,77.48,0.72,2026-08-17 15:00,74.63,67.62,7.01,YES,,,,,,,15m logic removed,,,,,WATCH,👀 WATCH,"Weekly RSI 78.21 > 50, but Hourly RSI has not touched 30 (current 74.63)"
2026-08-17 15:05:53,NSE:NUVAMA,1727.9,55.35,53.12,2.22,2026-08-17 15:00,63.11,38.18,24.93,YES,,,,,,,15m logic removed,,,,,WATCH,👀 WATCH,"Weekly RSI 55.35 > 50, but Hourly RSI has not touched 30 (current 63.11)"
2026-08-17 15:05:54,NSE:OFSS,11775.0,67.36,68.0,-0.64,2026-08-17 15:00,58.07,62.44,-4.37,NO,,,,,,,15m logic removed,,,,,WATCH,👀 WATCH,"Weekly RSI 67.36 > 50, but Hourly RSI has not touched 30 (current 58.07)"
2026-08-17 15:05:55,NSE:OLECTRA,1321.6,51.93,51.64,0.3,2026-08-17 15:00,29.48,24.79,4.7,YES,,,,,,,15m logic removed,,,,,WATCH,👀 WATCH,Weekly RSI 51.93 > 50 + Hourly RSI touched 30 + 15m price confirmation failed (Close 1318.1 <= Previous High 1321.9)
2026-08-17 15:05:56,NSE:PARAS,1387.3,70.27,69.95,0.32,2026-08-17 15:00,71.85,67.93,3.93,YES,,,,,,,15m logic removed,,,,,WATCH,👀 WATCH,"Weekly RSI 70.27 > 50, but Hourly RSI has not touched 30 (current 71.85)"
2026-08-17 15:05:57,NSE:PAYTM,1587.4,72.09,73.5,-1.41,2026-08-17 15:00,44.99,51.7,-6.71,NO,,,,,,,15m logic removed,,,,,WATCH,👀 WATCH,"Weekly RSI 72.09 > 50, but Hourly RSI has not touched 30 (current 44.99)"
2026-08-17 15:05:58,NSE:POLICYBZR,1734.5,57.95,58.48,-0.53,2026-08-17 15:00,58.64,63.16,-4.51,NO,,,,,,,15m logic removed,,,,,WATCH,👀 WATCH,"Weekly RSI 57.95 > 50, but Hourly RSI has not touched 30 (current 58.64)"
2026-08-17 15:05:59,NSE:POLYMED,1727.0,56.64,60.69,-4.05,2026-08-17 15:00,31.7,42.81,-11.11,NO,,,,,,,15m logic removed,,,,,WATCH,👀 WATCH,"Weekly RSI 56.64 > 50, but Hourly RSI has not touched 30 (current 31.70)"
2026-08-17 15:06:00,NSE:POONAWALLA,497.6,63.11,63.21,-0.09,2026-08-17 15:00,60.33,59.54,0.8,YES,,,,,,,15m logic removed,,,,,WATCH,👀 WATCH,"Weekly RSI 63.11 > 50, but Hourly RSI has not touched 30 (current 60.33)"
2026-08-17 15:06:01,NSE:POWERINDIA,35565.0,61.95,62.34,-0.39,2026-08-17 15:00,56.09,59.66,-3.56,NO,,,,,,,15m logic removed,,,,,WATCH,👀 WATCH,"Weekly RSI 61.95 > 50, but Hourly RSI has not touched 30 (current 56.09)"
2026-08-17 15:06:02,NSE:PPLPHARMA,204.87,67.32,68.8,-1.48,2026-08-17 15:00,36.37,44.41,-8.04,NO,,,,,,,15m logic removed,,,,,WATCH,👀 WATCH,"Weekly RSI 67.32 > 50, but Hourly RSI has not touched 30 (current 36.37)"
2026-08-17 15:06:03,NSE:PVRINOX,1191.6,69.84,68.44,1.4,2026-08-17 15:00,59.17,46.36,12.82,YES,,,,,,,15m logic removed,,,,,WATCH,👀 WATCH,"Weekly RSI 69.84 > 50, but Hourly RSI has not touched 30 (current 59.17)"
2026-08-17 15:06:03,NSE:RADICO,4659.2,86.74,86.65,0.09,2026-08-17 15:00,65.0,63.51,1.49,YES,,,,,,,15m logic removed,,,,,WATCH,👀 WATCH,"Weekly RSI 86.74 > 50, but Hourly RSI has not touched 30 (current 65.00)"
2026-08-17 15:06:05,NSE:REDINGTON,332.9,64.64,64.98,-0.34,2026-08-17 15:00,29.57,31.43,-1.87,NO,,,,,,,15m logic removed,,,,,WATCH,👀 WATCH,Weekly RSI 64.64 > 50 + Hourly RSI touched 30 + 15m price confirmation failed (Close 331.7 <= Previous High 332.5)
2026-08-17 15:06:06,NSE:RKFORGE,753.0,74.08,72.41,1.67,2026-08-17 15:00,66.2,47.74,18.45,YES,,,,,,,15m logic removed,,,,,WATCH,👀 WATCH,"Weekly RSI 74.08 > 50, but Hourly RSI has not touched 30 (current 66.20)"
2026-08-17 15:06:07,NSE:RRKABEL,2746.0,75.06,77.31,-2.25,2026-08-17 15:00,39.06,49.34,-10.28,NO,,,,,,,15m logic removed,,,,,WATCH,👀 WATCH,"Weekly RSI 75.06 > 50, but Hourly RSI has not touched 30 (current 39.06)"
2026-08-17 15:06:08,NSE:SAILIFE,1413.9,74.72,80.21,-5.5,2026-08-17 15:00,34.67,47.04,-12.38,NO,,,,,,,15m logic removed,,,,,WATCH,👀 WATCH,"Weekly RSI 74.72 > 50, but Hourly RSI has not touched 30 (current 34.67)"
2026-08-17 15:06:09,NSE:SAPPHIRE,234.82,63.45,63.42,0.03,2026-08-17 15:00,57.4,57.04,0.36,YES,,,,,,,15m logic removed,,,,,WATCH,👀 WATCH,"Weekly RSI 63.45 > 50, but Hourly RSI has not touched 30 (current 57.40)"
2026-08-17 15:06:10,NSE:SAREGAMA,524.5,72.39,73.51,-1.12,2026-08-17 15:00,48.22,54.77,-6.55,NO,,,,,,,15m logic removed,,,,,WATCH,👀 WATCH,"Weekly RSI 72.39 > 50, but Hourly RSI has not touched 30 (current 48.22)"
2026-08-17 15:06:11,NSE:SCHAEFFLER,4023.0,48.63,49.35,-0.72,2026-08-17 15:00,35.03,37.92,-2.89,NO,,,,,,,15m logic removed,,,,,IGNORE,❌ IGNORE,Weekly RSI 48.63 <= 50
2026-08-17 15:06:12,NSE:SCHNEIDER,1202.0,50.86,61.78,-10.91,2026-08-17 15:00,15.39,42.18,-26.79,NO,,,,,,,15m logic removed,,,,,WATCH,👀 WATCH,Weekly RSI 50.86 > 50 + Hourly RSI touched 30 + 15m price confirmation failed (Close 1209.0 <= Previous High 1217.0)
2026-08-17 15:06:13,NSE:SIEMENS,3950.0,62.66,62.39,0.27,2026-08-17 15:00,45.83,42.88,2.96,YES,,,,,,,15m logic removed,,,,,WATCH,👀 WATCH,"Weekly RSI 62.66 > 50, but Hourly RSI has not touched 30 (current 45.83)"
2026-08-17 15:06:14,NSE:SOLARINDS,19959.0,71.22,71.31,-0.1,2026-08-17 15:00,63.83,64.15,-0.32,NO,,,,,,,15m logic removed,,,,,WATCH,👀 WATCH,"Weekly RSI 71.22 > 50, but Hourly RSI has not touched 30 (current 63.83)"
2026-08-17 15:06:14,NSE:SONACOMS,805.35,77.33,76.36,0.98,2026-08-17 15:00,57.15,40.31,16.84,YES,,,,,,,15m logic removed,,,,,WATCH,👀 WATCH,"Weekly RSI 77.33 > 50, but Hourly RSI has not touched 30 (current 57.15)"
2026-08-17 15:06:15,NSE:SONATSOFTW,320.4,56.29,57.83,-1.54,2026-08-17 15:00,42.7,52.07,-9.37,NO,,,,,,,15m logic removed,,,,,WATCH,👀 WATCH,"Weekly RSI 56.29 > 50, but Hourly RSI has not touched 30 (current 42.70)"
2026-08-17 15:06:16,NSE:STARHEALTH,584.85,62.27,62.37,-0.09,2026-08-17 15:00,53.74,53.98,-0.25,NO,,,,,,,15m logic removed,,,,,WATCH,👀 WATCH,"Weekly RSI 62.27 > 50, but Hourly RSI has not touched 30 (current 53.74)"
2026-08-17 15:06:18,NSE:SUNDRMFAST,1213.8,80.82,81.5,-0.68,2026-08-17 15:00,57.37,61.06,-3.69,NO,,,,,,,15m logic removed,,,,,WATCH,👀 WATCH,"Weekly RSI 80.82 > 50, but Hourly RSI has not touched 30 (current 57.37)"
2026-08-17 15:06:19,NSE:SYRMA,1466.4,69.42,69.38,0.05,2026-08-17 15:00,48.47,45.33,3.14,YES,,,,,,,15m logic removed,,,,,WATCH,👀 WATCH,"Weekly RSI 69.42 > 50, but Hourly RSI has not touched 30 (current 48.47)"
2026-08-17 15:06:20,NSE:TATATECH,842.0,66.42,70.86,-4.44,2026-08-17 15:00,38.93,56.91,-17.98,NO,,,,,,,15m logic removed,,,,,WATCH,👀 WATCH,"Weekly RSI 66.42 > 50, but Hourly RSI has not touched 30 (current 38.93)"
2026-08-17 15:06:20,NSE:TBOTEK,1695.0,67.54,64.85,2.69,2026-08-17 15:00,70.39,51.95,18.44,YES,,,,,,,15m logic removed,,,,,WATCH,👀 WATCH,"Weekly RSI 67.54 > 50, but Hourly RSI has not touched 30 (current 70.39)"
2026-08-17 15:06:21,NSE:TCS,2314.6,44.21,46.4,-2.19,2026-08-17 15:00,31.06,44.8,-13.74,NO,,,,,,,15m logic removed,,,,,IGNORE,❌ IGNORE,Weekly RSI 44.21 <= 50
2026-08-17 15:06:22,NSE:TEJASNET,522.95,51.35,53.53,-2.18,2026-08-17 15:00,40.3,54.76,-14.46,NO,,,,,,,15m logic removed,,,,,WATCH,👀 WATCH,"Weekly RSI 51.35 > 50, but Hourly RSI has not touched 30 (current 40.30)"
2026-08-17 15:06:23,NSE:TVSMOTOR,4363.3,68.26,67.22,1.03,2026-08-17 15:00,53.13,39.14,13.99,YES,,,,,,,15m logic removed,,,,,WATCH,👀 WATCH,"Weekly RSI 68.26 > 50, but Hourly RSI has not touched 30 (current 53.13)"
2026-08-17 15:06:24,NSE:UNIMECH,1514.2,75.2,76.02,-0.82,2026-08-17 15:00,69.06,74.28,-5.22,NO,,,,,,,15m logic removed,,,,,WATCH,👀 WATCH,"Weekly RSI 75.20 > 50, but Hourly RSI has not touched 30 (current 69.06)"
2026-08-17 15:06:25,NSE:UNITDSPR,1545.4,68.43,67.75,0.68,2026-08-17 15:00,60.06,54.93,5.12,YES,,,,,,,15m logic removed,,,,,WATCH,👀 WATCH,"Weekly RSI 68.43 > 50, but Hourly RSI has not touched 30 (current 60.06)"
2026-08-17 15:06:26,NSE:VIJAYA,1506.0,71.09,69.58,1.51,2026-08-17 15:00,62.13,50.58,11.55,YES,,,,,,,15m logic removed,,,,,WATCH,👀 WATCH,"Weekly RSI 71.09 > 50, but Hourly RSI has not touched 30 (current 62.13)"
2026-08-17 15:06:27,NSE:WELCORP,1882.8,88.62,88.47,0.16,2026-08-17 15:00,59.38,50.79,8.58,YES,,,,,,,15m logic removed,,,,,WATCH,👀 WATCH,"Weekly RSI 88.62 > 50, but Hourly RSI has not touched 30 (current 59.38)"
2026-08-17 15:06:28,NSE:ZENTEC,1859.7,59.04,58.95,0.09,2026-08-17 15:00,65.59,64.19,1.4,YES,,,,,,,15m logic removed,,,,,WATCH,👀 WATCH,"Weekly RSI 59.04 > 50, but Hourly RSI has not touched 30 (current 65.59)"
2026-08-17 15:06:29,NSE:ZFCVINDIA,2620.0,58.04,58.94,-0.9,2026-08-17 15:00,49.54,51.88,-2.34,NO,,,,,,,15m logic removed,,,,,WATCH,👀 WATCH,"Weekly RSI 58.04 > 50, but Hourly RSI has not touched 30 (current 49.54)"
2026-08-17 15:06:30,NSE:ZYDUSLIFE,1135.2,65.38,65.38,0.0,2026-08-17 15:00,35.75,35.75,0.0,NO,,,,,,,15m logic removed,,,,,WATCH,👀 WATCH,"Weekly RSI 65.38 > 50, but Hourly RSI has not touched 30 (current 35.75)"
2026-08-17 15:13:20,NSE:ABB,7683.5,63.8,63.4,0.4,2026-08-17 15:00,50.74,45.35,5.4,YES,,,,,,,15m logic removed,,,,,WATCH,👀 WATCH,"Weekly RSI 63.80 > 50, but Hourly RSI has not touched 30 (current 50.74)"
2026-08-17 15:13:21,NSE:ABBOTINDIA,26900.0,47.83,49.0,-1.17,2026-08-17 15:00,25.65,28.62,-2.97,NO,,,,,,,15m logic removed,,,,,IGNORE,❌ IGNORE,Weekly RSI 47.83 <= 50
2026-08-17 15:13:22,NSE:ACMESOLAR,365.0,62.33,65.76,-3.42,2026-08-17 15:00,35.84,49.08,-13.24,NO,,,,,,,15m logic removed,,,,,WATCH,👀 WATCH,"Weekly RSI 62.33 > 50, but Hourly RSI has not touched 30 (current 35.84)"
2026-08-17 15:13:23,NSE:AEGISLOG,1288.0,67.59,66.7,0.89,2026-08-17 15:00,53.87,40.29,13.58,YES,,,,,,,15m logic removed,,,,,WATCH,👀 WATCH,"Weekly RSI 67.59 > 50, but Hourly RSI has not touched 30 (current 53.87)"
2026-08-17 15:13:24,NSE:AEGISVOPAK,268.8,58.06,58.16,-0.1,2026-08-17 15:00,35.97,37.35,-1.38,NO,,,,,,,15m logic removed,,,,,WATCH,👀 WATCH,"Weekly RSI 58.06 > 50, but Hourly RSI has not touched 30 (current 35.97)"
2026-08-17 15:13:24,NSE:AFFLE,1707.2,62.87,60.66,2.21,2026-08-17 15:00,65.32,53.31,12.01,YES,,,,,,,15m logic removed,,,,,WATCH,👀 WATCH,"Weekly RSI 62.87 > 50, but Hourly RSI has not touched 30 (current 65.32)"
2026-08-17 15:13:25,NSE:AKUMS,742.15,72.12,70.82,1.3,2026-08-17 15:00,53.82,37.07,16.75,YES,,,,,,,15m logic removed,,,,,WATCH,👀 WATCH,"Weekly RSI 72.12 > 50, but Hourly RSI has not touched 30 (current 53.82)"
2026-08-17 15:13:26,NSE:ALIVUS,1395.0,78.75,78.41,0.34,2026-08-17 15:00,63.27,63.23,0.04,YES,,,,,,,15m logic removed,,,,,WATCH,👀 WATCH,"Weekly RSI 78.75 > 50, but Hourly RSI has not touched 30 (current 63.27)"
2026-08-17 15:13:27,NSE:ANANDRATHI,2174.9,74.94,74.94,0.01,2026-08-17 15:00,52.39,50.58,1.8,YES,,,,,,,15m logic removed,,,,,WATCH,👀 WATCH,"Weekly RSI 74.94 > 50, but Hourly RSI has not touched 30 (current 52.39)"
2026-08-17 15:13:27,NSE:ANANTRAJ,625.6,60.76,61.58,-0.81,2026-08-17 15:00,58.29,65.18,-6.89,NO,,,,,,,15m logic removed,,,,,WATCH,👀 WATCH,"Weekly RSI 60.76 > 50, but Hourly RSI has not touched 30 (current 58.29)"
2026-08-17 15:13:28,NSE:APARINDS,16524.0,70.1,71.5,-1.4,2026-08-17 15:00,39.46,43.5,-4.03,NO,,,,,,,15m logic removed,,,,,WATCH,👀 WATCH,"Weekly RSI 70.10 > 50, but Hourly RSI has not touched 30 (current 39.46)"
2026-08-17 15:13:29,NSE:ARE&M,944.45,60.0,60.26,-0.26,2026-08-17 15:00,42.69,44.56,-1.87,NO,,,,,,,15m logic removed,,,,,WATCH,👀 WATCH,"Weekly RSI 60.00 > 50, but Hourly RSI has not touched 30 (current 42.69)"
2026-08-17 15:13:30,NSE:ASTERDM,820.0,60.19,60.6,-0.41,2026-08-17 15:00,35.51,38.99,-3.48,NO,,,,,,,15m logic removed,,,,,WATCH,👀 WATCH,"Weekly RSI 60.19 > 50, but Hourly RSI has not touched 30 (current 35.51)"
2026-08-17 15:13:31,NSE:ASTRAMICRO,1710.5,65.53,67.72,-2.19,2026-08-17 15:00,45.18,56.94,-11.76,NO,,,,,,,15m logic removed,,,,,WATCH,👀 WATCH,"Weekly RSI 65.53 > 50, but Hourly RSI has not touched 30 (current 45.18)"
2026-08-17 15:13:31,NSE:ATHERENERG,1488.0,78.39,80.74,-2.34,2026-08-17 15:00,38.07,49.75,-11.69,NO,,,,,,,15m logic removed,,,,,WATCH,👀 WATCH,"Weekly RSI 78.39 > 50, but Hourly RSI has not touched 30 (current 38.07)"
2026-08-17 15:13:32,NSE:AUROPHARMA,1623.1,67.15,67.08,0.07,2026-08-17 15:00,36.95,36.13,0.81,YES,,,,,,,15m logic removed,,,,,WATCH,👀 WATCH,"Weekly RSI 67.15 > 50, but Hourly RSI has not touched 30 (current 36.95)"
2026-08-17 15:13:33,NSE:BAJAJ-AUTO,11706.0,72.14,72.09,0.05,2026-08-17 15:00,51.02,50.25,0.77,YES,,,,,,,15m logic removed,,,,,WATCH,👀 WATCH,"Weekly RSI 72.14 > 50, but Hourly RSI has not touched 30 (current 51.02)"
2026-08-17 15:13:34,NSE:BALKRISIND,2393.0,54.59,53.61,0.98,2026-08-17 15:00,38.2,28.77,9.43,YES,,,,,,,15m logic removed,,,,,WATCH,👀 WATCH,"Weekly RSI 54.59 > 50, but Hourly RSI has not touched 30 (current 38.20)"
2026-08-17 15:13:34,NSE:BALRAMCHIN,655.45,73.91,70.01,3.9,2026-08-17 15:00,71.7,52.97,18.73,YES,,,,,,,15m logic removed,,,,,WATCH,👀 WATCH,"Weekly RSI 73.91 > 50, but Hourly RSI has not touched 30 (current 71.70)"
2026-08-17 15:13:35,NSE:BASF,4048.0,59.77,60.9,-1.13,2026-08-17 15:00,45.8,46.2,-0.39,NO,,,,,,,15m logic removed,,,,,WATCH,👀 WATCH,"Weekly RSI 59.77 > 50, but Hourly RSI has not touched 30 (current 45.80)"
2026-08-17 15:13:36,NSE:BLUEJET,593.25,59.12,58.18,0.94,2026-08-17 15:00,55.65,44.57,11.08,YES,,,,,,,15m logic removed,,,,,WATCH,👀 WATCH,"Weekly RSI 59.12 > 50, but Hourly RSI has not touched 30 (current 55.65)"
2026-08-17 15:13:37,NSE:BOSCHLTD,46970.0,72.41,72.96,-0.54,2026-08-17 15:00,65.55,68.93,-3.38,NO,,,,,,,15m logic removed,,,,,WATCH,👀 WATCH,"Weekly RSI 72.41 > 50, but Hourly RSI has not touched 30 (current 65.55)"
2026-08-17 15:13:37,NSE:CAPLIPOINT,2516.9,66.69,65.36,1.33,2026-08-17 15:00,50.48,43.22,7.26,YES,,,,,,,15m logic removed,,,,,WATCH,👀 WATCH,"Weekly RSI 66.69 > 50, but Hourly RSI has not touched 30 (current 50.48)"
2026-08-17 15:13:38,NSE:CARBORUNIV,1121.4,59.51,63.07,-3.57,2026-08-17 15:00,40.33,53.49,-13.16,NO,,,,,,,15m logic removed,,,,,WATCH,👀 WATCH,"Weekly RSI 59.51 > 50, but Hourly RSI has not touched 30 (current 40.33)"
2026-08-17 15:13:39,NSE:CGCL,226.43,59.15,59.2,-0.06,2026-08-17 15:00,31.98,33.9,-1.92,NO,,,,,,,15m logic removed,,,,,WATCH,👀 WATCH,"Weekly RSI 59.15 > 50, but Hourly RSI has not touched 30 (current 31.98)"
2026-08-17 15:13:40,NSE:CHENNPETRO,1384.0,72.84,69.87,2.97,2026-08-17 15:00,63.16,43.2,19.95,YES,,,,,,,15m logic removed,,,,,WATCH,👀 WATCH,"Weekly RSI 72.84 > 50, but Hourly RSI has not touched 30 (current 63.16)"
2026-08-17 15:13:40,NSE:COFORGE,1802.0,66.93,67.69,-0.76,2026-08-17 15:00,44.83,51.16,-6.34,NO,,,,,,,15m logic removed,,,,,WATCH,👀 WATCH,"Weekly RSI 66.93 > 50, but Hourly RSI has not touched 30 (current 44.83)"
2026-08-17 15:13:41,NSE:COHANCE,442.85,49.02,48.61,0.41,2026-08-17 15:00,46.06,44.28,1.78,YES,,,,,,,15m logic removed,,,,,IGNORE,❌ IGNORE,Weekly RSI 49.02 <= 50
2026-08-17 15:13:42,NSE:CONCOR,524.4,56.31,56.92,-0.62,2026-08-17 15:00,50.19,54.08,-3.89,NO,,,,,,,15m logic removed,,,,,WATCH,👀 WATCH,"Weekly RSI 56.31 > 50, but Hourly RSI has not touched 30 (current 50.19)"
2026-08-17 15:13:42,NSE:CYIENTDLM,736.4,86.11,84.24,1.87,2026-08-17 15:00,65.76,47.59,18.18,YES,,,,,,,15m logic removed,,,,,WATCH,👀 WATCH,"Weekly RSI 86.11 > 50, but Hourly RSI has not touched 30 (current 65.76)"
2026-08-17 15:13:43,NSE:DATAPATTNS,4527.0,61.42,60.33,1.09,2026-08-17 15:00,56.91,47.42,9.49,YES,,,,,,,15m logic removed,,,,,WATCH,👀 WATCH,"Weekly RSI 61.42 > 50, but Hourly RSI has not touched 30 (current 56.91)"
2026-08-17 15:13:44,NSE:DEEPAKFERT,1503.0,57.44,57.01,0.43,2026-08-17 15:00,57.56,51.53,6.03,YES,,,,,,,15m logic removed,,,,,WATCH,👀 WATCH,"Weekly RSI 57.44 > 50, but Hourly RSI has not touched 30 (current 57.56)"
2026-08-17 15:13:45,NSE:DEVYANI,143.46,65.31,65.58,-0.27,2026-08-17 15:00,61.41,63.75,-2.34,NO,,,,,,,15m logic removed,,,,,WATCH,👀 WATCH,"Weekly RSI 65.31 > 50, but Hourly RSI has not touched 30 (current 61.41)"
2026-08-17 15:13:45,NSE:DIVISLAB,8536.0,83.84,83.43,0.41,2026-08-17 15:00,57.5,50.63,6.87,YES,,,,,,,15m logic removed,,,,,WATCH,👀 WATCH,"Weekly RSI 83.84 > 50, but Hourly RSI has not touched 30 (current 57.50)"
2026-08-17 15:13:46,NSE:ECLERX,1845.7,55.0,57.07,-2.07,2026-08-17 15:00,45.98,65.25,-19.27,NO,,,,,,,15m logic removed,,,,,WATCH,👀 WATCH,"Weekly RSI 55.00 > 50, but Hourly RSI has not touched 30 (current 45.98)"
2026-08-17 15:13:47,NSE:EMCURE,1873.3,60.65,66.26,-5.61,2026-08-17 15:00,19.03,28.2,-9.17,NO,,,,,,,15m logic removed,,,,,WATCH,👀 WATCH,Weekly RSI 60.65 > 50 + Hourly RSI touched 30 + 15m price confirmation failed (Close 1884.0 <= Previous High 1884.5)
2026-08-17 15:13:48,NSE:ENRIN,3607.9,57.1,55.76,1.34,2026-08-17 15:00,62.46,47.59,14.87,YES,,,,,,,15m logic removed,,,,,WATCH,👀 WATCH,"Weekly RSI 57.10 > 50, but Hourly RSI has not touched 30 (current 62.46)"
2026-08-17 15:13:49,NSE:ETERNAL,319.9,66.32,65.97,0.34,2026-08-17 15:00,58.08,54.74,3.34,YES,,,,,,,15m logic removed,,,,,WATCH,👀 WATCH,"Weekly RSI 66.32 > 50, but Hourly RSI has not touched 30 (current 58.08)"
2026-08-17 15:13:50,NSE:EXIDEIND,475.75,72.58,72.73,-0.14,2026-08-17 15:00,37.82,37.89,-0.07,NO,,,,,,,15m logic removed,,,,,WATCH,👀 WATCH,"Weekly RSI 72.58 > 50, but Hourly RSI has not touched 30 (current 37.82)"
2026-08-17 15:13:51,NSE:FEDERALBNK,355.45,74.03,72.83,1.19,2026-08-17 15:00,55.27,40.82,14.45,YES,,,,,,,15m logic removed,,,,,WATCH,👀 WATCH,"Weekly RSI 74.03 > 50, but Hourly RSI has not touched 30 (current 55.27)"
2026-08-17 15:13:52,NSE:FINCABLES,1318.55,68.84,65.92,2.92,2026-08-17 15:00,75.73,62.89,12.84,YES,,,,,,,15m logic removed,,,,,WATCH,👀 WATCH,"Weekly RSI 68.84 > 50, but Hourly RSI has not touched 30 (current 75.73)"
2026-08-17 15:13:52,NSE:FLUOROCHEM,4702.0,71.01,72.33,-1.32,2026-08-17 15:00,51.32,54.33,-3.02,NO,,,,,,,15m logic removed,,,,,WATCH,👀 WATCH,"Weekly RSI 71.01 > 50, but Hourly RSI has not touched 30 (current 51.32)"
2026-08-17 15:13:53,NSE:GLAND,2907.0,75.89,79.58,-3.69,2026-08-17 15:00,50.9,65.46,-14.56,NO,,,,,,,15m logic removed,,,,,WATCH,👀 WATCH,"Weekly RSI 75.89 > 50, but Hourly RSI has not touched 30 (current 50.90)"
2026-08-17 15:13:54,NSE:GRANULES,859.95,66.59,66.44,0.15,2026-08-17 15:00,53.04,43.58,9.46,YES,,,,,,,15m logic removed,,,,,WATCH,👀 WATCH,"Weekly RSI 66.59 > 50, but Hourly RSI has not touched 30 (current 53.04)"
2026-08-17 15:13:55,NSE:GRAPHITE,729.5,59.63,58.71,0.92,2026-08-17 15:00,51.3,42.82,8.48,YES,,,,,,,15m logic removed,,,,,WATCH,👀 WATCH,"Weekly RSI 59.63 > 50, but Hourly RSI has not touched 30 (current 51.30)"
2026-08-17 15:13:56,NSE:GVT&D,4290.4,50.63,51.65,-1.02,2026-08-17 15:00,42.41,50.84,-8.44,NO,,,,,,,15m logic removed,,,,,WATCH,👀 WATCH,"Weekly RSI 50.63 > 50, but Hourly RSI has not touched 30 (current 42.41)"
2026-08-17 15:13:57,NSE:HEG,699.2,67.47,67.84,-0.37,2026-08-17 15:00,58.54,58.54,-0.0,NO,,,,,,,15m logic removed,,,,,WATCH,👀 WATCH,"Weekly RSI 67.47 > 50, but Hourly RSI has not touched 30 (current 58.54)"
2026-08-17 15:13:58,NSE:HEROMOTOCO,5766.0,63.07,63.8,-0.73,2026-08-17 15:00,42.17,45.35,-3.17,NO,,,,,,,15m logic removed,,,,,WATCH,👀 WATCH,"Weekly RSI 63.07 > 50, but Hourly RSI has not touched 30 (current 42.17)"
2026-08-17 15:13:58,NSE:HFCL,219.7,74.35,76.42,-2.07,2026-08-17 15:00,46.05,52.38,-6.33,NO,,,,,,,15m logic removed,,,,,WATCH,👀 WATCH,"Weekly RSI 74.35 > 50, but Hourly RSI has not touched 30 (current 46.05)"
2026-08-17 15:13:59,NSE:HONASA,482.35,71.42,79.49,-8.07,2026-08-17 15:00,49.77,70.24,-20.47,NO,,,,,,,15m logic removed,,,,,WATCH,👀 WATCH,"Weekly RSI 71.42 > 50, but Hourly RSI has not touched 30 (current 49.77)"
2026-08-17 15:14:00,NSE:HONAUT,36380.0,53.36,56.32,-2.96,2026-08-17 15:00,26.85,42.78,-15.93,NO,,,,,,,15m logic removed,,,,,WATCH,👀 WATCH,Weekly RSI 53.36 > 50 + Hourly RSI touched 30 + 15m price confirmation failed (Close 36455.0 <= Previous High 36475.0)
2026-08-17 15:14:01,NSE:HSCL,788.15,72.96,72.38,0.57,2026-08-17 15:00,66.74,59.78,6.97,YES,,,,,,,15m logic removed,,,,,WATCH,👀 WATCH,"Weekly RSI 72.96 > 50, but Hourly RSI has not touched 30 (current 66.74)"
2026-08-17 15:14:02,NSE:IFCI,78.83,60.27,58.71,1.56,2026-08-17 15:00,69.53,57.27,12.26,YES,,,,,,,15m logic removed,,,,,WATCH,👀 WATCH,"Weekly RSI 60.27 > 50, but Hourly RSI has not touched 30 (current 69.53)"
2026-08-17 15:14:03,NSE:IIFL,630.9,71.0,71.07,-0.07,2026-08-17 15:00,56.0,57.3,-1.3,NO,,,,,,,15m logic removed,,,,,WATCH,👀 WATCH,"Weekly RSI 71.00 > 50, but Hourly RSI has not touched 30 (current 56.00)"
2026-08-17 15:14:03,NSE:INOXINDIA,1952.0,73.18,72.82,0.36,2026-08-17 15:00,56.63,52.71,3.92,YES,,,,,,,15m logic removed,,,,,WATCH,👀 WATCH,"Weekly RSI 73.18 > 50, but Hourly RSI has not touched 30 (current 56.63)"
2026-08-17 15:14:04,NSE:IPCALAB,1885.1,65.69,57.98,7.72,2026-08-17 15:00,73.82,42.38,31.44,YES,,,,,,,15m logic removed,,,,,WATCH,👀 WATCH,"Weekly RSI 65.69 > 50, but Hourly RSI has not touched 30 (current 73.82)"
2026-08-17 15:14:05,NSE:J&KBANK,148.31,51.65,55.42,-3.77,2026-08-17 15:00,20.31,39.74,-19.43,NO,,,,,,,15m logic removed,,,,,WATCH,👀 WATCH,Weekly RSI 51.65 > 50 + Hourly RSI touched 30 + 15m price confirmation failed (Close 148.47 <= Previous High 148.86)
2026-08-17 15:14:06,NSE:JINDALSAW,270.7,62.31,61.29,1.02,2026-08-17 15:00,56.75,45.67,11.09,YES,,,,,,,15m logic removed,,,,,WATCH,👀 WATCH,"Weekly RSI 62.31 > 50, but Hourly RSI has not touched 30 (current 56.75)"
2026-08-17 15:14:07,NSE:JSWINFRA,335.7,63.19,64.84,-1.65,2026-08-17 15:00,39.5,47.04,-7.54,NO,,,,,,,15m logic removed,,,,,WATCH,👀 WATCH,"Weekly RSI 63.19 > 50, but Hourly RSI has not touched 30 (current 39.50)"
2026-08-17 15:14:07,NSE:JUBLFOOD,511.6,60.77,59.24,1.53,2026-08-17 15:00,68.66,63.35,5.31,YES,,,,,,,15m logic removed,,,,,WATCH,👀 WATCH,"Weekly RSI 60.77 > 50, but Hourly RSI has not touched 30 (current 68.66)"
2026-08-17 15:14:08,NSE:KAJARIACER,1253.0,63.64,63.7,-0.06,2026-08-17 15:00,57.18,62.25,-5.06,NO,,,,,,,15m logic removed,,,,,WATCH,👀 WATCH,"Weekly RSI 63.64 > 50, but Hourly RSI has not touched 30 (current 57.18)"
2026-08-17 15:14:09,NSE:KALYANKJIL,610.3,72.0,71.82,0.18,2026-08-17 15:00,54.59,52.37,2.22,YES,,,,,,,15m logic removed,,,,,WATCH,👀 WATCH,"Weekly RSI 72.00 > 50, but Hourly RSI has not touched 30 (current 54.59)"
2026-08-17 15:14:10,NSE:KAYNES,3654.8,48.37,48.47,-0.1,2026-08-17 15:00,33.19,34.0,-0.81,NO,,,,,,,15m logic removed,,,,,IGNORE,❌ IGNORE,Weekly RSI 48.37 <= 50
2026-08-17 15:14:11,NSE:KIRLOSENG,2103.6,59.09,58.99,0.1,2026-08-17 15:00,52.81,51.61,1.21,YES,,,,,,,15m logic removed,,,,,WATCH,👀 WATCH,"Weekly RSI 59.09 > 50, but Hourly RSI has not touched 30 (current 52.81)"
2026-08-17 15:14:12,NSE:KPIL,1406.0,65.04,60.2,4.84,2026-08-17 15:00,64.75,45.74,19.01,YES,,,,,,,15m logic removed,,,,,WATCH,👀 WATCH,"Weekly RSI 65.04 > 50, but Hourly RSI has not touched 30 (current 64.75)"
2026-08-17 15:14:13,NSE:LALPATHLAB,1876.1,68.34,72.68,-4.34,2026-08-17 15:00,20.54,29.71,-9.17,NO,,,,,,,15m logic removed,,,,,WATCH,👀 WATCH,Weekly RSI 68.34 > 50 + Hourly RSI touched 30 + 15m price confirmation failed (Close 1876.0 <= Previous High 1888.8)
2026-08-17 15:14:13,NSE:LAURUSLABS,1802.2,80.06,79.62,0.43,2026-08-17 15:00,37.68,27.84,9.84,YES,,,,,,,15m logic removed,,,,,WATCH,👀 WATCH,"Weekly RSI 80.06 > 50, but Hourly RSI has not touched 30 (current 37.68)"
2026-08-17 15:14:14,NSE:LLOYDSME,1946.0,64.53,63.36,1.17,2026-08-17 15:00,51.67,40.36,11.31,YES,,,,,,,15m logic removed,,,,,WATCH,👀 WATCH,"Weekly RSI 64.53 > 50, but Hourly RSI has not touched 30 (current 51.67)"
2026-08-17 15:14:15,NSE:LODHA,1253.1,64.26,63.8,0.46,2026-08-17 15:00,63.61,59.28,4.33,YES,,,,,,,15m logic removed,,,,,WATCH,👀 WATCH,"Weekly RSI 64.26 > 50, but Hourly RSI has not touched 30 (current 63.61)"
2026-08-17 15:14:16,NSE:LTM,4697.4,56.97,57.49,-0.52,2026-08-17 15:00,43.89,46.99,-3.1,NO,,,,,,,15m logic removed,,,,,WATCH,👀 WATCH,"Weekly RSI 56.97 > 50, but Hourly RSI has not touched 30 (current 43.89)"
2026-08-17 15:14:17,NSE:LTTS,3534.4,50.19,48.22,1.96,2026-08-17 15:00,45.47,31.86,13.6,YES,,,,,,,15m logic removed,,,,,WATCH,👀 WATCH,"Weekly RSI 50.19 > 50, but Hourly RSI has not touched 30 (current 45.47)"
2026-08-17 15:14:17,NSE:M&MFIN,390.8,62.54,62.42,0.12,2026-08-17 15:00,37.35,34.16,3.19,YES,,,,,,,15m logic removed,,,,,WATCH,👀 WATCH,"Weekly RSI 62.54 > 50, but Hourly RSI has not touched 30 (current 37.35)"
2026-08-17 15:14:18,NSE:MANYAVAR,543.55,67.36,65.4,1.96,2026-08-17 15:00,75.34,63.87,11.47,YES,,,,,,,15m logic removed,,,,,WATCH,👀 WATCH,"Weekly RSI 67.36 > 50, but Hourly RSI has not touched 30 (current 75.34)"
2026-08-17 15:14:19,NSE:MINDACORP,724.7,70.74,70.15,0.58,2026-08-17 15:00,47.27,44.12,3.15,YES,,,,,,,15m logic removed,,,,,WATCH,👀 WATCH,"Weekly RSI 70.74 > 50, but Hourly RSI has not touched 30 (current 47.27)"
2026-08-17 15:14:20,NSE:MMTC,64.0,49.36,49.89,-0.53,2026-08-17 15:00,45.29,50.32,-5.03,NO,,,,,,,15m logic removed,,,,,IGNORE,❌ IGNORE,Weekly RSI 49.36 <= 50
2026-08-17 15:14:21,NSE:MRPL,177.35,56.78,53.37,3.41,2026-08-17 15:00,64.25,42.0,22.24,YES,,,,,,,15m logic removed,,,,,WATCH,👀 WATCH,"Weekly RSI 56.78 > 50, but Hourly RSI has not touched 30 (current 64.25)"
2026-08-17 15:14:22,NSE:NAUKRI,1355.7,70.93,70.25,0.68,2026-08-17 15:00,60.53,54.38,6.15,YES,,,,,,,15m logic removed,,,,,WATCH,👀 WATCH,"Weekly RSI 70.93 > 50, but Hourly RSI has not touched 30 (current 60.53)"
2026-08-17 15:14:23,NSE:NAVINFLUOR,8172.5,73.36,75.35,-1.98,2026-08-17 15:00,37.46,45.31,-7.85,NO,,,,,,,15m logic removed,,,,,WATCH,👀 WATCH,"Weekly RSI 73.36 > 50, but Hourly RSI has not touched 30 (current 37.46)"
2026-08-17 15:14:24,NSE:NAZARA,350.2,69.79,72.74,-2.95,2026-08-17 15:00,40.21,53.02,-12.81,NO,,,,,,,15m logic removed,,,,,WATCH,👀 WATCH,"Weekly RSI 69.79 > 50, but Hourly RSI has not touched 30 (current 40.21)"
2026-08-17 15:14:25,NSE:NETWEB,5212.2,66.14,63.88,2.26,2026-08-17 15:00,67.47,51.26,16.21,YES,,,,,,,15m logic removed,,,,,WATCH,👀 WATCH,"Weekly RSI 66.14 > 50, but Hourly RSI has not touched 30 (current 67.47)"
2026-08-17 15:14:25,NSE:NEULANDLAB,23678.0,78.21,77.48,0.73,2026-08-17 15:00,74.66,67.62,7.04,YES,,,,,,,15m logic removed,,,,,WATCH,👀 WATCH,"Weekly RSI 78.21 > 50, but Hourly RSI has not touched 30 (current 74.66)"
2026-08-17 15:14:26,NSE:NUVAMA,1730.9,55.46,53.12,2.33,2026-08-17 15:00,63.83,38.18,25.65,YES,,,,,,,15m logic removed,,,,,WATCH,👀 WATCH,"Weekly RSI 55.46 > 50, but Hourly RSI has not touched 30 (current 63.83)"
2026-08-17 15:14:27,NSE:OFSS,11752.0,67.09,68.0,-0.91,2026-08-17 15:00,56.36,62.44,-6.08,NO,,,,,,,15m logic removed,,,,,WATCH,👀 WATCH,"Weekly RSI 67.09 > 50, but Hourly RSI has not touched 30 (current 56.36)"
2026-08-17 15:14:28,NSE:OLECTRA,1318.6,51.75,51.64,0.11,2026-08-17 15:00,27.42,24.79,2.64,YES,,,,,,,15m logic removed,,,,,WATCH,👀 WATCH,Weekly RSI 51.75 > 50 + Hourly RSI touched 30 + 15m price confirmation failed (Close 1318.1 <= Previous High 1321.9)
2026-08-17 15:14:29,NSE:PARAS,1387.7,70.28,69.95,0.33,2026-08-17 15:00,71.94,67.93,4.02,YES,,,,,,,15m logic removed,,,,,WATCH,👀 WATCH,"Weekly RSI 70.28 > 50, but Hourly RSI has not touched 30 (current 71.94)"
2026-08-17 15:14:30,NSE:PAYTM,1590.0,72.32,73.5,-1.18,2026-08-17 15:00,45.99,51.7,-5.71,NO,,,,,,,15m logic removed,,,,,WATCH,👀 WATCH,"Weekly RSI 72.32 > 50, but Hourly RSI has not touched 30 (current 45.99)"
2026-08-17 15:14:31,NSE:POLICYBZR,1739.0,58.31,58.48,-0.16,2026-08-17 15:00,61.69,63.16,-1.46,NO,,,,,,,15m logic removed,,,,,WATCH,👀 WATCH,"Weekly RSI 58.31 > 50, but Hourly RSI has not touched 30 (current 61.69)"
2026-08-17 15:14:31,NSE:POLYMED,1727.1,56.65,60.69,-4.04,2026-08-17 15:00,31.72,42.81,-11.09,NO,,,,,,,15m logic removed,,,,,WATCH,👀 WATCH,"Weekly RSI 56.65 > 50, but Hourly RSI has not touched 30 (current 31.72)"
2026-08-17 15:14:32,NSE:POONAWALLA,496.8,62.87,63.21,-0.34,2026-08-17 15:00,59.14,59.54,-0.4,NO,,,,,,,15m logic removed,,,,,WATCH,👀 WATCH,"Weekly RSI 62.87 > 50, but Hourly RSI has not touched 30 (current 59.14)"
2026-08-17 15:14:33,NSE:POWERINDIA,35575.0,61.98,62.34,-0.36,2026-08-17 15:00,56.34,59.66,-3.31,NO,,,,,,,15m logic removed,,,,,WATCH,👀 WATCH,"Weekly RSI 61.98 > 50, but Hourly RSI has not touched 30 (current 56.34)"
2026-08-17 15:14:34,NSE:PPLPHARMA,204.9,67.34,68.8,-1.45,2026-08-17 15:00,36.43,44.41,-7.98,NO,,,,,,,15m logic removed,,,,,WATCH,👀 WATCH,"Weekly RSI 67.34 > 50, but Hourly RSI has not touched 30 (current 36.43)"
2026-08-17 15:14:35,NSE:PVRINOX,1193.5,69.99,68.44,1.55,2026-08-17 15:00,59.86,46.36,13.5,YES,,,,,,,15m logic removed,,,,,WATCH,👀 WATCH,"Weekly RSI 69.99 > 50, but Hourly RSI has not touched 30 (current 59.86)"
2026-08-17 15:14:36,NSE:RADICO,4662.4,86.77,86.65,0.12,2026-08-17 15:00,65.49,63.51,1.98,YES,,,,,,,15m logic removed,,,,,WATCH,👀 WATCH,"Weekly RSI 86.77 > 50, but Hourly RSI has not touched 30 (current 65.49)"
2026-08-17 15:14:36,NSE:REDINGTON,332.5,64.52,64.98,-0.46,2026-08-17 15:00,29.09,31.43,-2.34,NO,,,,,,,15m logic removed,,,,,WATCH,👀 WATCH,Weekly RSI 64.52 > 50 + Hourly RSI touched 30 + 15m price confirmation failed (Close 331.7 <= Previous High 332.5)
2026-08-17 15:14:38,NSE:RKFORGE,756.75,74.37,72.41,1.96,2026-08-17 15:00,68.45,47.74,20.71,YES,,,,,,,15m logic removed,,,,,WATCH,👀 WATCH,"Weekly RSI 74.37 > 50, but Hourly RSI has not touched 30 (current 68.45)"
2026-08-17 15:14:38,NSE:RRKABEL,2750.3,75.3,77.31,-2.02,2026-08-17 15:00,39.95,49.34,-9.39,NO,,,,,,,15m logic removed,,,,,WATCH,👀 WATCH,"Weekly RSI 75.30 > 50, but Hourly RSI has not touched 30 (current 39.95)"
2026-08-17 15:14:39,NSE:SAILIFE,1416.4,75.07,80.21,-5.14,2026-08-17 15:00,35.48,47.04,-11.56,NO,,,,,,,15m logic removed,,,,,WATCH,👀 WATCH,"Weekly RSI 75.07 > 50, but Hourly RSI has not touched 30 (current 35.48)"
2026-08-17 15:14:40,NSE:SAPPHIRE,234.05,63.11,63.42,-0.31,2026-08-17 15:00,55.77,57.04,-1.27,NO,,,,,,,15m logic removed,,,,,WATCH,👀 WATCH,"Weekly RSI 63.11 > 50, but Hourly RSI has not touched 30 (current 55.77)"
2026-08-17 15:14:41,NSE:SAREGAMA,524.65,72.45,73.51,-1.06,2026-08-17 15:00,48.37,54.77,-6.4,NO,,,,,,,15m logic removed,,,,,WATCH,👀 WATCH,"Weekly RSI 72.45 > 50, but Hourly RSI has not touched 30 (current 48.37)"
2026-08-17 15:14:42,NSE:SCHAEFFLER,4032.5,48.97,49.35,-0.38,2026-08-17 15:00,36.53,37.92,-1.39,NO,,,,,,,15m logic removed,,,,,IGNORE,❌ IGNORE,Weekly RSI 48.97 <= 50
2026-08-17 15:14:43,NSE:SCHNEIDER,1203.9,50.97,61.78,-10.81,2026-08-17 15:00,15.5,42.18,-26.68,NO,,,,,,,15m logic removed,,,,,WATCH,👀 WATCH,Weekly RSI 50.97 > 50 + Hourly RSI touched 30 + 15m price confirmation failed (Close 1209.0 <= Previous High 1217.0)
2026-08-17 15:14:44,NSE:SIEMENS,3955.0,62.79,62.39,0.4,2026-08-17 15:00,47.2,42.88,4.32,YES,,,,,,,15m logic removed,,,,,WATCH,👀 WATCH,"Weekly RSI 62.79 > 50, but Hourly RSI has not touched 30 (current 47.20)"
2026-08-17 15:14:44,NSE:SOLARINDS,20000.0,71.43,71.31,0.12,2026-08-17 15:00,64.7,64.15,0.55,YES,,,,,,,15m logic removed,,,,,WATCH,👀 WATCH,"Weekly RSI 71.43 > 50, but Hourly RSI has not touched 30 (current 64.70)"
2026-08-17 15:14:45,NSE:SONACOMS,807.0,77.45,76.36,1.09,2026-08-17 15:00,58.59,40.31,18.28,YES,,,,,,,15m logic removed,,,,,WATCH,👀 WATCH,"Weekly RSI 77.45 > 50, but Hourly RSI has not touched 30 (current 58.59)"
2026-08-17 15:14:46,NSE:SONATSOFTW,320.7,56.37,57.83,-1.46,2026-08-17 15:00,43.06,52.07,-9.01,NO,,,,,,,15m logic removed,,,,,WATCH,👀 WATCH,"Weekly RSI 56.37 > 50, but Hourly RSI has not touched 30 (current 43.06)"
2026-08-17 15:14:47,NSE:STARHEALTH,583.2,61.77,62.37,-0.6,2026-08-17 15:00,51.18,53.98,-2.81,NO,,,,,,,15m logic removed,,,,,WATCH,👀 WATCH,"Weekly RSI 61.77 > 50, but Hourly RSI has not touched 30 (current 51.18)"
2026-08-17 15:14:48,NSE:SUNDRMFAST,1215.0,81.03,81.5,-0.47,2026-08-17 15:00,58.33,61.06,-2.73,NO,,,,,,,15m logic removed,,,,,WATCH,👀 WATCH,"Weekly RSI 81.03 > 50, but Hourly RSI has not touched 30 (current 58.33)"
2026-08-17 15:14:49,NSE:SYRMA,1467.2,69.45,69.38,0.08,2026-08-17 15:00,48.84,45.33,3.5,YES,,,,,,,15m logic removed,,,,,WATCH,👀 WATCH,"Weekly RSI 69.45 > 50, but Hourly RSI has not touched 30 (current 48.84)"
2026-08-17 15:14:50,NSE:TATATECH,843.45,66.65,70.86,-4.21,2026-08-17 15:00,39.76,56.91,-17.15,NO,,,,,,,15m logic removed,,,,,WATCH,👀 WATCH,"Weekly RSI 66.65 > 50, but Hourly RSI has not touched 30 (current 39.76)"
2026-08-17 15:14:51,NSE:TBOTEK,1702.9,67.86,64.85,3.01,2026-08-17 15:00,71.71,51.95,19.76,YES,,,,,,,15m logic removed,,,,,WATCH,👀 WATCH,"Weekly RSI 67.86 > 50, but Hourly RSI has not touched 30 (current 71.71)"
2026-08-17 15:14:51,NSE:TCS,2314.8,44.22,46.4,-2.18,2026-08-17 15:00,31.1,44.8,-13.7,NO,,,,,,,15m logic removed,,,,,IGNORE,❌ IGNORE,Weekly RSI 44.22 <= 50
2026-08-17 15:14:52,NSE:TEJASNET,522.25,51.25,53.53,-2.28,2026-08-17 15:00,39.7,54.76,-15.06,NO,,,,,,,15m logic removed,,,,,WATCH,👀 WATCH,"Weekly RSI 51.25 > 50, but Hourly RSI has not touched 30 (current 39.70)"
2026-08-17 15:14:53,NSE:TVSMOTOR,4371.2,68.4,67.22,1.18,2026-08-17 15:00,54.59,39.14,15.45,YES,,,,,,,15m logic removed,,,,,WATCH,👀 WATCH,"Weekly RSI 68.40 > 50, but Hourly RSI has not touched 30 (current 54.59)"
2026-08-17 15:14:54,NSE:UNIMECH,1510.0,74.8,76.02,-1.22,2026-08-17 15:00,67.04,74.28,-7.24,NO,,,,,,,15m logic removed,,,,,WATCH,👀 WATCH,"Weekly RSI 74.80 > 50, but Hourly RSI has not touched 30 (current 67.04)"
2026-08-17 15:14:55,NSE:UNITDSPR,1545.0,68.4,67.75,0.66,2026-08-17 15:00,59.86,54.93,4.93,YES,,,,,,,15m logic removed,,,,,WATCH,👀 WATCH,"Weekly RSI 68.40 > 50, but Hourly RSI has not touched 30 (current 59.86)"
2026-08-17 15:14:56,NSE:VIJAYA,1502.7,70.94,69.58,1.36,2026-08-17 15:00,61.36,50.58,10.78,YES,,,,,,,15m logic removed,,,,,WATCH,👀 WATCH,"Weekly RSI 70.94 > 50, but Hourly RSI has not touched 30 (current 61.36)"
2026-08-17 15:14:57,NSE:WELCORP,1882.8,88.62,88.47,0.16,2026-08-17 15:00,59.38,50.79,8.58,YES,,,,,,,15m logic removed,,,,,WATCH,👀 WATCH,"Weekly RSI 88.62 > 50, but Hourly RSI has not touched 30 (current 59.38)"
2026-08-17 15:14:58,NSE:ZENTEC,1860.7,59.08,58.95,0.13,2026-08-17 15:00,65.88,64.19,1.69,YES,,,,,,,15m logic removed,,,,,WATCH,👀 WATCH,"Weekly RSI 59.08 > 50, but Hourly RSI has not touched 30 (current 65.88)"
2026-08-17 15:14:58,NSE:ZFCVINDIA,2619.6,58.02,58.94,-0.92,2026-08-17 15:00,49.36,51.88,-2.52,NO,,,,,,,15m logic removed,,,,,WATCH,👀 WATCH,"Weekly RSI 58.02 > 50, but Hourly RSI has not touched 30 (current 49.36)"
2026-08-17 15:14:59,NSE:ZYDUSLIFE,1137.0,65.58,65.38,0.2,2026-08-17 15:00,37.24,35.75,1.5,YES,,,,,,,15m logic removed,,,,,WATCH,👀 WATCH,"Weekly RSI 65.58 > 50, but Hourly RSI has not touched 30 (current 37.24)"
2026-08-17 15:21:42,NSE:ABB,7685.5,63.82,63.4,0.42,2026-08-17 15:00,51.02,45.35,5.68,YES,,,,,,,15m logic removed,,,,,WATCH,👀 WATCH,"Weekly RSI 63.82 > 50, but Hourly RSI has not touched 30 (current 51.02)"
2026-08-17 15:21:42,NSE:ABBOTINDIA,26925.0,48.01,49.0,-0.99,2026-08-17 15:00,26.13,28.62,-2.49,NO,,,,,,,15m logic removed,,,,,IGNORE,❌ IGNORE,Weekly RSI 48.01 <= 50
2026-08-17 15:21:43,NSE:ACMESOLAR,365.0,62.33,65.76,-3.42,2026-08-17 15:00,35.84,49.08,-13.24,NO,,,,,,,15m logic removed,,,,,WATCH,👀 WATCH,"Weekly RSI 62.33 > 50, but Hourly RSI has not touched 30 (current 35.84)"
2026-08-17 15:21:44,NSE:AEGISLOG,1282.7,67.38,66.7,0.68,2026-08-17 15:00,51.54,40.29,11.25,YES,,,,,,,15m logic removed,,,,,WATCH,👀 WATCH,"Weekly RSI 67.38 > 50, but Hourly RSI has not touched 30 (current 51.54)"
2026-08-17 15:21:45,NSE:AEGISVOPAK,268.8,58.06,58.16,-0.1,2026-08-17 15:00,35.97,37.35,-1.38,NO,,,,,,,15m logic removed,,,,,WATCH,👀 WATCH,"Weekly RSI 58.06 > 50, but Hourly RSI has not touched 30 (current 35.97)"
2026-08-17 15:21:45,NSE:AFFLE,1711.0,63.08,60.66,2.41,2026-08-17 15:00,66.2,53.31,12.9,YES,,,,,,,15m logic removed,,,,,WATCH,👀 WATCH,"Weekly RSI 63.08 > 50, but Hourly RSI has not touched 30 (current 66.20)"
2026-08-17 15:21:46,NSE:AKUMS,742.7,72.16,70.82,1.34,2026-08-17 15:00,54.21,37.07,17.14,YES,,,,,,,15m logic removed,,,,,WATCH,👀 WATCH,"Weekly RSI 72.16 > 50, but Hourly RSI has not touched 30 (current 54.21)"
2026-08-17 15:21:47,NSE:ALIVUS,1395.6,78.78,78.41,0.37,2026-08-17 15:00,63.5,63.23,0.27,YES,,,,,,,15m logic removed,,,,,WATCH,👀 WATCH,"Weekly RSI 78.78 > 50, but Hourly RSI has not touched 30 (current 63.50)"
2026-08-17 15:21:48,NSE:ANANDRATHI,2179.9,75.13,74.94,0.2,2026-08-17 15:00,55.4,50.58,4.82,YES,,,,,,,15m logic removed,,,,,WATCH,👀 WATCH,"Weekly RSI 75.13 > 50, but Hourly RSI has not touched 30 (current 55.40)"
2026-08-17 15:21:48,NSE:ANANTRAJ,629.1,61.41,61.58,-0.16,2026-08-17 15:00,63.64,65.18,-1.54,NO,,,,,,,15m logic removed,,,,,WATCH,👀 WATCH,"Weekly RSI 61.41 > 50, but Hourly RSI has not touched 30 (current 63.64)"
2026-08-17 15:21:49,NSE:APARINDS,16520.0,70.07,71.5,-1.43,2026-08-17 15:00,39.38,43.5,-4.12,NO,,,,,,,15m logic removed,,,,,WATCH,👀 WATCH,"Weekly RSI 70.07 > 50, but Hourly RSI has not touched 30 (current 39.38)"
2026-08-17 15:21:50,NSE:ARE&M,946.95,60.37,60.26,0.11,2026-08-17 15:00,44.61,44.56,0.05,YES,,,,,,,15m logic removed,,,,,WATCH,👀 WATCH,"Weekly RSI 60.37 > 50, but Hourly RSI has not touched 30 (current 44.61)"
2026-08-17 15:21:51,NSE:ASTERDM,819.85,60.17,60.6,-0.43,2026-08-17 15:00,35.4,38.99,-3.59,NO,,,,,,,15m logic removed,,,,,WATCH,👀 WATCH,"Weekly RSI 60.17 > 50, but Hourly RSI has not touched 30 (current 35.40)"
2026-08-17 15:21:52,NSE:ASTRAMICRO,1709.0,65.42,67.72,-2.3,2026-08-17 15:00,44.72,56.94,-12.22,NO,,,,,,,15m logic removed,,,,,WATCH,👀 WATCH,"Weekly RSI 65.42 > 50, but Hourly RSI has not touched 30 (current 44.72)"
2026-08-17 15:21:52,NSE:ATHERENERG,1484.7,78.08,80.74,-2.66,2026-08-17 15:00,37.04,49.75,-12.71,NO,,,,,,,15m logic removed,,,,,WATCH,👀 WATCH,"Weekly RSI 78.08 > 50, but Hourly RSI has not touched 30 (current 37.04)"
2026-08-17 15:21:53,NSE:AUROPHARMA,1629.0,67.53,67.08,0.45,2026-08-17 15:00,41.34,36.13,5.2,YES,,,,,,,15m logic removed,,,,,WATCH,👀 WATCH,"Weekly RSI 67.53 > 50, but Hourly RSI has not touched 30 (current 41.34)"
2026-08-17 15:21:54,NSE:BAJAJ-AUTO,11720.0,72.26,72.09,0.17,2026-08-17 15:00,52.74,50.25,2.49,YES,,,,,,,15m logic removed,,,,,WATCH,👀 WATCH,"Weekly RSI 72.26 > 50, but Hourly RSI has not touched 30 (current 52.74)"
2026-08-17 15:21:55,NSE:BALKRISIND,2397.9,54.74,53.61,1.14,2026-08-17 15:00,40.04,28.77,11.28,YES,,,,,,,15m logic removed,,,,,WATCH,👀 WATCH,"Weekly RSI 54.74 > 50, but Hourly RSI has not touched 30 (current 40.04)"
2026-08-17 15:21:56,NSE:BALRAMCHIN,654.25,73.77,70.01,3.76,2026-08-17 15:00,71.25,52.97,18.28,YES,,,,,,,15m logic removed,,,,,WATCH,👀 WATCH,"Weekly RSI 73.77 > 50, but Hourly RSI has not touched 30 (current 71.25)"
2026-08-17 15:21:56,NSE:BASF,4037.3,59.38,60.9,-1.53,2026-08-17 15:00,43.82,46.2,-2.37,NO,,,,,,,15m logic removed,,,,,WATCH,👀 WATCH,"Weekly RSI 59.38 > 50, but Hourly RSI has not touched 30 (current 43.82)"
2026-08-17 15:21:57,NSE:BLUEJET,594.0,59.2,58.18,1.02,2026-08-17 15:00,56.56,44.57,11.99,YES,,,,,,,15m logic removed,,,,,WATCH,👀 WATCH,"Weekly RSI 59.20 > 50, but Hourly RSI has not touched 30 (current 56.56)"
2026-08-17 15:21:58,NSE:BOSCHLTD,47000.0,72.54,72.96,-0.42,2026-08-17 15:00,66.3,68.93,-2.63,NO,,,,,,,15m logic removed,,,,,WATCH,👀 WATCH,"Weekly RSI 72.54 > 50, but Hourly RSI has not touched 30 (current 66.30)"
2026-08-17 15:21:59,NSE:CAPLIPOINT,2524.6,66.96,65.36,1.6,2026-08-17 15:00,52.17,43.22,8.95,YES,,,,,,,15m logic removed,,,,,WATCH,👀 WATCH,"Weekly RSI 66.96 > 50, but Hourly RSI has not touched 30 (current 52.17)"
2026-08-17 15:22:00,NSE:CARBORUNIV,1125.0,59.91,63.07,-3.16,2026-08-17 15:00,41.46,53.49,-12.02,NO,,,,,,,15m logic removed,,,,,WATCH,👀 WATCH,"Weekly RSI 59.91 > 50, but Hourly RSI has not touched 30 (current 41.46)"
2026-08-17 15:22:00,NSE:CGCL,226.15,58.97,59.2,-0.23,2026-08-17 15:00,31.12,33.9,-2.79,NO,,,,,,,15m logic removed,,,,,WATCH,👀 WATCH,"Weekly RSI 58.97 > 50, but Hourly RSI has not touched 30 (current 31.12)"
2026-08-17 15:22:01,NSE:CHENNPETRO,1382.3,72.77,69.87,2.9,2026-08-17 15:00,62.81,43.2,19.61,YES,,,,,,,15m logic removed,,,,,WATCH,👀 WATCH,"Weekly RSI 72.77 > 50, but Hourly RSI has not touched 30 (current 62.81)"
2026-08-17 15:22:02,NSE:COFORGE,1802.0,66.93,67.69,-0.76,2026-08-17 15:00,44.83,51.16,-6.34,NO,,,,,,,15m logic removed,,,,,WATCH,👀 WATCH,"Weekly RSI 66.93 > 50, but Hourly RSI has not touched 30 (current 44.83)"
2026-08-17 15:22:03,NSE:COHANCE,447.35,49.84,48.61,1.23,2026-08-17 15:00,53.88,44.28,9.6,YES,,,,,,,15m logic removed,,,,,IGNORE,❌ IGNORE,Weekly RSI 49.84 <= 50
2026-08-17 15:22:03,NSE:CONCOR,524.5,56.33,56.92,-0.59,2026-08-17 15:00,50.33,54.08,-3.75,NO,,,,,,,15m logic removed,,,,,WATCH,👀 WATCH,"Weekly RSI 56.33 > 50, but Hourly RSI has not touched 30 (current 50.33)"
2026-08-17 15:22:04,NSE:CYIENTDLM,739.25,86.23,84.24,1.99,2026-08-17 15:00,66.72,47.59,19.14,YES,,,,,,,15m logic removed,,,,,WATCH,👀 WATCH,"Weekly RSI 86.23 > 50, but Hourly RSI has not touched 30 (current 66.72)"
2026-08-17 15:22:05,NSE:DATAPATTNS,4533.0,61.51,60.33,1.18,2026-08-17 15:00,57.72,47.42,10.29,YES,,,,,,,15m logic removed,,,,,WATCH,👀 WATCH,"Weekly RSI 61.51 > 50, but Hourly RSI has not touched 30 (current 57.72)"
2026-08-17 15:22:06,NSE:DEEPAKFERT,1500.0,57.25,57.01,0.23,2026-08-17 15:00,56.3,51.53,4.78,YES,,,,,,,15m logic removed,,,,,WATCH,👀 WATCH,"Weekly RSI 57.25 > 50, but Hourly RSI has not touched 30 (current 56.30)"
2026-08-17 15:22:06,NSE:DEVYANI,143.59,65.43,65.58,-0.16,2026-08-17 15:00,61.96,63.75,-1.79,NO,,,,,,,15m logic removed,,,,,WATCH,👀 WATCH,"Weekly RSI 65.43 > 50, but Hourly RSI has not touched 30 (current 61.96)"
2026-08-17 15:22:07,NSE:DIVISLAB,8540.0,83.87,83.43,0.44,2026-08-17 15:00,57.9,50.63,7.27,YES,,,,,,,15m logic removed,,,,,WATCH,👀 WATCH,"Weekly RSI 83.87 > 50, but Hourly RSI has not touched 30 (current 57.90)"
2026-08-17 15:22:08,NSE:ECLERX,1848.6,55.11,57.07,-1.96,2026-08-17 15:00,46.75,65.25,-18.51,NO,,,,,,,15m logic removed,,,,,WATCH,👀 WATCH,"Weekly RSI 55.11 > 50, but Hourly RSI has not touched 30 (current 46.75)"
2026-08-17 15:22:09,NSE:EMCURE,1873.8,60.69,66.26,-5.57,2026-08-17 15:00,19.09,28.2,-9.11,NO,,,,,,,15m logic removed,,,,,WATCH,👀 WATCH,Weekly RSI 60.69 > 50 + Hourly RSI touched 30 + 15m price confirmation failed (Close 1872.1 <= Previous High 1884.9)
2026-08-17 15:22:09,NSE:ENRIN,3608.5,57.12,55.76,1.35,2026-08-17 15:00,62.54,47.59,14.95,YES,,,,,,,15m logic removed,,,,,WATCH,👀 WATCH,"Weekly RSI 57.12 > 50, but Hourly RSI has not touched 30 (current 62.54)"
2026-08-17 15:22:10,NSE:ETERNAL,319.3,66.17,65.97,0.2,2026-08-17 15:00,56.71,54.74,1.97,YES,,,,,,,15m logic removed,,,,,WATCH,👀 WATCH,"Weekly RSI 66.17 > 50, but Hourly RSI has not touched 30 (current 56.71)"
2026-08-17 15:22:11,NSE:EXIDEIND,475.55,72.5,72.73,-0.23,2026-08-17 15:00,37.53,37.89,-0.36,NO,,,,,,,15m logic removed,,,,,WATCH,👀 WATCH,"Weekly RSI 72.50 > 50, but Hourly RSI has not touched 30 (current 37.53)"
2026-08-17 15:22:12,NSE:FEDERALBNK,355.3,73.99,72.83,1.15,2026-08-17 15:00,54.87,40.82,14.05,YES,,,,,,,15m logic removed,,,,,WATCH,👀 WATCH,"Weekly RSI 73.99 > 50, but Hourly RSI has not touched 30 (current 54.87)"
2026-08-17 15:22:12,NSE:FINCABLES,1323.3,69.01,65.92,3.1,2026-08-17 15:00,76.31,62.89,13.42,YES,,,,,,,15m logic removed,,,,,WATCH,👀 WATCH,"Weekly RSI 69.01 > 50, but Hourly RSI has not touched 30 (current 76.31)"
2026-08-17 15:22:13,NSE:FLUOROCHEM,4731.4,72.09,72.33,-0.24,2026-08-17 15:00,53.62,54.33,-0.71,NO,,,,,,,15m logic removed,,,,,WATCH,👀 WATCH,"Weekly RSI 72.09 > 50, but Hourly RSI has not touched 30 (current 53.62)"
2026-08-17 15:22:14,NSE:GLAND,2900.0,75.5,79.58,-4.08,2026-08-17 15:00,49.67,65.46,-15.79,NO,,,,,,,15m logic removed,,,,,WATCH,👀 WATCH,"Weekly RSI 75.50 > 50, but Hourly RSI has not touched 30 (current 49.67)"
2026-08-17 15:22:15,NSE:GRANULES,862.0,66.79,66.44,0.35,2026-08-17 15:00,55.6,43.58,12.02,YES,,,,,,,15m logic removed,,,,,WATCH,👀 WATCH,"Weekly RSI 66.79 > 50, but Hourly RSI has not touched 30 (current 55.60)"
2026-08-17 15:22:16,NSE:GRAPHITE,728.75,59.55,58.71,0.84,2026-08-17 15:00,50.58,42.82,7.75,YES,,,,,,,15m logic removed,,,,,WATCH,👀 WATCH,"Weekly RSI 59.55 > 50, but Hourly RSI has not touched 30 (current 50.58)"
2026-08-17 15:22:17,NSE:GVT&D,4290.3,50.62,51.65,-1.03,2026-08-17 15:00,42.4,50.84,-8.45,NO,,,,,,,15m logic removed,,,,,WATCH,👀 WATCH,"Weekly RSI 50.62 > 50, but Hourly RSI has not touched 30 (current 42.40)"
2026-08-17 15:22:17,NSE:HEG,696.6,66.94,67.84,-0.9,2026-08-17 15:00,55.47,58.54,-3.07,NO,,,,,,,15m logic removed,,,,,WATCH,👀 WATCH,"Weekly RSI 66.94 > 50, but Hourly RSI has not touched 30 (current 55.47)"
2026-08-17 15:22:18,NSE:HEROMOTOCO,5770.0,63.19,63.8,-0.61,2026-08-17 15:00,42.67,45.35,-2.68,NO,,,,,,,15m logic removed,,,,,WATCH,👀 WATCH,"Weekly RSI 63.19 > 50, but Hourly RSI has not touched 30 (current 42.67)"
2026-08-17 15:22:19,NSE:HFCL,219.1,74.0,76.42,-2.42,2026-08-17 15:00,44.98,52.38,-7.4,NO,,,,,,,15m logic removed,,,,,WATCH,👀 WATCH,"Weekly RSI 74.00 > 50, but Hourly RSI has not touched 30 (current 44.98)"
2026-08-17 15:22:20,NSE:HONASA,482.45,71.45,79.49,-8.04,2026-08-17 15:00,49.85,70.24,-20.4,NO,,,,,,,15m logic removed,,,,,WATCH,👀 WATCH,"Weekly RSI 71.45 > 50, but Hourly RSI has not touched 30 (current 49.85)"
2026-08-17 15:22:21,NSE:HONAUT,36270.0,52.99,56.32,-3.33,2026-08-17 15:00,25.58,42.78,-17.2,NO,,,,,,,15m logic removed,,,,,WATCH,👀 WATCH,Weekly RSI 52.99 > 50 + Hourly RSI touched 30 + 15m price confirmation failed (Close 36400.0 <= Previous High 36480.0)
2026-08-17 15:22:21,NSE:HSCL,788.3,72.97,72.38,0.58,2026-08-17 15:00,66.87,59.78,7.09,YES,,,,,,,15m logic removed,,,,,WATCH,👀 WATCH,"Weekly RSI 72.97 > 50, but Hourly RSI has not touched 30 (current 66.87)"
2026-08-17 15:22:22,NSE:IFCI,78.99,60.39,58.71,1.68,2026-08-17 15:00,70.17,57.27,12.9,YES,,,,,,,15m logic removed,,,,,WATCH,👀 WATCH,"Weekly RSI 60.39 > 50, but Hourly RSI has not touched 30 (current 70.17)"
2026-08-17 15:22:23,NSE:IIFL,631.05,71.04,71.07,-0.03,2026-08-17 15:00,56.32,57.3,-0.98,NO,,,,,,,15m logic removed,,,,,WATCH,👀 WATCH,"Weekly RSI 71.04 > 50, but Hourly RSI has not touched 30 (current 56.32)"
2026-08-17 15:22:24,NSE:INOXINDIA,1950.0,73.1,72.82,0.28,2026-08-17 15:00,55.78,52.71,3.07,YES,,,,,,,15m logic removed,,,,,WATCH,👀 WATCH,"Weekly RSI 73.10 > 50, but Hourly RSI has not touched 30 (current 55.78)"
2026-08-17 15:22:25,NSE:IPCALAB,1885.2,65.7,57.98,7.72,2026-08-17 15:00,73.83,42.38,31.45,YES,,,,,,,15m logic removed,,,,,WATCH,👀 WATCH,"Weekly RSI 65.70 > 50, but Hourly RSI has not touched 30 (current 73.83)"
2026-08-17 15:22:25,NSE:J&KBANK,147.94,51.47,55.42,-3.95,2026-08-17 15:00,19.78,39.74,-19.96,NO,,,,,,,15m logic removed,,,,,WATCH,👀 WATCH,Weekly RSI 51.47 > 50 + Hourly RSI touched 30 + 15m price confirmation failed (Close 148.26 <= Previous High 148.93)
2026-08-17 15:22:26,NSE:JINDALSAW,270.5,62.25,61.29,0.97,2026-08-17 15:00,56.24,45.67,10.57,YES,,,,,,,15m logic removed,,,,,WATCH,👀 WATCH,"Weekly RSI 62.25 > 50, but Hourly RSI has not touched 30 (current 56.24)"
2026-08-17 15:22:27,NSE:JSWINFRA,335.25,62.98,64.84,-1.86,2026-08-17 15:00,38.76,47.04,-8.27,NO,,,,,,,15m logic removed,,,,,WATCH,👀 WATCH,"Weekly RSI 62.98 > 50, but Hourly RSI has not touched 30 (current 38.76)"
2026-08-17 15:22:28,NSE:JUBLFOOD,511.55,60.76,59.24,1.52,2026-08-17 15:00,68.63,63.35,5.28,YES,,,,,,,15m logic removed,,,,,WATCH,👀 WATCH,"Weekly RSI 60.76 > 50, but Hourly RSI has not touched 30 (current 68.63)"
2026-08-17 15:22:28,NSE:KAJARIACER,1253.9,63.74,63.7,0.04,2026-08-17 15:00,57.89,62.25,-4.36,NO,,,,,,,15m logic removed,,,,,WATCH,👀 WATCH,"Weekly RSI 63.74 > 50, but Hourly RSI has not touched 30 (current 57.89)"
2026-08-17 15:22:29,NSE:KALYANKJIL,610.0,71.98,71.82,0.15,2026-08-17 15:00,54.28,52.37,1.91,YES,,,,,,,15m logic removed,,,,,WATCH,👀 WATCH,"Weekly RSI 71.98 > 50, but Hourly RSI has not touched 30 (current 54.28)"
2026-08-17 15:22:30,NSE:KAYNES,3654.0,48.35,48.47,-0.11,2026-08-17 15:00,33.08,34.0,-0.92,NO,,,,,,,15m logic removed,,,,,IGNORE,❌ IGNORE,Weekly RSI 48.35 <= 50
2026-08-17 15:22:31,NSE:KIRLOSENG,2099.7,58.97,58.99,-0.02,2026-08-17 15:00,51.5,51.61,-0.11,NO,,,,,,,15m logic removed,,,,,WATCH,👀 WATCH,"Weekly RSI 58.97 > 50, but Hourly RSI has not touched 30 (current 51.50)"
2026-08-17 15:22:32,NSE:KPIL,1408.0,65.2,60.2,5.0,2026-08-17 15:00,65.19,45.74,19.45,YES,,,,,,,15m logic removed,,,,,WATCH,👀 WATCH,"Weekly RSI 65.20 > 50, but Hourly RSI has not touched 30 (current 65.19)"
2026-08-17 15:22:33,NSE:LALPATHLAB,1875.9,68.32,72.68,-4.36,2026-08-17 15:00,20.5,29.71,-9.2,NO,,,,,,,15m logic removed,,,,,WATCH,👀 WATCH,Weekly RSI 68.32 > 50 + Hourly RSI touched 30 + 15m price confirmation failed (Close 1876.3 <= Previous High 1886.3)
2026-08-17 15:22:34,NSE:LAURUSLABS,1801.8,80.05,79.62,0.42,2026-08-17 15:00,37.45,27.84,9.61,YES,,,,,,,15m logic removed,,,,,WATCH,👀 WATCH,"Weekly RSI 80.05 > 50, but Hourly RSI has not touched 30 (current 37.45)"
2026-08-17 15:22:36,NSE:LLOYDSME,1943.0,64.41,63.36,1.05,2026-08-17 15:00,50.63,40.36,10.27,YES,,,,,,,15m logic removed,,,,,WATCH,👀 WATCH,"Weekly RSI 64.41 > 50, but Hourly RSI has not touched 30 (current 50.63)"
2026-08-17 15:22:36,NSE:LODHA,1250.9,64.15,63.8,0.35,2026-08-17 15:00,62.66,59.28,3.38,YES,,,,,,,15m logic removed,,,,,WATCH,👀 WATCH,"Weekly RSI 64.15 > 50, but Hourly RSI has not touched 30 (current 62.66)"
2026-08-17 15:22:37,NSE:LTM,4687.4,56.68,57.49,-0.81,2026-08-17 15:00,42.31,46.99,-4.68,NO,,,,,,,15m logic removed,,,,,WATCH,👀 WATCH,"Weekly RSI 56.68 > 50, but Hourly RSI has not touched 30 (current 42.31)"
2026-08-17 15:22:38,NSE:LTTS,3531.4,50.09,48.22,1.86,2026-08-17 15:00,44.9,31.86,13.04,YES,,,,,,,15m logic removed,,,,,WATCH,👀 WATCH,"Weekly RSI 50.09 > 50, but Hourly RSI has not touched 30 (current 44.90)"
2026-08-17 15:22:39,NSE:M&MFIN,389.0,62.1,62.42,-0.32,2026-08-17 15:00,33.31,34.16,-0.85,NO,,,,,,,15m logic removed,,,,,WATCH,👀 WATCH,"Weekly RSI 62.10 > 50, but Hourly RSI has not touched 30 (current 33.31)"
2026-08-17 15:22:40,NSE:MANYAVAR,544.15,67.44,65.4,2.03,2026-08-17 15:00,75.68,63.87,11.81,YES,,,,,,,15m logic removed,,,,,WATCH,👀 WATCH,"Weekly RSI 67.44 > 50, but Hourly RSI has not touched 30 (current 75.68)"
2026-08-17 15:22:40,NSE:MINDACORP,725.45,70.83,70.15,0.68,2026-08-17 15:00,47.74,44.12,3.62,YES,,,,,,,15m logic removed,,,,,WATCH,👀 WATCH,"Weekly RSI 70.83 > 50, but Hourly RSI has not touched 30 (current 47.74)"
2026-08-17 15:22:41,NSE:MMTC,63.9,49.21,49.89,-0.68,2026-08-17 15:00,43.83,50.32,-6.48,NO,,,,,,,15m logic removed,,,,,IGNORE,❌ IGNORE,Weekly RSI 49.21 <= 50
2026-08-17 15:22:42,NSE:MRPL,177.22,56.72,53.37,3.35,2026-08-17 15:00,63.98,42.0,21.97,YES,,,,,,,15m logic removed,,,,,WATCH,👀 WATCH,"Weekly RSI 56.72 > 50, but Hourly RSI has not touched 30 (current 63.98)"
2026-08-17 15:22:43,NSE:NAUKRI,1354.2,70.85,70.25,0.6,2026-08-17 15:00,59.89,54.38,5.51,YES,,,,,,,15m logic removed,,,,,WATCH,👀 WATCH,"Weekly RSI 70.85 > 50, but Hourly RSI has not touched 30 (current 59.89)"
2026-08-17 15:22:44,NSE:NAVINFLUOR,8161.0,73.01,75.35,-2.34,2026-08-17 15:00,36.32,45.31,-8.99,NO,,,,,,,15m logic removed,,,,,WATCH,👀 WATCH,"Weekly RSI 73.01 > 50, but Hourly RSI has not touched 30 (current 36.32)"
2026-08-17 15:22:45,NSE:NAZARA,350.45,69.92,72.74,-2.83,2026-08-17 15:00,40.63,53.02,-12.39,NO,,,,,,,15m logic removed,,,,,WATCH,👀 WATCH,"Weekly RSI 69.92 > 50, but Hourly RSI has not touched 30 (current 40.63)"
2026-08-17 15:22:45,NSE:NETWEB,5215.0,66.17,63.88,2.29,2026-08-17 15:00,67.62,51.26,16.36,YES,,,,,,,15m logic removed,,,,,WATCH,👀 WATCH,"Weekly RSI 66.17 > 50, but Hourly RSI has not touched 30 (current 67.62)"
2026-08-17 15:22:46,NSE:NEULANDLAB,23628.0,78.11,77.48,0.63,2026-08-17 15:00,73.84,67.62,6.23,YES,,,,,,,15m logic removed,,,,,WATCH,👀 WATCH,"Weekly RSI 78.11 > 50, but Hourly RSI has not touched 30 (current 73.84)"
2026-08-17 15:22:47,NSE:NUVAMA,1732.4,55.51,53.12,2.39,2026-08-17 15:00,64.18,38.18,26.0,YES,,,,,,,15m logic removed,,,,,WATCH,👀 WATCH,"Weekly RSI 55.51 > 50, but Hourly RSI has not touched 30 (current 64.18)"
2026-08-17 15:22:48,NSE:OFSS,11772.0,67.33,68.0,-0.67,2026-08-17 15:00,57.84,62.44,-4.6,NO,,,,,,,15m logic removed,,,,,WATCH,👀 WATCH,"Weekly RSI 67.33 > 50, but Hourly RSI has not touched 30 (current 57.84)"
2026-08-17 15:22:49,NSE:OLECTRA,1321.2,51.91,51.64,0.27,2026-08-17 15:00,29.22,24.79,4.43,YES,,,,,,,15m logic removed,,,,,WATCH,👀 WATCH,Weekly RSI 51.91 > 50 + Hourly RSI touched 30 + 15m price confirmation failed (Close 1317.9 <= Previous High 1321.1)
2026-08-17 15:22:51,NSE:PARAS,1391.0,70.39,69.95,0.44,2026-08-17 15:00,72.66,67.93,4.74,YES,,,,,,,15m logic removed,,,,,WATCH,👀 WATCH,"Weekly RSI 70.39 > 50, but Hourly RSI has not touched 30 (current 72.66)"
2026-08-17 15:22:52,NSE:PAYTM,1589.0,72.23,73.5,-1.27,2026-08-17 15:00,45.6,51.7,-6.1,NO,,,,,,,15m logic removed,,,,,WATCH,👀 WATCH,"Weekly RSI 72.23 > 50, but Hourly RSI has not touched 30 (current 45.60)"
2026-08-17 15:22:53,NSE:POLICYBZR,1740.0,58.4,58.48,-0.08,2026-08-17 15:00,62.42,63.16,-0.74,NO,,,,,,,15m logic removed,,,,,WATCH,👀 WATCH,"Weekly RSI 58.40 > 50, but Hourly RSI has not touched 30 (current 62.42)"
2026-08-17 15:22:54,NSE:POLYMED,1733.9,57.08,60.69,-3.61,2026-08-17 15:00,32.75,42.81,-10.06,NO,,,,,,,15m logic removed,,,,,WATCH,👀 WATCH,"Weekly RSI 57.08 > 50, but Hourly RSI has not touched 30 (current 32.75)"
2026-08-17 15:22:55,NSE:POONAWALLA,499.2,63.44,63.21,0.23,2026-08-17 15:00,62.32,59.54,2.78,YES,,,,,,,15m logic removed,,,,,WATCH,👀 WATCH,"Weekly RSI 63.44 > 50, but Hourly RSI has not touched 30 (current 62.32)"
2026-08-17 15:22:56,NSE:POWERINDIA,35565.0,61.95,62.34,-0.39,2026-08-17 15:00,56.09,59.66,-3.56,NO,,,,,,,15m logic removed,,,,,WATCH,👀 WATCH,"Weekly RSI 61.95 > 50, but Hourly RSI has not touched 30 (current 56.09)"
2026-08-17 15:22:57,NSE:PPLPHARMA,204.99,67.42,68.8,-1.38,2026-08-17 15:00,36.61,44.41,-7.8,NO,,,,,,,15m logic removed,,,,,WATCH,👀 WATCH,"Weekly RSI 67.42 > 50, but Hourly RSI has not touched 30 (current 36.61)"
2026-08-17 15:22:58,NSE:PVRINOX,1193.9,70.02,68.44,1.58,2026-08-17 15:00,60.0,46.36,13.64,YES,,,,,,,15m logic removed,,,,,WATCH,👀 WATCH,"Weekly RSI 70.02 > 50, but Hourly RSI has not touched 30 (current 60.00)"
2026-08-17 15:22:59,NSE:RADICO,4670.0,86.84,86.65,0.19,2026-08-17 15:00,66.61,63.51,3.09,YES,,,,,,,15m logic removed,,,,,WATCH,👀 WATCH,"Weekly RSI 86.84 > 50, but Hourly RSI has not touched 30 (current 66.61)"
2026-08-17 15:23:00,NSE:REDINGTON,333.2,64.73,64.98,-0.25,2026-08-17 15:00,29.94,31.43,-1.5,NO,,,,,,,15m logic removed,,,,,SETUP,🔥 SETUP,Weekly RSI 64.73 > 50 + Hourly RSI touched 30 + 15m Close > Previous 15m High
2026-08-17 15:23:01,NSE:RKFORGE,755.5,74.27,72.41,1.87,2026-08-17 15:00,67.73,47.74,19.99,YES,,,,,,,15m logic removed,,,,,WATCH,👀 WATCH,"Weekly RSI 74.27 > 50, but Hourly RSI has not touched 30 (current 67.73)"
2026-08-17 15:23:02,NSE:RRKABEL,2757.0,75.67,77.31,-1.64,2026-08-17 15:00,41.43,49.34,-7.91,NO,,,,,,,15m logic removed,,,,,WATCH,👀 WATCH,"Weekly RSI 75.67 > 50, but Hourly RSI has not touched 30 (current 41.43)"
2026-08-17 15:23:03,NSE:SAILIFE,1420.0,75.6,80.21,-4.62,2026-08-17 15:00,36.73,47.04,-10.32,NO,,,,,,,15m logic removed,,,,,WATCH,👀 WATCH,"Weekly RSI 75.60 > 50, but Hourly RSI has not touched 30 (current 36.73)"
2026-08-17 15:23:04,NSE:SAPPHIRE,234.37,63.26,63.42,-0.16,2026-08-17 15:00,56.49,57.04,-0.55,NO,,,,,,,15m logic removed,,,,,WATCH,👀 WATCH,"Weekly RSI 63.26 > 50, but Hourly RSI has not touched 30 (current 56.49)"
2026-08-17 15:23:05,NSE:SAREGAMA,525.2,72.66,73.51,-0.84,2026-08-17 15:00,48.93,54.77,-5.84,NO,,,,,,,15m logic removed,,,,,WATCH,👀 WATCH,"Weekly RSI 72.66 > 50, but Hourly RSI has not touched 30 (current 48.93)"
2026-08-17 15:23:06,NSE:SCHAEFFLER,4029.5,48.86,49.35,-0.49,2026-08-17 15:00,36.04,37.92,-1.87,NO,,,,,,,15m logic removed,,,,,IGNORE,❌ IGNORE,Weekly RSI 48.86 <= 50
2026-08-17 15:23:07,NSE:SCHNEIDER,1216.1,51.63,61.78,-10.14,2026-08-17 15:00,16.25,42.18,-25.93,NO,,,,,,,15m logic removed,,,,,WATCH,👀 WATCH,Weekly RSI 51.63 > 50 + Hourly RSI touched 30 + 15m price confirmation failed (Close 1203.8 <= Previous High 1214.0)
2026-08-17 15:23:08,NSE:SIEMENS,3960.0,62.92,62.39,0.53,2026-08-17 15:00,48.5,42.88,5.62,YES,,,,,,,15m logic removed,,,,,WATCH,👀 WATCH,"Weekly RSI 62.92 > 50, but Hourly RSI has not touched 30 (current 48.50)"
2026-08-17 15:23:09,NSE:SOLARINDS,19990.0,71.39,71.31,0.08,2026-08-17 15:00,64.53,64.15,0.37,YES,,,,,,,15m logic removed,,,,,WATCH,👀 WATCH,"Weekly RSI 71.39 > 50, but Hourly RSI has not touched 30 (current 64.53)"
2026-08-17 15:23:13,NSE:SONACOMS,806.6,77.42,76.36,1.07,2026-08-17 15:00,58.25,40.31,17.94,YES,,,,,,,15m logic removed,,,,,WATCH,👀 WATCH,"Weekly RSI 77.42 > 50, but Hourly RSI has not touched 30 (current 58.25)"
2026-08-17 15:23:14,NSE:SONATSOFTW,320.15,56.22,57.83,-1.61,2026-08-17 15:00,42.4,52.07,-9.66,NO,,,,,,,15m logic removed,,,,,WATCH,👀 WATCH,"Weekly RSI 56.22 > 50, but Hourly RSI has not touched 30 (current 42.40)"
2026-08-17 15:23:15,NSE:STARHEALTH,585.85,62.5,62.37,0.13,2026-08-17 15:00,55.15,53.98,1.16,YES,,,,,,,15m logic removed,,,,,WATCH,👀 WATCH,"Weekly RSI 62.50 > 50, but Hourly RSI has not touched 30 (current 55.15)"
2026-08-17 15:23:16,NSE:SUNDRMFAST,1215.05,81.04,81.5,-0.46,2026-08-17 15:00,58.37,61.06,-2.69,NO,,,,,,,15m logic removed,,,,,WATCH,👀 WATCH,"Weekly RSI 81.04 > 50, but Hourly RSI has not touched 30 (current 58.37)"
2026-08-17 15:23:17,NSE:SYRMA,1472.4,69.65,69.38,0.27,2026-08-17 15:00,51.1,45.33,5.77,YES,,,,,,,15m logic removed,,,,,WATCH,👀 WATCH,"Weekly RSI 69.65 > 50, but Hourly RSI has not touched 30 (current 51.10)"
2026-08-17 15:23:18,NSE:TATATECH,840.5,66.18,70.86,-4.68,2026-08-17 15:00,38.11,56.91,-18.8,NO,,,,,,,15m logic removed,,,,,WATCH,👀 WATCH,"Weekly RSI 66.18 > 50, but Hourly RSI has not touched 30 (current 38.11)"
2026-08-17 15:23:19,NSE:TBOTEK,1700.4,67.76,64.85,2.91,2026-08-17 15:00,71.3,51.95,19.36,YES,,,,,,,15m logic removed,,,,,WATCH,👀 WATCH,"Weekly RSI 67.76 > 50, but Hourly RSI has not touched 30 (current 71.30)"
2026-08-17 15:23:21,NSE:TCS,2314.9,44.23,46.4,-2.18,2026-08-17 15:00,31.12,44.8,-13.68,NO,,,,,,,15m logic removed,,,,,IGNORE,❌ IGNORE,Weekly RSI 44.23 <= 50
2026-08-17 15:23:22,NSE:TEJASNET,522.4,51.27,53.53,-2.26,2026-08-17 15:00,39.83,54.76,-14.93,NO,,,,,,,15m logic removed,,,,,WATCH,👀 WATCH,"Weekly RSI 51.27 > 50, but Hourly RSI has not touched 30 (current 39.83)"
2026-08-17 15:23:23,NSE:TVSMOTOR,4366.0,68.3,67.22,1.08,2026-08-17 15:00,53.64,39.14,14.5,YES,,,,,,,15m logic removed,,,,,WATCH,👀 WATCH,"Weekly RSI 68.30 > 50, but Hourly RSI has not touched 30 (current 53.64)"
2026-08-17 15:23:24,NSE:UNIMECH,1511.3,74.93,76.02,-1.1,2026-08-17 15:00,67.66,74.28,-6.63,NO,,,,,,,15m logic removed,,,,,WATCH,👀 WATCH,"Weekly RSI 74.93 > 50, but Hourly RSI has not touched 30 (current 67.66)"
2026-08-17 15:23:25,NSE:UNITDSPR,1545.1,68.41,67.75,0.66,2026-08-17 15:00,59.91,54.93,4.98,YES,,,,,,,15m logic removed,,,,,WATCH,👀 WATCH,"Weekly RSI 68.41 > 50, but Hourly RSI has not touched 30 (current 59.91)"
2026-08-17 15:23:25,NSE:VIJAYA,1505.5,71.07,69.58,1.49,2026-08-17 15:00,62.02,50.58,11.44,YES,,,,,,,15m logic removed,,,,,WATCH,👀 WATCH,"Weekly RSI 71.07 > 50, but Hourly RSI has not touched 30 (current 62.02)"
2026-08-17 15:23:26,NSE:WELCORP,1883.7,88.64,88.47,0.17,2026-08-17 15:00,59.8,50.79,9.01,YES,,,,,,,15m logic removed,,,,,WATCH,👀 WATCH,"Weekly RSI 88.64 > 50, but Hourly RSI has not touched 30 (current 59.80)"
2026-08-17 15:23:27,NSE:ZENTEC,1863.9,59.2,58.95,0.25,2026-08-17 15:00,66.76,64.19,2.56,YES,,,,,,,15m logic removed,,,,,WATCH,👀 WATCH,"Weekly RSI 59.20 > 50, but Hourly RSI has not touched 30 (current 66.76)"
2026-08-17 15:23:28,NSE:ZFCVINDIA,2625.0,58.3,58.94,-0.63,2026-08-17 15:00,51.88,51.88,0.0,YES,,,,,,,15m logic removed,,,,,WATCH,👀 WATCH,"Weekly RSI 58.30 > 50, but Hourly RSI has not touched 30 (current 51.88)"
2026-08-17 15:23:29,NSE:ZYDUSLIFE,1137.0,65.58,65.38,0.2,2026-08-17 15:00,37.24,35.75,1.5,YES,,,,,,,15m logic removed,,,,,WATCH,👀 WATCH,"Weekly RSI 65.58 > 50, but Hourly RSI has not touched 30 (current 37.24)"
2026-08-17 15:26:25,NSE:REDINGTON,333.1,64.7,64.98,-0.28,2026-08-17 15:00,29.81,31.43,-1.62,NO,,,,,,,15m logic removed,,,,,SETUP,🔥 SETUP,Weekly RSI 64.70 > 50 + Hourly RSI touched 30 + 15m Close > Previous 15m High
2026-08-17 15:26:26,NSE:ABBOTINDIA,26890.0,47.76,49.0,-1.25,2026-08-17 15:00,25.46,28.62,-3.16,NO,,,,,,,15m logic removed,,,,,IGNORE,❌ IGNORE,Weekly RSI 47.76 <= 50
2026-08-17 15:26:27,NSE:ACMESOLAR,364.85,62.28,65.76,-3.48,2026-08-17 15:00,35.65,49.08,-13.43,NO,,,,,,,15m logic removed,,,,,WATCH,👀 WATCH,"Weekly RSI 62.28 > 50, but Hourly RSI has not touched 30 (current 35.65)"
2026-08-17 15:26:27,NSE:AEGISLOG,1287.9,67.58,66.7,0.88,2026-08-17 15:00,53.83,40.29,13.54,YES,,,,,,,15m logic removed,,,,,WATCH,👀 WATCH,"Weekly RSI 67.58 > 50, but Hourly RSI has not touched 30 (current 53.83)"
2026-08-17 15:26:28,NSE:AEGISVOPAK,269.0,58.13,58.16,-0.03,2026-08-17 15:00,36.33,37.35,-1.03,NO,,,,,,,15m logic removed,,,,,WATCH,👀 WATCH,"Weekly RSI 58.13 > 50, but Hourly RSI has not touched 30 (current 36.33)"
2026-08-17 15:26:29,NSE:AFFLE,1711.2,63.09,60.66,2.42,2026-08-17 15:00,66.25,53.31,12.94,YES,,,,,,,15m logic removed,,,,,WATCH,👀 WATCH,"Weekly RSI 63.09 > 50, but Hourly RSI has not touched 30 (current 66.25)"
2026-08-17 15:26:30,NSE:AKUMS,742.95,72.18,70.82,1.36,2026-08-17 15:00,54.38,37.07,17.31,YES,,,,,,,15m logic removed,,,,,WATCH,👀 WATCH,"Weekly RSI 72.18 > 50, but Hourly RSI has not touched 30 (current 54.38)"
2026-08-17 15:26:30,NSE:ALIVUS,1394.7,78.74,78.41,0.33,2026-08-17 15:00,63.1,63.23,-0.13,NO,,,,,,,15m logic removed,,,,,WATCH,👀 WATCH,"Weekly RSI 78.74 > 50, but Hourly RSI has not touched 30 (current 63.10)"
2026-08-17 15:26:31,NSE:ANANDRATHI,2177.3,75.03,74.94,0.1,2026-08-17 15:00,53.88,50.58,3.3,YES,,,,,,,15m logic removed,,,,,WATCH,👀 WATCH,"Weekly RSI 75.03 > 50, but Hourly RSI has not touched 30 (current 53.88)"
2026-08-17 15:26:32,NSE:ANANTRAJ,626.75,60.98,61.58,-0.6,2026-08-17 15:00,59.95,65.18,-5.23,NO,,,,,,,15m logic removed,,,,,WATCH,👀 WATCH,"Weekly RSI 60.98 > 50, but Hourly RSI has not touched 30 (current 59.95)"
2026-08-17 15:26:33,NSE:APARINDS,16575.0,70.52,71.5,-0.98,2026-08-17 15:00,40.56,43.5,-2.94,NO,,,,,,,15m logic removed,,,,,WATCH,👀 WATCH,"Weekly RSI 70.52 > 50, but Hourly RSI has not touched 30 (current 40.56)"
2026-08-17 15:26:34,NSE:ARE&M,947.5,60.43,60.26,0.17,2026-08-17 15:00,45.15,44.56,0.59,YES,,,,,,,15m logic removed,,,,,WATCH,👀 WATCH,"Weekly RSI 60.43 > 50, but Hourly RSI has not touched 30 (current 45.15)"
2026-08-17 15:26:35,NSE:ASTERDM,820.0,60.19,60.6,-0.41,2026-08-17 15:00,35.51,38.99,-3.48,NO,,,,,,,15m logic removed,,,,,WATCH,👀 WATCH,"Weekly RSI 60.19 > 50, but Hourly RSI has not touched 30 (current 35.51)"
2026-08-17 15:26:36,NSE:ASTRAMICRO,1705.1,65.13,67.72,-2.59,2026-08-17 15:00,43.59,56.94,-13.36,NO,,,,,,,15m logic removed,,,,,WATCH,👀 WATCH,"Weekly RSI 65.13 > 50, but Hourly RSI has not touched 30 (current 43.59)"
2026-08-17 15:26:36,NSE:ATHERENERG,1483.7,77.98,80.74,-2.76,2026-08-17 15:00,36.74,49.75,-13.01,NO,,,,,,,15m logic removed,,,,,WATCH,👀 WATCH,"Weekly RSI 77.98 > 50, but Hourly RSI has not touched 30 (current 36.74)"
2026-08-17 15:28:59,NSE:REDINGTON,333.0,64.67,64.98,-0.31,2026-08-17 15:00,29.69,31.43,-1.75,NO,,,,,,,15m logic removed,,,,,SETUP,🔥 SETUP,Weekly RSI 64.67 > 50 + Hourly RSI touched 30 + 15m Close > Previous 15m High
2026-08-17 15:29:00,NSE:ABBOTINDIA,26870.0,47.61,49.0,-1.39,2026-08-17 15:00,25.09,28.62,-3.53,NO,,,,,,,15m logic removed,,,,,IGNORE,❌ IGNORE,Weekly RSI 47.61 <= 50
2026-08-17 15:29:00,NSE:ACMESOLAR,364.9,62.3,65.76,-3.46,2026-08-17 15:00,35.71,49.08,-13.37,NO,,,,,,,15m logic removed,,,,,WATCH,👀 WATCH,"Weekly RSI 62.30 > 50, but Hourly RSI has not touched 30 (current 35.71)"
2026-08-17 15:29:01,NSE:AEGISLOG,1289.0,67.63,66.7,0.93,2026-08-17 15:00,54.29,40.29,14.0,YES,,,,,,,15m logic removed,,,,,WATCH,👀 WATCH,"Weekly RSI 67.63 > 50, but Hourly RSI has not touched 30 (current 54.29)"
2026-08-17 15:29:02,NSE:AEGISVOPAK,270.1,58.4,58.16,0.24,2026-08-17 15:00,39.07,37.35,1.72,YES,,,,,,,15m logic removed,,,,,WATCH,👀 WATCH,"Weekly RSI 58.40 > 50, but Hourly RSI has not touched 30 (current 39.07)"
2026-08-17 15:29:03,NSE:AFFLE,1713.1,63.19,60.66,2.52,2026-08-17 15:00,66.68,53.31,13.37,YES,,,,,,,15m logic removed,,,,,WATCH,👀 WATCH,"Weekly RSI 63.19 > 50, but Hourly RSI has not touched 30 (current 66.68)"
2026-08-17 15:29:03,NSE:AKUMS,742.95,72.18,70.82,1.36,2026-08-17 15:00,54.38,37.07,17.31,YES,,,,,,,15m logic removed,,,,,WATCH,👀 WATCH,"Weekly RSI 72.18 > 50, but Hourly RSI has not touched 30 (current 54.38)"
2026-08-17 15:29:04,NSE:ALIVUS,1390.9,78.58,78.41,0.17,2026-08-17 15:00,60.66,63.23,-2.58,NO,,,,,,,15m logic removed,,,,,WATCH,👀 WATCH,"Weekly RSI 78.58 > 50, but Hourly RSI has not touched 30 (current 60.66)"
2026-08-17 15:29:05,NSE:ANANDRATHI,2175.0,74.95,74.94,0.01,2026-08-17 15:00,52.45,50.58,1.87,YES,,,,,,,15m logic removed,,,,,WATCH,👀 WATCH,"Weekly RSI 74.95 > 50, but Hourly RSI has not touched 30 (current 52.45)"
2026-08-17 15:29:06,NSE:ANANTRAJ,625.4,60.73,61.58,-0.85,2026-08-17 15:00,58.01,65.18,-7.16,NO,,,,,,,15m logic removed,,,,,WATCH,👀 WATCH,"Weekly RSI 60.73 > 50, but Hourly RSI has not touched 30 (current 58.01)"
2026-08-17 15:29:07,NSE:APARINDS,16550.0,70.32,71.5,-1.18,2026-08-17 15:00,40.01,43.5,-3.48,NO,,,,,,,15m logic removed,,,,,WATCH,👀 WATCH,"Weekly RSI 70.32 > 50, but Hourly RSI has not touched 30 (current 40.01)"
2026-08-17 15:29:07,NSE:ARE&M,946.85,60.36,60.26,0.1,2026-08-17 15:00,44.52,44.56,-0.04,NO,,,,,,,15m logic removed,,,,,WATCH,👀 WATCH,"Weekly RSI 60.36 > 50, but Hourly RSI has not touched 30 (current 44.52)"
2026-08-17 15:29:08,NSE:ASTERDM,818.6,59.95,60.6,-0.64,2026-08-17 15:00,34.44,38.99,-4.55,NO,,,,,,,15m logic removed,,,,,WATCH,👀 WATCH,"Weekly RSI 59.95 > 50, but Hourly RSI has not touched 30 (current 34.44)"
2026-08-17 15:29:09,NSE:ASTRAMICRO,1707.0,65.27,67.72,-2.45,2026-08-17 15:00,44.13,56.94,-12.81,NO,,,,,,,15m logic removed,,,,,WATCH,👀 WATCH,"Weekly RSI 65.27 > 50, but Hourly RSI has not touched 30 (current 44.13)"
2026-08-17 15:29:10,NSE:ATHERENERG,1483.0,77.91,80.74,-2.82,2026-08-17 15:00,36.54,49.75,-13.22,NO,,,,,,,15m logic removed,,,,,WATCH,👀 WATCH,"Weekly RSI 77.91 > 50, but Hourly RSI has not touched 30 (current 36.54)"
2026-08-17 15:32:23,NSE:REDINGTON,332.8,64.61,64.98,-0.37,2026-08-17 15:00,29.45,31.43,-1.99,NO,,,,,,,15m logic removed,,,,,SETUP,🔥 SETUP,Weekly RSI 64.61 > 50 + Hourly RSI touched 30 + 15m Close > Previous 15m High
2026-08-17 15:32:24,NSE:ABBOTINDIA,26905.0,47.86,49.0,-1.14,2026-08-17 15:00,25.74,28.62,-2.88,NO,,,,,,,15m logic removed,,,,,IGNORE,❌ IGNORE,Weekly RSI 47.86 <= 50
2026-08-17 15:32:25,NSE:ACMESOLAR,364.9,62.3,65.76,-3.46,2026-08-17 15:00,35.71,49.08,-13.37,NO,,,,,,,15m logic removed,,,,,WATCH,👀 WATCH,"Weekly RSI 62.30 > 50, but Hourly RSI has not touched 30 (current 35.71)"
2026-08-17 15:32:26,NSE:AEGISLOG,1287.2,67.56,66.7,0.86,2026-08-17 15:00,53.54,40.29,13.25,YES,,,,,,,15m logic removed,,,,,WATCH,👀 WATCH,"Weekly RSI 67.56 > 50, but Hourly RSI has not touched 30 (current 53.54)"
2026-08-17 15:32:26,NSE:AEGISVOPAK,269.5,58.26,58.16,0.1,2026-08-17 15:00,37.26,37.35,-0.1,NO,,,,,,,15m logic removed,,,,,WATCH,👀 WATCH,"Weekly RSI 58.26 > 50, but Hourly RSI has not touched 30 (current 37.26)"
2026-08-17 15:32:27,NSE:AFFLE,1703.9,62.69,60.66,2.03,2026-08-17 15:00,64.51,53.31,11.2,YES,,,,,,,15m logic removed,,,,,WATCH,👀 WATCH,"Weekly RSI 62.69 > 50, but Hourly RSI has not touched 30 (current 64.51)"
2026-08-17 15:32:28,NSE:AKUMS,744.0,72.27,70.82,1.45,2026-08-17 15:00,55.1,37.07,18.03,YES,,,,,,,15m logic removed,,,,,WATCH,👀 WATCH,"Weekly RSI 72.27 > 50, but Hourly RSI has not touched 30 (current 55.10)"
2026-08-17 15:32:29,NSE:ALIVUS,1394.4,78.73,78.41,0.32,2026-08-17 15:00,62.9,63.23,-0.33,NO,,,,,,,15m logic removed,,,,,WATCH,👀 WATCH,"Weekly RSI 78.73 > 50, but Hourly RSI has not touched 30 (current 62.90)"
2026-08-17 15:32:30,NSE:ANANDRATHI,2176.0,74.99,74.94,0.05,2026-08-17 15:00,53.08,50.58,2.5,YES,,,,,,,15m logic removed,,,,,WATCH,👀 WATCH,"Weekly RSI 74.99 > 50, but Hourly RSI has not touched 30 (current 53.08)"
2026-08-17 15:32:31,NSE:ANANTRAJ,627.55,61.12,61.58,-0.45,2026-08-17 15:00,61.16,65.18,-4.02,NO,,,,,,,15m logic removed,,,,,WATCH,👀 WATCH,"Weekly RSI 61.12 > 50, but Hourly RSI has not touched 30 (current 61.16)"
2026-08-17 15:32:32,NSE:APARINDS,16524.0,70.1,71.5,-1.4,2026-08-17 15:00,39.46,43.5,-4.03,NO,,,,,,,15m logic removed,,,,,WATCH,👀 WATCH,"Weekly RSI 70.10 > 50, but Hourly RSI has not touched 30 (current 39.46)"
2026-08-17 15:32:32,NSE:ARE&M,945.7,60.22,60.26,-0.04,2026-08-17 15:00,43.62,44.56,-0.94,NO,,,,,,,15m logic removed,,,,,WATCH,👀 WATCH,"Weekly RSI 60.22 > 50, but Hourly RSI has not touched 30 (current 43.62)"
2026-08-17 15:32:33,NSE:ASTERDM,819.75,60.15,60.6,-0.45,2026-08-17 15:00,35.32,38.99,-3.67,NO,,,,,,,15m logic removed,,,,,WATCH,👀 WATCH,"Weekly RSI 60.15 > 50, but Hourly RSI has not touched 30 (current 35.32)"
2026-08-17 15:32:34,NSE:ASTRAMICRO,1707.1,65.28,67.72,-2.44,2026-08-17 15:00,44.16,56.94,-12.78,NO,,,,,,,15m logic removed,,,,,WATCH,👀 WATCH,"Weekly RSI 65.28 > 50, but Hourly RSI has not touched 30 (current 44.16)"
2026-08-17 15:32:35,NSE:ATHERENERG,1485.2,78.12,80.74,-2.61,2026-08-17 15:00,37.19,49.75,-12.56,NO,,,,,,,15m logic removed,,,,,WATCH,👀 WATCH,"Weekly RSI 78.12 > 50, but Hourly RSI has not touched 30 (current 37.19)"
2026-08-17 15:39:11,NSE:REDINGTON,332.8,64.61,64.98,-0.37,2026-08-17 15:00,29.45,31.43,-1.99,NO,,,,,,,15m logic removed,,,,,SETUP,🔥 SETUP,Weekly RSI 64.61 > 50 + Hourly RSI touched 30 + 15m Close > Previous 15m High
2026-08-17 15:39:12,NSE:ABBOTINDIA,26905.0,47.86,49.0,-1.14,2026-08-17 15:00,25.74,28.62,-2.88,NO,,,,,,,15m logic removed,,,,,IGNORE,❌ IGNORE,Weekly RSI 47.86 <= 50
2026-08-17 15:39:13,NSE:ACMESOLAR,364.9,62.3,65.76,-3.46,2026-08-17 15:00,35.71,49.08,-13.37,NO,,,,,,,15m logic removed,,,,,WATCH,👀 WATCH,"Weekly RSI 62.30 > 50, but Hourly RSI has not touched 30 (current 35.71)"
2026-08-17 15:39:14,NSE:AEGISLOG,1287.2,67.56,66.7,0.86,2026-08-17 15:00,53.54,40.29,13.25,YES,,,,,,,15m logic removed,,,,,WATCH,👀 WATCH,"Weekly RSI 67.56 > 50, but Hourly RSI has not touched 30 (current 53.54)"
2026-08-17 15:39:14,NSE:AEGISVOPAK,269.5,58.26,58.16,0.1,2026-08-17 15:00,37.26,37.35,-0.1,NO,,,,,,,15m logic removed,,,,,WATCH,👀 WATCH,"Weekly RSI 58.26 > 50, but Hourly RSI has not touched 30 (current 37.26)"
2026-08-17 15:39:15,NSE:AFFLE,1703.9,62.69,60.66,2.03,2026-08-17 15:00,64.51,53.31,11.2,YES,,,,,,,15m logic removed,,,,,WATCH,👀 WATCH,"Weekly RSI 62.69 > 50, but Hourly RSI has not touched 30 (current 64.51)"
2026-08-17 15:39:16,NSE:AKUMS,744.0,72.27,70.82,1.45,2026-08-17 15:00,55.1,37.07,18.03,YES,,,,,,,15m logic removed,,,,,WATCH,👀 WATCH,"Weekly RSI 72.27 > 50, but Hourly RSI has not touched 30 (current 55.10)"
2026-08-17 15:39:17,NSE:ALIVUS,1394.4,78.73,78.41,0.32,2026-08-17 15:00,62.9,63.23,-0.33,NO,,,,,,,15m logic removed,,,,,WATCH,👀 WATCH,"Weekly RSI 78.73 > 50, but Hourly RSI has not touched 30 (current 62.90)"
2026-08-17 15:39:18,NSE:ANANDRATHI,2176.0,74.99,74.94,0.05,2026-08-17 15:00,53.08,50.58,2.5,YES,,,,,,,15m logic removed,,,,,WATCH,👀 WATCH,"Weekly RSI 74.99 > 50, but Hourly RSI has not touched 30 (current 53.08)"
2026-08-17 15:39:18,NSE:ANANTRAJ,627.55,61.12,61.58,-0.45,2026-08-17 15:00,61.16,65.18,-4.02,NO,,,,,,,15m logic removed,,,,,WATCH,👀 WATCH,"Weekly RSI 61.12 > 50, but Hourly RSI has not touched 30 (current 61.16)"
2026-08-17 15:39:19,NSE:APARINDS,16524.0,70.1,71.5,-1.4,2026-08-17 15:00,39.46,43.5,-4.03,NO,,,,,,,15m logic removed,,,,,WATCH,👀 WATCH,"Weekly RSI 70.10 > 50, but Hourly RSI has not touched 30 (current 39.46)"
2026-08-17 15:39:20,NSE:ARE&M,945.7,60.22,60.26,-0.04,2026-08-17 15:00,43.62,44.56,-0.94,NO,,,,,,,15m logic removed,,,,,WATCH,👀 WATCH,"Weekly RSI 60.22 > 50, but Hourly RSI has not touched 30 (current 43.62)"
2026-08-17 15:39:21,NSE:ASTERDM,819.75,60.15,60.6,-0.45,2026-08-17 15:00,35.32,38.99,-3.67,NO,,,,,,,15m logic removed,,,,,WATCH,👀 WATCH,"Weekly RSI 60.15 > 50, but Hourly RSI has not touched 30 (current 35.32)"
2026-08-17 15:39:21,NSE:ASTRAMICRO,1707.1,65.28,67.72,-2.44,2026-08-17 15:00,44.16,56.94,-12.78,NO,,,,,,,15m logic removed,,,,,WATCH,👀 WATCH,"Weekly RSI 65.28 > 50, but Hourly RSI has not touched 30 (current 44.16)"
2026-08-17 15:39:22,NSE:ATHERENERG,1485.2,78.12,80.74,-2.61,2026-08-17 15:00,37.19,49.75,-12.56,NO,,,,,,,15m logic removed,,,,,WATCH,👀 WATCH,"Weekly RSI 78.12 > 50, but Hourly RSI has not touched 30 (current 37.19)"
2026-08-17 19:43:15,NSE:REDINGTON,332.8,64.61,64.98,-0.37,2026-08-17 19:00,29.45,31.43,-1.99,NO,,,,,,,15m logic removed,,,,,SETUP,🔥 SETUP,Weekly RSI 64.61 > 50 + Hourly RSI touched 30 + 15m Close > Previous 15m High
2026-08-17 19:43:17,NSE:ABBOTINDIA,26905.0,47.86,49.0,-1.14,2026-08-17 19:00,25.74,28.62,-2.88,NO,,,,,,,15m logic removed,,,,,IGNORE,❌ IGNORE,Weekly RSI 47.86 <= 50
2026-08-17 19:43:18,NSE:ACMESOLAR,364.9,62.3,65.76,-3.46,2026-08-17 19:00,35.71,49.08,-13.37,NO,,,,,,,15m logic removed,,,,,WATCH,👀 WATCH,"Weekly RSI 62.30 > 50, but Hourly RSI has not touched 30 (current 35.71)"
2026-08-17 19:43:19,NSE:AEGISLOG,1287.2,67.56,66.7,0.86,2026-08-17 19:00,53.54,40.29,13.25,YES,,,,,,,15m logic removed,,,,,WATCH,👀 WATCH,"Weekly RSI 67.56 > 50, but Hourly RSI has not touched 30 (current 53.54)"
2026-08-17 19:43:20,NSE:AEGISVOPAK,269.5,58.26,58.16,0.1,2026-08-17 19:00,37.26,37.35,-0.1,NO,,,,,,,15m logic removed,,,,,WATCH,👀 WATCH,"Weekly RSI 58.26 > 50, but Hourly RSI has not touched 30 (current 37.26)"
2026-08-17 19:43:22,NSE:AFFLE,1703.9,62.69,60.66,2.03,2026-08-17 19:00,64.51,53.31,11.2,YES,,,,,,,15m logic removed,,,,,WATCH,👀 WATCH,"Weekly RSI 62.69 > 50, but Hourly RSI has not touched 30 (current 64.51)"
2026-08-17 19:43:23,NSE:AKUMS,744.0,72.27,70.82,1.45,2026-08-17 19:00,55.1,37.07,18.03,YES,,,,,,,15m logic removed,,,,,WATCH,👀 WATCH,"Weekly RSI 72.27 > 50, but Hourly RSI has not touched 30 (current 55.10)"
2026-08-17 19:43:24,NSE:ALIVUS,1394.4,78.73,78.41,0.32,2026-08-17 19:00,62.9,63.23,-0.33,NO,,,,,,,15m logic removed,,,,,WATCH,👀 WATCH,"Weekly RSI 78.73 > 50, but Hourly RSI has not touched 30 (current 62.90)"
2026-08-17 19:43:25,NSE:ANANDRATHI,2176.0,74.99,74.94,0.05,2026-08-17 19:00,53.08,50.58,2.5,YES,,,,,,,15m logic removed,,,,,WATCH,👀 WATCH,"Weekly RSI 74.99 > 50, but Hourly RSI has not touched 30 (current 53.08)"
2026-08-17 19:43:27,NSE:ANANTRAJ,627.55,61.12,61.58,-0.45,2026-08-17 19:00,61.16,65.18,-4.02,NO,,,,,,,15m logic removed,,,,,WATCH,👀 WATCH,"Weekly RSI 61.12 > 50, but Hourly RSI has not touched 30 (current 61.16)"
2026-08-17 19:43:28,NSE:APARINDS,16524.0,70.1,71.5,-1.4,2026-08-17 19:00,39.46,43.5,-4.03,NO,,,,,,,15m logic removed,,,,,WATCH,👀 WATCH,"Weekly RSI 70.10 > 50, but Hourly RSI has not touched 30 (current 39.46)"
2026-08-17 19:43:29,NSE:ARE&M,945.7,60.22,60.26,-0.04,2026-08-17 19:00,43.62,44.56,-0.94,NO,,,,,,,15m logic removed,,,,,WATCH,👀 WATCH,"Weekly RSI 60.22 > 50, but Hourly RSI has not touched 30 (current 43.62)"
2026-08-17 19:43:31,NSE:ASTERDM,819.75,60.15,60.6,-0.45,2026-08-17 19:00,35.32,38.99,-3.67,NO,,,,,,,15m logic removed,,,,,WATCH,👀 WATCH,"Weekly RSI 60.15 > 50, but Hourly RSI has not touched 30 (current 35.32)"
2026-08-17 19:43:32,NSE:ASTRAMICRO,1707.1,65.28,67.72,-2.44,2026-08-17 19:00,44.16,56.94,-12.78,NO,,,,,,,15m logic removed,,,,,WATCH,👀 WATCH,"Weekly RSI 65.28 > 50, but Hourly RSI has not touched 30 (current 44.16)"
2026-08-17 19:43:34,NSE:ATHERENERG,1485.2,78.12,80.74,-2.61,2026-08-17 19:00,37.19,49.75,-12.56,NO,,,,,,,15m logic removed,,,,,WATCH,👀 WATCH,"Weekly RSI 78.12 > 50, but Hourly RSI has not touched 30 (current 37.19)"
2026-08-17 22:14:27,NSE:LGEINDIA,1667.6,56.06,60.65,-4.6,2026-08-17 22:00,59.07,88.34,-29.26,NO,,,,,,,15m logic removed,,,,,WATCH,👀 WATCH,"Weekly RSI 56.06 > 50, but Hourly RSI has not touched 30 (current 59.07)"
2026-08-17 22:14:29,NSE:ASTRAL,1538.3,53.26,54.81,-1.55,2026-08-17 22:00,56.04,66.6,-10.57,NO,,,,,,,15m logic removed,,,,,WATCH,👀 WATCH,"Weekly RSI 53.26 > 50, but Hourly RSI has not touched 30 (current 56.04)"
2026-08-17 22:14:30,NSE:FINCABLES,1320.85,68.92,65.92,3.01,2026-08-17 22:00,76.01,62.89,13.13,YES,,,,,,,15m logic removed,,,,,WATCH,👀 WATCH,"Weekly RSI 68.92 > 50, but Hourly RSI has not touched 30 (current 76.01)"
2026-08-17 22:14:32,NSE:GODREJAGRO,597.0,53.82,50.07,3.75,2026-08-17 22:00,81.81,72.7,9.11,YES,,,,,,,15m logic removed,,,,,WATCH,👀 WATCH,"Weekly RSI 53.82 > 50, but Hourly RSI has not touched 30 (current 81.81)"
2026-08-17 22:14:33,NSE:HAPPSTMNDS,426.8,58.99,57.5,1.49,2026-08-17 22:00,73.61,69.45,4.17,YES,,,,,,,15m logic removed,,,,,WATCH,👀 WATCH,"Weekly RSI 58.99 > 50, but Hourly RSI has not touched 30 (current 73.61)"
2026-08-17 22:14:34,NSE:NAZARA,350.1,69.74,72.74,-3.0,2026-08-17 22:00,40.04,53.02,-12.98,NO,,,,,,,15m logic removed,,,,,WATCH,👀 WATCH,"Weekly RSI 69.74 > 50, but Hourly RSI has not touched 30 (current 40.04)"
2026-08-17 22:14:36,NSE:OFSS,11789.0,67.53,68.0,-0.47,2026-08-17 22:00,59.16,62.44,-3.28,NO,,,,,,,15m logic removed,,,,,WATCH,👀 WATCH,"Weekly RSI 67.53 > 50, but Hourly RSI has not touched 30 (current 59.16)"
2026-08-17 22:14:37,NSE:REDINGTON,332.8,64.61,64.98,-0.37,2026-08-17 22:00,29.45,31.43,-1.99,NO,,,,,,,15m logic removed,,,,,SETUP,🔥 SETUP,Weekly RSI 64.61 > 50 + Hourly RSI touched 30 + 15m Close > Previous 15m High
2026-08-17 22:14:39,NSE:AARTIIND,526.7,63.99,66.18,-2.2,2026-08-17 22:00,51.88,58.98,-7.1,NO,,,,,,,15m logic removed,,,,,WATCH,👀 WATCH,"Weekly RSI 63.99 > 50, but Hourly RSI has not touched 30 (current 51.88)"
2026-08-17 22:14:40,NSE:ABB,7660.0,63.53,63.4,0.13,2026-08-17 22:00,47.19,45.35,1.84,YES,,,,,,,15m logic removed,,,,,WATCH,👀 WATCH,"Weekly RSI 63.53 > 50, but Hourly RSI has not touched 30 (current 47.19)"
2026-08-17 22:14:41,NSE:ACMESOLAR,364.9,62.3,65.76,-3.46,2026-08-17 22:00,35.71,49.08,-13.37,NO,,,,,,,15m logic removed,,,,,WATCH,👀 WATCH,"Weekly RSI 62.30 > 50, but Hourly RSI has not touched 30 (current 35.71)"
2026-08-17 22:14:43,NSE:ADANIENSOL,1589.1,63.55,66.1,-2.54,2026-08-17 22:00,43.87,56.34,-12.48,NO,,,,,,,15m logic removed,,,,,WATCH,👀 WATCH,"Weekly RSI 63.55 > 50, but Hourly RSI has not touched 30 (current 43.87)"
2026-08-17 22:14:44,NSE:AEGISLOG,1287.2,67.56,66.7,0.86,2026-08-17 22:00,53.54,40.29,13.25,YES,,,,,,,15m logic removed,,,,,WATCH,👀 WATCH,"Weekly RSI 67.56 > 50, but Hourly RSI has not touched 30 (current 53.54)"
2026-08-17 22:14:45,NSE:AJANTPHARM,3718.2,75.37,74.36,1.01,2026-08-17 22:00,78.66,75.0,3.67,YES,,,,,,,15m logic removed,,,,,WATCH,👀 WATCH,"Weekly RSI 75.37 > 50, but Hourly RSI has not touched 30 (current 78.66)"
2026-08-17 22:14:47,NSE:AKUMS,744.0,72.27,70.82,1.45,2026-08-17 22:00,55.1,37.07,18.03,YES,,,,,,,15m logic removed,,,,,WATCH,👀 WATCH,"Weekly RSI 72.27 > 50, but Hourly RSI has not touched 30 (current 55.10)"
2026-08-17 22:14:49,NSE:ALIVUS,1394.4,78.73,78.41,0.32,2026-08-17 22:00,62.9,63.23,-0.33,NO,,,,,,,15m logic removed,,,,,WATCH,👀 WATCH,"Weekly RSI 78.73 > 50, but Hourly RSI has not touched 30 (current 62.90)"
2026-08-17 22:14:50,NSE:ANANDRATHI,2176.0,74.99,74.94,0.05,2026-08-17 22:00,53.08,50.58,2.5,YES,,,,,,,15m logic removed,,,,,WATCH,👀 WATCH,"Weekly RSI 74.99 > 50, but Hourly RSI has not touched 30 (current 53.08)"
2026-08-17 22:14:52,NSE:APARINDS,16524.0,70.1,71.5,-1.4,2026-08-17 22:00,39.46,43.5,-4.03,NO,,,,,,,15m logic removed,,,,,WATCH,👀 WATCH,"Weekly RSI 70.10 > 50, but Hourly RSI has not touched 30 (current 39.46)"
2026-08-17 22:14:53,NSE:ASHOKLEY,177.1,56.58,54.11,2.47,2026-08-17 22:00,52.73,34.46,18.27,YES,,,,,,,15m logic removed,,,,,WATCH,👀 WATCH,"Weekly RSI 56.58 > 50, but Hourly RSI has not touched 30 (current 52.73)"
2026-08-17 22:14:54,NSE:ASTERDM,819.75,60.15,60.6,-0.45,2026-08-17 22:00,35.32,38.99,-3.67,NO,,,,,,,15m logic removed,,,,,WATCH,👀 WATCH,"Weekly RSI 60.15 > 50, but Hourly RSI has not touched 30 (current 35.32)"
2026-08-17 22:14:56,NSE:ASTRAMICRO,1707.1,65.28,67.72,-2.44,2026-08-17 22:00,44.16,56.94,-12.78,NO,,,,,,,15m logic removed,,,,,WATCH,👀 WATCH,"Weekly RSI 65.28 > 50, but Hourly RSI has not touched 30 (current 44.16)"
2026-08-17 22:14:57,NSE:ATHERENERG,1485.2,78.12,80.74,-2.61,2026-08-17 22:00,37.19,49.75,-12.56,NO,,,,,,,15m logic removed,,,,,WATCH,👀 WATCH,"Weekly RSI 78.12 > 50, but Hourly RSI has not touched 30 (current 37.19)"
2026-08-17 22:14:58,NSE:AUROPHARMA,1627.2,67.42,67.08,0.33,2026-08-17 22:00,40.06,36.13,3.93,YES,,,,,,,15m logic removed,,,,,WATCH,👀 WATCH,"Weekly RSI 67.42 > 50, but Hourly RSI has not touched 30 (current 40.06)"
2026-08-17 22:15:00,NSE:BAJAJ-AUTO,11663.0,71.28,72.09,-0.81,2026-08-17 22:00,45.79,50.25,-4.46,NO,,,,,,,15m logic removed,,,,,WATCH,👀 WATCH,"Weekly RSI 71.28 > 50, but Hourly RSI has not touched 30 (current 45.79)"
2026-08-17 22:15:01,NSE:BALRAMCHIN,655.75,73.94,70.01,3.93,2026-08-17 22:00,71.81,52.97,18.84,YES,,,,,,,15m logic removed,,,,,WATCH,👀 WATCH,"Weekly RSI 73.94 > 50, but Hourly RSI has not touched 30 (current 71.81)"
2026-08-17 22:15:03,NSE:BANKBARODA,246.55,40.9,41.63,-0.73,2026-08-17 22:00,39.81,47.79,-7.98,NO,,,,,,,15m logic removed,,,,,IGNORE,❌ IGNORE,Weekly RSI 40.90 <= 50
2026-08-17 22:15:05,NSE:BANKINDIA,143.75,49.74,50.15,-0.41,2026-08-17 22:00,48.68,51.31,-2.63,NO,,,,,,,15m logic removed,,,,,IGNORE,❌ IGNORE,Weekly RSI 49.74 <= 50
2026-08-17 22:15:06,NSE:BDL,1380.0,53.27,54.59,-1.31,2026-08-17 22:00,61.48,71.62,-10.14,NO,,,,,,,15m logic removed,,,,,WATCH,👀 WATCH,"Weekly RSI 53.27 > 50, but Hourly RSI has not touched 30 (current 61.48)"
2026-08-17 22:15:07,NSE:BEL,412.45,49.3,48.71,0.58,2026-08-17 22:00,67.73,63.83,3.9,YES,,,,,,,15m logic removed,,,,,IGNORE,❌ IGNORE,Weekly RSI 49.30 <= 50
2026-08-17 22:15:09,NSE:BEML,1908.5,57.62,55.85,1.77,2026-08-17 22:00,59.15,43.7,15.45,YES,,,,,,,15m logic removed,,,,,WATCH,👀 WATCH,"Weekly RSI 57.62 > 50, but Hourly RSI has not touched 30 (current 59.15)"
2026-08-17 22:15:11,NSE:BHARATFORG,2093.0,58.81,57.47,1.34,2026-08-17 22:00,51.54,39.8,11.75,YES,,,,,,,15m logic removed,,,,,WATCH,👀 WATCH,"Weekly RSI 58.81 > 50, but Hourly RSI has not touched 30 (current 51.54)"
2026-08-17 22:15:12,NSE:BHEL,435.95,67.89,65.48,2.41,2026-08-17 22:00,73.6,59.51,14.1,YES,,,,,,,15m logic removed,,,,,WATCH,👀 WATCH,"Weekly RSI 67.89 > 50, but Hourly RSI has not touched 30 (current 73.60)"
2026-08-17 22:15:13,NSE:BOSCHLTD,46970.0,72.41,72.96,-0.54,2026-08-17 22:00,65.55,68.93,-3.38,NO,,,,,,,15m logic removed,,,,,WATCH,👀 WATCH,"Weekly RSI 72.41 > 50, but Hourly RSI has not touched 30 (current 65.55)"
2026-08-17 22:15:16,NSE:CANBK,131.1,48.7,48.86,-0.16,2026-08-17 22:00,50.53,52.16,-1.63,NO,,,,,,,15m logic removed,,,,,IGNORE,❌ IGNORE,Weekly RSI 48.70 <= 50
2026-08-17 22:15:18,NSE:CAPLIPOINT,2522.0,66.87,65.36,1.51,2026-08-17 22:00,51.61,43.22,8.4,YES,,,,,,,15m logic removed,,,,,WATCH,👀 WATCH,"Weekly RSI 66.87 > 50, but Hourly RSI has not touched 30 (current 51.61)"
2026-08-17 22:15:21,NSE:CENTRALBK,31.27,39.87,40.36,-0.49,2026-08-17 22:00,44.76,54.82,-10.07,NO,,,,,,,15m logic removed,,,,,IGNORE,❌ IGNORE,Weekly RSI 39.87 <= 50
2026-08-17 22:15:22,NSE:CGPOWER,898.8,59.39,58.34,1.04,2026-08-17 22:00,69.37,61.02,8.35,YES,,,,,,,15m logic removed,,,,,WATCH,👀 WATCH,"Weekly RSI 59.39 > 50, but Hourly RSI has not touched 30 (current 69.37)"
2026-08-17 22:15:24,NSE:CHENNPETRO,1382.4,72.78,69.87,2.91,2026-08-17 22:00,62.83,43.2,19.63,YES,,,,,,,15m logic removed,,,,,WATCH,👀 WATCH,"Weekly RSI 72.78 > 50, but Hourly RSI has not touched 30 (current 62.83)"
2026-08-17 22:15:26,NSE:COHANCE,444.75,49.37,48.61,0.76,2026-08-17 22:00,49.67,44.28,5.39,YES,,,,,,,15m logic removed,,,,,IGNORE,❌ IGNORE,Weekly RSI 49.37 <= 50
2026-08-17 22:15:27,NSE:CYIENTDLM,737.45,86.16,84.24,1.92,2026-08-17 22:00,66.12,47.59,18.54,YES,,,,,,,15m logic removed,,,,,WATCH,👀 WATCH,"Weekly RSI 86.16 > 50, but Hourly RSI has not touched 30 (current 66.12)"
2026-08-17 22:15:29,NSE:DATAPATTNS,4528.7,61.45,60.33,1.12,2026-08-17 22:00,57.14,47.42,9.72,YES,,,,,,,15m logic removed,,,,,WATCH,👀 WATCH,"Weekly RSI 61.45 > 50, but Hourly RSI has not touched 30 (current 57.14)"
2026-08-17 22:15:30,NSE:DIVISLAB,8481.5,83.46,83.43,0.03,2026-08-17 22:00,51.23,50.63,0.6,YES,,,,,,,15m logic removed,,,,,WATCH,👀 WATCH,"Weekly RSI 83.46 > 50, but Hourly RSI has not touched 30 (current 51.23)"
2026-08-17 22:15:32,NSE:DYNAMATECH,11123.0,55.98,56.53,-0.55,2026-08-17 22:00,57.35,63.6,-6.25,NO,,,,,,,15m logic removed,,,,,WATCH,👀 WATCH,"Weekly RSI 55.98 > 50, but Hourly RSI has not touched 30 (current 57.35)"
2026-08-17 22:15:33,NSE:EICHERMOT,8050.0,64.11,64.56,-0.46,2026-08-17 22:00,48.67,52.29,-3.62,NO,,,,,,,15m logic removed,,,,,WATCH,👀 WATCH,"Weekly RSI 64.11 > 50, but Hourly RSI has not touched 30 (current 48.67)"
2026-08-17 22:15:34,NSE:ENRIN,3605.7,57.06,55.76,1.3,2026-08-17 22:00,62.14,47.59,14.56,YES,,,,,,,15m logic removed,,,,,WATCH,👀 WATCH,"Weekly RSI 57.06 > 50, but Hourly RSI has not touched 30 (current 62.14)"
2026-08-17 22:15:35,NSE:EXIDEIND,475.7,72.56,72.73,-0.16,2026-08-17 22:00,37.75,37.89,-0.14,NO,,,,,,,15m logic removed,,,,,WATCH,👀 WATCH,"Weekly RSI 72.56 > 50, but Hourly RSI has not touched 30 (current 37.75)"
2026-08-17 22:15:37,NSE:GLAND,2910.2,76.07,79.58,-3.51,2026-08-17 22:00,51.48,65.46,-13.98,NO,,,,,,,15m logic removed,,,,,WATCH,👀 WATCH,"Weekly RSI 76.07 > 50, but Hourly RSI has not touched 30 (current 51.48)"
2026-08-17 22:15:38,NSE:GRANULES,861.55,66.75,66.44,0.31,2026-08-17 22:00,55.06,43.58,11.48,YES,,,,,,,15m logic removed,,,,,WATCH,👀 WATCH,"Weekly RSI 66.75 > 50, but Hourly RSI has not touched 30 (current 55.06)"
2026-08-17 22:15:40,NSE:HAL,5059.0,67.95,67.39,0.56,2026-08-17 22:00,71.09,67.38,3.71,YES,,,,,,,15m logic removed,,,,,WATCH,👀 WATCH,"Weekly RSI 67.95 > 50, but Hourly RSI has not touched 30 (current 71.09)"
2026-08-17 22:15:41,NSE:HEROMOTOCO,5745.0,62.44,63.8,-1.36,2026-08-17 22:00,39.74,45.35,-5.61,NO,,,,,,,15m logic removed,,,,,WATCH,👀 WATCH,"Weekly RSI 62.44 > 50, but Hourly RSI has not touched 30 (current 39.74)"
2026-08-17 22:15:43,NSE:HFCL,219.5,74.24,76.42,-2.19,2026-08-17 22:00,45.69,52.38,-6.69,NO,,,,,,,15m logic removed,,,,,WATCH,👀 WATCH,"Weekly RSI 74.24 > 50, but Hourly RSI has not touched 30 (current 45.69)"
2026-08-17 22:15:45,NSE:HONASA,481.65,71.17,79.49,-8.32,2026-08-17 22:00,49.26,70.24,-20.98,NO,,,,,,,15m logic removed,,,,,WATCH,👀 WATCH,"Weekly RSI 71.17 > 50, but Hourly RSI has not touched 30 (current 49.26)"
2026-08-17 22:15:46,NSE:HSCL,787.4,72.9,72.38,0.51,2026-08-17 22:00,66.12,59.78,6.35,YES,,,,,,,15m logic removed,,,,,WATCH,👀 WATCH,"Weekly RSI 72.90 > 50, but Hourly RSI has not touched 30 (current 66.12)"
2026-08-17 22:15:47,NSE:IFCI,78.93,60.35,58.71,1.64,2026-08-17 22:00,69.94,57.27,12.66,YES,,,,,,,15m logic removed,,,,,WATCH,👀 WATCH,"Weekly RSI 60.35 > 50, but Hourly RSI has not touched 30 (current 69.94)"
2026-08-17 22:15:49,NSE:INDIANB,881.2,53.91,55.95,-2.03,2026-08-17 22:00,41.97,56.31,-14.33,NO,,,,,,,15m logic removed,,,,,WATCH,👀 WATCH,"Weekly RSI 53.91 > 50, but Hourly RSI has not touched 30 (current 41.97)"
2026-08-17 22:15:50,NSE:INOXINDIA,1950.8,73.13,72.82,0.31,2026-08-17 22:00,56.12,52.71,3.41,YES,,,,,,,15m logic removed,,,,,WATCH,👀 WATCH,"Weekly RSI 73.13 > 50, but Hourly RSI has not touched 30 (current 56.12)"
2026-08-17 22:15:52,NSE:IPCALAB,1884.6,65.67,57.98,7.7,2026-08-17 22:00,73.78,42.38,31.39,YES,,,,,,,15m logic removed,,,,,WATCH,👀 WATCH,"Weekly RSI 65.67 > 50, but Hourly RSI has not touched 30 (current 73.78)"
2026-08-17 22:15:54,NSE:JINDALSAW,270.4,62.23,61.29,0.94,2026-08-17 22:00,55.97,45.67,10.31,YES,,,,,,,15m logic removed,,,,,WATCH,👀 WATCH,"Weekly RSI 62.23 > 50, but Hourly RSI has not touched 30 (current 55.97)"
2026-08-17 22:15:55,NSE:KIRLOSENG,2101.6,59.03,58.99,0.04,2026-08-17 22:00,52.15,51.61,0.54,YES,,,,,,,15m logic removed,,,,,WATCH,👀 WATCH,"Weekly RSI 59.03 > 50, but Hourly RSI has not touched 30 (current 52.15)"
2026-08-17 22:15:56,NSE:LALPATHLAB,1877.3,68.46,72.68,-4.22,2026-08-17 22:00,20.76,29.71,-8.94,NO,,,,,,,15m logic removed,,,,,WATCH,👀 WATCH,Weekly RSI 68.46 > 50 + Hourly RSI touched 30 + 15m price confirmation failed (Close 1872.0 <= Previous High 1886.3)
2026-08-17 22:15:58,NSE:LAURUSLABS,1809.7,80.27,79.62,0.65,2026-08-17 22:00,41.68,27.84,13.84,YES,,,,,,,15m logic removed,,,,,WATCH,👀 WATCH,"Weekly RSI 80.27 > 50, but Hourly RSI has not touched 30 (current 41.68)"
2026-08-17 22:15:59,NSE:LLOYDSME,1942.0,64.37,63.36,1.0,2026-08-17 22:00,50.27,40.36,9.91,YES,,,,,,,15m logic removed,,,,,WATCH,👀 WATCH,"Weekly RSI 64.37 > 50, but Hourly RSI has not touched 30 (current 50.27)"
2026-08-17 22:16:00,NSE:M&M,3390.4,55.84,57.66,-1.83,2026-08-17 22:00,40.1,50.6,-10.5,NO,,,,,,,15m logic removed,,,,,WATCH,👀 WATCH,"Weekly RSI 55.84 > 50, but Hourly RSI has not touched 30 (current 40.10)"
2026-08-17 22:16:02,NSE:MAHABANK,81.1,56.17,54.88,1.29,2026-08-17 22:00,55.33,48.29,7.04,YES,,,,,,,15m logic removed,,,,,WATCH,👀 WATCH,"Weekly RSI 56.17 > 50, but Hourly RSI has not touched 30 (current 55.33)"
2026-08-17 22:16:04,NSE:MAZDOCK,2569.7,54.24,54.76,-0.52,2026-08-17 22:00,54.58,59.88,-5.3,NO,,,,,,,15m logic removed,,,,,WATCH,👀 WATCH,"Weekly RSI 54.24 > 50, but Hourly RSI has not touched 30 (current 54.58)"
2026-08-17 22:16:05,NSE:MIDHANI,428.6,58.12,55.61,2.51,2026-08-17 22:00,53.09,43.9,9.19,YES,,,,,,,15m logic removed,,,,,WATCH,👀 WATCH,"Weekly RSI 58.12 > 50, but Hourly RSI has not touched 30 (current 53.09)"
2026-08-17 22:16:06,NSE:MOTHERSON,168.06,73.83,74.11,-0.28,2026-08-17 22:00,52.12,54.15,-2.02,NO,,,,,,,15m logic removed,,,,,WATCH,👀 WATCH,"Weekly RSI 73.83 > 50, but Hourly RSI has not touched 30 (current 52.12)"
2026-08-17 22:16:07,NSE:MTARTECH,7057.0,60.34,60.33,0.01,2026-08-17 22:00,50.19,49.55,0.64,YES,,,,,,,15m logic removed,,,,,WATCH,👀 WATCH,"Weekly RSI 60.34 > 50, but Hourly RSI has not touched 30 (current 50.19)"
2026-08-17 22:16:09,NSE:NETWEB,5212.4,66.14,63.88,2.26,2026-08-17 22:00,67.48,51.26,16.23,YES,,,,,,,15m logic removed,,,,,WATCH,👀 WATCH,"Weekly RSI 66.14 > 50, but Hourly RSI has not touched 30 (current 67.48)"
2026-08-17 22:16:10,NSE:NEULANDLAB,23661.0,78.18,77.48,0.69,2026-08-17 22:00,74.39,67.62,6.77,YES,,,,,,,15m logic removed,,,,,WATCH,👀 WATCH,"Weekly RSI 78.18 > 50, but Hourly RSI has not touched 30 (current 74.39)"
2026-08-17 22:16:12,NSE:PARAS,1388.5,70.31,69.95,0.36,2026-08-17 22:00,72.12,67.93,4.19,YES,,,,,,,15m logic removed,,,,,WATCH,👀 WATCH,"Weekly RSI 70.31 > 50, but Hourly RSI has not touched 30 (current 72.12)"
2026-08-17 22:16:13,NSE:PNB,117.32,58.55,59.68,-1.13,2026-08-17 22:00,50.9,57.23,-6.32,NO,,,,,,,15m logic removed,,,,,WATCH,👀 WATCH,"Weekly RSI 58.55 > 50, but Hourly RSI has not touched 30 (current 50.90)"
2026-08-17 22:16:15,NSE:POLYMED,1733.6,57.06,60.69,-3.63,2026-08-17 22:00,32.7,42.81,-10.11,NO,,,,,,,15m logic removed,,,,,WATCH,👀 WATCH,"Weekly RSI 57.06 > 50, but Hourly RSI has not touched 30 (current 32.70)"
2026-08-17 22:16:17,NSE:POWERINDIA,35450.0,61.62,62.34,-0.72,2026-08-17 22:00,53.38,59.66,-6.28,NO,,,,,,,15m logic removed,,,,,WATCH,👀 WATCH,"Weekly RSI 61.62 > 50, but Hourly RSI has not touched 30 (current 53.38)"
2026-08-17 22:16:19,NSE:PSB,23.68,42.5,41.86,0.64,2026-08-17 22:00,48.64,44.65,3.98,YES,,,,,,,15m logic removed,,,,,IGNORE,❌ IGNORE,Weekly RSI 42.50 <= 50
2026-08-17 22:16:20,NSE:RADICO,4693.4,87.06,86.65,0.41,2026-08-17 22:00,69.62,63.51,6.11,YES,,,,,,,15m logic removed,,,,,WATCH,👀 WATCH,"Weekly RSI 87.06 > 50, but Hourly RSI has not touched 30 (current 69.62)"
2026-08-17 22:16:21,NSE:RKFORGE,755.0,74.24,72.41,1.83,2026-08-17 22:00,67.44,47.74,19.7,YES,,,,,,,15m logic removed,,,,,WATCH,👀 WATCH,"Weekly RSI 74.24 > 50, but Hourly RSI has not touched 30 (current 67.44)"
2026-08-17 22:16:23,NSE:RRKABEL,2748.6,75.2,77.31,-2.11,2026-08-17 22:00,39.59,49.34,-9.74,NO,,,,,,,15m logic removed,,,,,WATCH,👀 WATCH,"Weekly RSI 75.20 > 50, but Hourly RSI has not touched 30 (current 39.59)"
2026-08-17 22:16:24,NSE:SAILIFE,1416.4,75.07,80.21,-5.14,2026-08-17 22:00,35.48,47.04,-11.56,NO,,,,,,,15m logic removed,,,,,WATCH,👀 WATCH,"Weekly RSI 75.07 > 50, but Hourly RSI has not touched 30 (current 35.48)"
2026-08-17 22:16:25,NSE:SAREGAMA,523.4,71.96,73.51,-1.55,2026-08-17 22:00,47.14,54.77,-7.63,NO,,,,,,,15m logic removed,,,,,WATCH,👀 WATCH,"Weekly RSI 71.96 > 50, but Hourly RSI has not touched 30 (current 47.14)"
2026-08-17 22:16:27,NSE:SOLARINDS,20000.0,71.43,71.31,0.12,2026-08-17 22:00,64.7,64.15,0.55,YES,,,,,,,15m logic removed,,,,,WATCH,👀 WATCH,"Weekly RSI 71.43 > 50, but Hourly RSI has not touched 30 (current 64.70)"
2026-08-17 22:16:28,NSE:SONACOMS,805.1,77.32,76.36,0.96,2026-08-17 22:00,56.92,40.31,16.61,YES,,,,,,,15m logic removed,,,,,WATCH,👀 WATCH,"Weekly RSI 77.32 > 50, but Hourly RSI has not touched 30 (current 56.92)"
2026-08-17 22:16:29,NSE:SYRMA,1467.9,69.48,69.38,0.1,2026-08-17 22:00,49.15,45.33,3.82,YES,,,,,,,15m logic removed,,,,,WATCH,👀 WATCH,"Weekly RSI 69.48 > 50, but Hourly RSI has not touched 30 (current 49.15)"
2026-08-17 22:16:31,NSE:TORNTPHARM,4900.0,62.68,61.07,1.61,2026-08-17 22:00,53.55,38.58,14.97,YES,,,,,,,15m logic removed,,,,,WATCH,👀 WATCH,"Weekly RSI 62.68 > 50, but Hourly RSI has not touched 30 (current 53.55)"
2026-08-17 22:16:32,NSE:TVSMOTOR,4385.9,68.65,67.22,1.43,2026-08-17 22:00,57.09,39.14,17.95,YES,,,,,,,15m logic removed,,,,,WATCH,👀 WATCH,"Weekly RSI 68.65 > 50, but Hourly RSI has not touched 30 (current 57.09)"
2026-08-17 22:16:34,NSE:UCOBANK,26.11,45.89,45.14,0.75,2026-08-17 22:00,49.48,42.54,6.95,YES,,,,,,,15m logic removed,,,,,IGNORE,❌ IGNORE,Weekly RSI 45.89 <= 50
2026-08-17 22:16:35,NSE:UNIMECH,1511.3,74.93,76.02,-1.1,2026-08-17 22:00,67.66,74.28,-6.63,NO,,,,,,,15m logic removed,,,,,WATCH,👀 WATCH,"Weekly RSI 74.93 > 50, but Hourly RSI has not touched 30 (current 67.66)"
2026-08-17 22:16:37,NSE:UNIONBANK,188.9,63.02,62.19,0.84,2026-08-17 22:00,61.7,56.67,5.03,YES,,,,,,,15m logic removed,,,,,WATCH,👀 WATCH,"Weekly RSI 63.02 > 50, but Hourly RSI has not touched 30 (current 61.70)"
2026-08-17 22:16:39,NSE:UNOMINDA,1269.9,60.79,58.5,2.29,2026-08-17 22:00,64.63,41.61,23.02,YES,,,,,,,15m logic removed,,,,,WATCH,👀 WATCH,"Weekly RSI 60.79 > 50, but Hourly RSI has not touched 30 (current 64.63)"
2026-08-17 22:16:40,NSE:VIJAYA,1506.6,71.12,69.58,1.53,2026-08-17 22:00,62.27,50.58,11.69,YES,,,,,,,15m logic removed,,,,,WATCH,👀 WATCH,"Weekly RSI 71.12 > 50, but Hourly RSI has not touched 30 (current 62.27)"
2026-08-17 22:16:41,NSE:WELCORP,1882.0,88.61,88.47,0.14,2026-08-17 22:00,58.99,50.79,8.2,YES,,,,,,,15m logic removed,,,,,WATCH,👀 WATCH,"Weekly RSI 88.61 > 50, but Hourly RSI has not touched 30 (current 58.99)"
2026-08-17 22:16:43,NSE:WOCKPHARMA,1898.8,58.71,60.66,-1.96,2026-08-17 22:00,43.4,53.17,-9.77,NO,,,,,,,15m logic removed,,,,,WATCH,👀 WATCH,"Weekly RSI 58.71 > 50, but Hourly RSI has not touched 30 (current 43.40)"
2026-08-17 22:16:44,NSE:ZENTEC,1864.5,59.22,58.95,0.27,2026-08-17 22:00,66.92,64.19,2.72,YES,,,,,,,15m logic removed,,,,,WATCH,👀 WATCH,"Weekly RSI 59.22 > 50, but Hourly RSI has not touched 30 (current 66.92)"
2026-08-17 22:16:45,NSE:ZYDUSLIFE,1131.5,64.59,65.38,-0.79,2026-08-17 22:00,34.08,35.75,-1.67,NO,,,,,,,15m logic removed,,,,,WATCH,👀 WATCH,"Weekly RSI 64.59 > 50, but Hourly RSI has not touched 30 (current 34.08)"
2026-08-17 23:14:48,NSE:LGEINDIA,1667.6,56.06,60.65,-4.6,2026-08-17 23:00,59.07,88.34,-29.26,NO,,,,,,,15m logic removed,,,,,WATCH,👀 WATCH,"Weekly RSI 56.06 > 50, but Hourly RSI has not touched 30 (current 59.07)"
2026-08-17 23:14:50,NSE:ASTRAL,1538.3,53.26,54.81,-1.55,2026-08-17 23:00,56.04,66.6,-10.57,NO,,,,,,,15m logic removed,,,,,WATCH,👀 WATCH,"Weekly RSI 53.26 > 50, but Hourly RSI has not touched 30 (current 56.04)"
2026-08-17 23:14:51,NSE:FINCABLES,1320.85,68.92,65.92,3.01,2026-08-17 23:00,76.01,62.89,13.13,YES,,,,,,,15m logic removed,,,,,WATCH,👀 WATCH,"Weekly RSI 68.92 > 50, but Hourly RSI has not touched 30 (current 76.01)"
2026-08-17 23:14:52,NSE:GODREJAGRO,597.0,53.82,50.07,3.75,2026-08-17 23:00,81.81,72.7,9.11,YES,,,,,,,15m logic removed,,,,,WATCH,👀 WATCH,"Weekly RSI 53.82 > 50, but Hourly RSI has not touched 30 (current 81.81)"
2026-08-17 23:14:53,NSE:HAPPSTMNDS,426.8,58.99,57.5,1.49,2026-08-17 23:00,73.61,69.45,4.17,YES,,,,,,,15m logic removed,,,,,WATCH,👀 WATCH,"Weekly RSI 58.99 > 50, but Hourly RSI has not touched 30 (current 73.61)"
2026-08-17 23:14:55,NSE:NAZARA,350.1,69.74,72.74,-3.0,2026-08-17 23:00,40.04,53.02,-12.98,NO,,,,,,,15m logic removed,,,,,WATCH,👀 WATCH,"Weekly RSI 69.74 > 50, but Hourly RSI has not touched 30 (current 40.04)"
2026-08-17 23:14:57,NSE:OFSS,11789.0,67.53,68.0,-0.47,2026-08-17 23:00,59.16,62.44,-3.28,NO,,,,,,,15m logic removed,,,,,WATCH,👀 WATCH,"Weekly RSI 67.53 > 50, but Hourly RSI has not touched 30 (current 59.16)"
2026-08-17 23:14:58,NSE:REDINGTON,332.8,64.61,64.98,-0.37,2026-08-17 23:00,29.45,31.43,-1.99,NO,,,,,,,15m logic removed,,,,,SETUP,🔥 SETUP,Weekly RSI 64.61 > 50 + Hourly RSI touched 30 + 15m Close > Previous 15m High
2026-08-17 23:14:59,NSE:AARTIIND,526.7,63.99,66.18,-2.2,2026-08-17 23:00,51.88,58.98,-7.1,NO,,,,,,,15m logic removed,,,,,WATCH,👀 WATCH,"Weekly RSI 63.99 > 50, but Hourly RSI has not touched 30 (current 51.88)"
2026-08-17 23:15:00,NSE:ABB,7660.0,63.53,63.4,0.13,2026-08-17 23:00,47.19,45.35,1.84,YES,,,,,,,15m logic removed,,,,,WATCH,👀 WATCH,"Weekly RSI 63.53 > 50, but Hourly RSI has not touched 30 (current 47.19)"
2026-08-17 23:15:02,NSE:ACMESOLAR,364.9,62.3,65.76,-3.46,2026-08-17 23:00,35.71,49.08,-13.37,NO,,,,,,,15m logic removed,,,,,WATCH,👀 WATCH,"Weekly RSI 62.30 > 50, but Hourly RSI has not touched 30 (current 35.71)"
2026-08-17 23:15:03,NSE:ADANIENSOL,1589.1,63.55,66.1,-2.54,2026-08-17 23:00,43.87,56.34,-12.48,NO,,,,,,,15m logic removed,,,,,WATCH,👀 WATCH,"Weekly RSI 63.55 > 50, but Hourly RSI has not touched 30 (current 43.87)"
2026-08-17 23:15:04,NSE:AEGISLOG,1287.2,67.56,66.7,0.86,2026-08-17 23:00,53.54,40.29,13.25,YES,,,,,,,15m logic removed,,,,,WATCH,👀 WATCH,"Weekly RSI 67.56 > 50, but Hourly RSI has not touched 30 (current 53.54)"
2026-08-17 23:15:05,NSE:AJANTPHARM,3718.2,75.37,74.36,1.01,2026-08-17 23:00,78.66,75.0,3.67,YES,,,,,,,15m logic removed,,,,,WATCH,👀 WATCH,"Weekly RSI 75.37 > 50, but Hourly RSI has not touched 30 (current 78.66)"
2026-08-17 23:15:07,NSE:AKUMS,744.0,72.27,70.82,1.45,2026-08-17 23:00,55.1,37.07,18.03,YES,,,,,,,15m logic removed,,,,,WATCH,👀 WATCH,"Weekly RSI 72.27 > 50, but Hourly RSI has not touched 30 (current 55.10)"
2026-08-17 23:15:08,NSE:ALIVUS,1394.4,78.73,78.41,0.32,2026-08-17 23:00,62.9,63.23,-0.33,NO,,,,,,,15m logic removed,,,,,WATCH,👀 WATCH,"Weekly RSI 78.73 > 50, but Hourly RSI has not touched 30 (current 62.90)"
2026-08-17 23:15:09,NSE:ANANDRATHI,2176.0,74.99,74.94,0.05,2026-08-17 23:00,53.08,50.58,2.5,YES,,,,,,,15m logic removed,,,,,WATCH,👀 WATCH,"Weekly RSI 74.99 > 50, but Hourly RSI has not touched 30 (current 53.08)"
2026-08-17 23:15:10,NSE:APARINDS,16524.0,70.1,71.5,-1.4,2026-08-17 23:00,39.46,43.5,-4.03,NO,,,,,,,15m logic removed,,,,,WATCH,👀 WATCH,"Weekly RSI 70.10 > 50, but Hourly RSI has not touched 30 (current 39.46)"
2026-08-17 23:15:12,NSE:ASHOKLEY,177.1,56.58,54.11,2.47,2026-08-17 23:00,52.73,34.46,18.27,YES,,,,,,,15m logic removed,,,,,WATCH,👀 WATCH,"Weekly RSI 56.58 > 50, but Hourly RSI has not touched 30 (current 52.73)"
2026-08-17 23:15:13,NSE:ASTERDM,819.75,60.15,60.6,-0.45,2026-08-17 23:00,35.32,38.99,-3.67,NO,,,,,,,15m logic removed,,,,,WATCH,👀 WATCH,"Weekly RSI 60.15 > 50, but Hourly RSI has not touched 30 (current 35.32)"
2026-08-17 23:15:14,NSE:ASTRAMICRO,1707.1,65.28,67.72,-2.44,2026-08-17 23:00,44.16,56.94,-12.78,NO,,,,,,,15m logic removed,,,,,WATCH,👀 WATCH,"Weekly RSI 65.28 > 50, but Hourly RSI has not touched 30 (current 44.16)"
2026-08-17 23:15:15,NSE:ATHERENERG,1485.2,78.12,80.74,-2.61,2026-08-17 23:00,37.19,49.75,-12.56,NO,,,,,,,15m logic removed,,,,,WATCH,👀 WATCH,"Weekly RSI 78.12 > 50, but Hourly RSI has not touched 30 (current 37.19)"
2026-08-17 23:15:17,NSE:AUROPHARMA,1627.2,67.42,67.08,0.33,2026-08-17 23:00,40.06,36.13,3.93,YES,,,,,,,15m logic removed,,,,,WATCH,👀 WATCH,"Weekly RSI 67.42 > 50, but Hourly RSI has not touched 30 (current 40.06)"
2026-08-17 23:15:18,NSE:BAJAJ-AUTO,11663.0,71.28,72.09,-0.81,2026-08-17 23:00,45.79,50.25,-4.46,NO,,,,,,,15m logic removed,,,,,WATCH,👀 WATCH,"Weekly RSI 71.28 > 50, but Hourly RSI has not touched 30 (current 45.79)"
2026-08-17 23:15:19,NSE:BALRAMCHIN,655.75,73.94,70.01,3.93,2026-08-17 23:00,71.81,52.97,18.84,YES,,,,,,,15m logic removed,,,,,WATCH,👀 WATCH,"Weekly RSI 73.94 > 50, but Hourly RSI has not touched 30 (current 71.81)"
2026-08-17 23:15:21,NSE:BANKBARODA,246.55,40.9,41.63,-0.73,2026-08-17 23:00,39.81,47.79,-7.98,NO,,,,,,,15m logic removed,,,,,IGNORE,❌ IGNORE,Weekly RSI 40.90 <= 50
2026-08-17 23:15:23,NSE:BANKINDIA,143.75,49.74,50.15,-0.41,2026-08-17 23:00,48.68,51.31,-2.63,NO,,,,,,,15m logic removed,,,,,IGNORE,❌ IGNORE,Weekly RSI 49.74 <= 50
2026-08-17 23:15:25,NSE:BDL,1380.0,53.27,54.59,-1.31,2026-08-17 23:00,61.48,71.62,-10.14,NO,,,,,,,15m logic removed,,,,,WATCH,👀 WATCH,"Weekly RSI 53.27 > 50, but Hourly RSI has not touched 30 (current 61.48)"
2026-08-17 23:15:26,NSE:BEL,412.45,49.3,48.71,0.58,2026-08-17 23:00,67.73,63.83,3.9,YES,,,,,,,15m logic removed,,,,,IGNORE,❌ IGNORE,Weekly RSI 49.30 <= 50
2026-08-17 23:15:28,NSE:BEML,1908.5,57.62,55.85,1.77,2026-08-17 23:00,59.15,43.7,15.45,YES,,,,,,,15m logic removed,,,,,WATCH,👀 WATCH,"Weekly RSI 57.62 > 50, but Hourly RSI has not touched 30 (current 59.15)"
2026-08-17 23:15:29,NSE:BHARATFORG,2093.0,58.81,57.47,1.34,2026-08-17 23:00,51.54,39.8,11.75,YES,,,,,,,15m logic removed,,,,,WATCH,👀 WATCH,"Weekly RSI 58.81 > 50, but Hourly RSI has not touched 30 (current 51.54)"
2026-08-17 23:15:30,NSE:BHEL,435.95,67.89,65.48,2.41,2026-08-17 23:00,73.6,59.51,14.1,YES,,,,,,,15m logic removed,,,,,WATCH,👀 WATCH,"Weekly RSI 67.89 > 50, but Hourly RSI has not touched 30 (current 73.60)"
2026-08-17 23:15:32,NSE:BOSCHLTD,46970.0,72.41,72.96,-0.54,2026-08-17 23:00,65.55,68.93,-3.38,NO,,,,,,,15m logic removed,,,,,WATCH,👀 WATCH,"Weekly RSI 72.41 > 50, but Hourly RSI has not touched 30 (current 65.55)"
2026-08-17 23:15:34,NSE:CANBK,131.1,48.7,48.86,-0.16,2026-08-17 23:00,50.53,52.16,-1.63,NO,,,,,,,15m logic removed,,,,,IGNORE,❌ IGNORE,Weekly RSI 48.70 <= 50
2026-08-17 23:15:35,NSE:CAPLIPOINT,2522.0,66.87,65.36,1.51,2026-08-17 23:00,51.61,43.22,8.4,YES,,,,,,,15m logic removed,,,,,WATCH,👀 WATCH,"Weekly RSI 66.87 > 50, but Hourly RSI has not touched 30 (current 51.61)"
2026-08-17 23:15:37,NSE:CENTRALBK,31.27,39.87,40.36,-0.49,2026-08-17 23:00,44.76,54.82,-10.07,NO,,,,,,,15m logic removed,,,,,IGNORE,❌ IGNORE,Weekly RSI 39.87 <= 50
2026-08-17 23:15:39,NSE:CGPOWER,898.8,59.39,58.34,1.04,2026-08-17 23:00,69.37,61.02,8.35,YES,,,,,,,15m logic removed,,,,,WATCH,👀 WATCH,"Weekly RSI 59.39 > 50, but Hourly RSI has not touched 30 (current 69.37)"
2026-08-17 23:15:40,NSE:CHENNPETRO,1382.4,72.78,69.87,2.91,2026-08-17 23:00,62.83,43.2,19.63,YES,,,,,,,15m logic removed,,,,,WATCH,👀 WATCH,"Weekly RSI 72.78 > 50, but Hourly RSI has not touched 30 (current 62.83)"
2026-08-17 23:15:42,NSE:COHANCE,444.75,49.37,48.61,0.76,2026-08-17 23:00,49.67,44.28,5.39,YES,,,,,,,15m logic removed,,,,,IGNORE,❌ IGNORE,Weekly RSI 49.37 <= 50
2026-08-17 23:15:43,NSE:CYIENTDLM,737.45,86.16,84.24,1.92,2026-08-17 23:00,66.12,47.59,18.54,YES,,,,,,,15m logic removed,,,,,WATCH,👀 WATCH,"Weekly RSI 86.16 > 50, but Hourly RSI has not touched 30 (current 66.12)"
2026-08-17 23:15:44,NSE:DATAPATTNS,4528.7,61.45,60.33,1.12,2026-08-17 23:00,57.14,47.42,9.72,YES,,,,,,,15m logic removed,,,,,WATCH,👀 WATCH,"Weekly RSI 61.45 > 50, but Hourly RSI has not touched 30 (current 57.14)"
2026-08-17 23:15:46,NSE:DIVISLAB,8481.5,83.46,83.43,0.03,2026-08-17 23:00,51.23,50.63,0.6,YES,,,,,,,15m logic removed,,,,,WATCH,👀 WATCH,"Weekly RSI 83.46 > 50, but Hourly RSI has not touched 30 (current 51.23)"
2026-08-17 23:15:47,NSE:DYNAMATECH,11123.0,55.98,56.53,-0.55,2026-08-17 23:00,57.35,63.6,-6.25,NO,,,,,,,15m logic removed,,,,,WATCH,👀 WATCH,"Weekly RSI 55.98 > 50, but Hourly RSI has not touched 30 (current 57.35)"
2026-08-17 23:15:49,NSE:EICHERMOT,8050.0,64.11,64.56,-0.46,2026-08-17 23:00,48.67,52.29,-3.62,NO,,,,,,,15m logic removed,,,,,WATCH,👀 WATCH,"Weekly RSI 64.11 > 50, but Hourly RSI has not touched 30 (current 48.67)"
2026-08-17 23:15:50,NSE:ENRIN,3605.7,57.06,55.76,1.3,2026-08-17 23:00,62.14,47.59,14.56,YES,,,,,,,15m logic removed,,,,,WATCH,👀 WATCH,"Weekly RSI 57.06 > 50, but Hourly RSI has not touched 30 (current 62.14)"
2026-08-17 23:15:52,NSE:EXIDEIND,475.7,72.56,72.73,-0.16,2026-08-17 23:00,37.75,37.89,-0.14,NO,,,,,,,15m logic removed,,,,,WATCH,👀 WATCH,"Weekly RSI 72.56 > 50, but Hourly RSI has not touched 30 (current 37.75)"
2026-08-17 23:15:53,NSE:GLAND,2910.2,76.07,79.58,-3.51,2026-08-17 23:00,51.48,65.46,-13.98,NO,,,,,,,15m logic removed,,,,,WATCH,👀 WATCH,"Weekly RSI 76.07 > 50, but Hourly RSI has not touched 30 (current 51.48)"
2026-08-17 23:15:55,NSE:GRANULES,861.55,66.75,66.44,0.31,2026-08-17 23:00,55.06,43.58,11.48,YES,,,,,,,15m logic removed,,,,,WATCH,👀 WATCH,"Weekly RSI 66.75 > 50, but Hourly RSI has not touched 30 (current 55.06)"
2026-08-17 23:15:56,NSE:HAL,5059.0,67.95,67.39,0.56,2026-08-17 23:00,71.09,67.38,3.71,YES,,,,,,,15m logic removed,,,,,WATCH,👀 WATCH,"Weekly RSI 67.95 > 50, but Hourly RSI has not touched 30 (current 71.09)"
2026-08-17 23:15:57,NSE:HEROMOTOCO,5745.0,62.44,63.8,-1.36,2026-08-17 23:00,39.74,45.35,-5.61,NO,,,,,,,15m logic removed,,,,,WATCH,👀 WATCH,"Weekly RSI 62.44 > 50, but Hourly RSI has not touched 30 (current 39.74)"
2026-08-17 23:15:58,NSE:HFCL,219.5,74.24,76.42,-2.19,2026-08-17 23:00,45.69,52.38,-6.69,NO,,,,,,,15m logic removed,,,,,WATCH,👀 WATCH,"Weekly RSI 74.24 > 50, but Hourly RSI has not touched 30 (current 45.69)"
2026-08-17 23:16:00,NSE:HONASA,481.65,71.17,79.49,-8.32,2026-08-17 23:00,49.26,70.24,-20.98,NO,,,,,,,15m logic removed,,,,,WATCH,👀 WATCH,"Weekly RSI 71.17 > 50, but Hourly RSI has not touched 30 (current 49.26)"
2026-08-17 23:16:01,NSE:HSCL,787.4,72.9,72.38,0.51,2026-08-17 23:00,66.12,59.78,6.35,YES,,,,,,,15m logic removed,,,,,WATCH,👀 WATCH,"Weekly RSI 72.90 > 50, but Hourly RSI has not touched 30 (current 66.12)"
2026-08-17 23:16:02,NSE:IFCI,78.93,60.35,58.71,1.64,2026-08-17 23:00,69.94,57.27,12.66,YES,,,,,,,15m logic removed,,,,,WATCH,👀 WATCH,"Weekly RSI 60.35 > 50, but Hourly RSI has not touched 30 (current 69.94)"
2026-08-17 23:16:04,NSE:INDIANB,881.2,53.91,55.95,-2.03,2026-08-17 23:00,41.97,56.31,-14.33,NO,,,,,,,15m logic removed,,,,,WATCH,👀 WATCH,"Weekly RSI 53.91 > 50, but Hourly RSI has not touched 30 (current 41.97)"
2026-08-17 23:16:05,NSE:INOXINDIA,1950.8,73.13,72.82,0.31,2026-08-17 23:00,56.12,52.71,3.41,YES,,,,,,,15m logic removed,,,,,WATCH,👀 WATCH,"Weekly RSI 73.13 > 50, but Hourly RSI has not touched 30 (current 56.12)"
2026-08-17 23:16:06,NSE:IPCALAB,1884.6,65.67,57.98,7.7,2026-08-17 23:00,73.78,42.38,31.39,YES,,,,,,,15m logic removed,,,,,WATCH,👀 WATCH,"Weekly RSI 65.67 > 50, but Hourly RSI has not touched 30 (current 73.78)"
2026-08-17 23:16:08,NSE:JINDALSAW,270.4,62.23,61.29,0.94,2026-08-17 23:00,55.97,45.67,10.31,YES,,,,,,,15m logic removed,,,,,WATCH,👀 WATCH,"Weekly RSI 62.23 > 50, but Hourly RSI has not touched 30 (current 55.97)"
2026-08-17 23:16:09,NSE:KIRLOSENG,2101.6,59.03,58.99,0.04,2026-08-17 23:00,52.15,51.61,0.54,YES,,,,,,,15m logic removed,,,,,WATCH,👀 WATCH,"Weekly RSI 59.03 > 50, but Hourly RSI has not touched 30 (current 52.15)"
2026-08-17 23:16:10,NSE:LALPATHLAB,1877.3,68.46,72.68,-4.22,2026-08-17 23:00,20.76,29.71,-8.94,NO,,,,,,,15m logic removed,,,,,WATCH,👀 WATCH,Weekly RSI 68.46 > 50 + Hourly RSI touched 30 + 15m price confirmation failed (Close 1872.0 <= Previous High 1886.3)
2026-08-17 23:16:12,NSE:LAURUSLABS,1809.7,80.27,79.62,0.65,2026-08-17 23:00,41.68,27.84,13.84,YES,,,,,,,15m logic removed,,,,,WATCH,👀 WATCH,"Weekly RSI 80.27 > 50, but Hourly RSI has not touched 30 (current 41.68)"
2026-08-17 23:16:13,NSE:LLOYDSME,1942.0,64.37,63.36,1.0,2026-08-17 23:00,50.27,40.36,9.91,YES,,,,,,,15m logic removed,,,,,WATCH,👀 WATCH,"Weekly RSI 64.37 > 50, but Hourly RSI has not touched 30 (current 50.27)"
2026-08-17 23:16:15,NSE:M&M,3390.4,55.84,57.66,-1.83,2026-08-17 23:00,40.1,50.6,-10.5,NO,,,,,,,15m logic removed,,,,,WATCH,👀 WATCH,"Weekly RSI 55.84 > 50, but Hourly RSI has not touched 30 (current 40.10)"
2026-08-17 23:16:16,NSE:MAHABANK,81.1,56.17,54.88,1.29,2026-08-17 23:00,55.33,48.29,7.04,YES,,,,,,,15m logic removed,,,,,WATCH,👀 WATCH,"Weekly RSI 56.17 > 50, but Hourly RSI has not touched 30 (current 55.33)"
2026-08-17 23:16:18,NSE:MAZDOCK,2569.7,54.24,54.76,-0.52,2026-08-17 23:00,54.58,59.88,-5.3,NO,,,,,,,15m logic removed,,,,,WATCH,👀 WATCH,"Weekly RSI 54.24 > 50, but Hourly RSI has not touched 30 (current 54.58)"
2026-08-17 23:16:19,NSE:MIDHANI,428.6,58.12,55.61,2.51,2026-08-17 23:00,53.09,43.9,9.19,YES,,,,,,,15m logic removed,,,,,WATCH,👀 WATCH,"Weekly RSI 58.12 > 50, but Hourly RSI has not touched 30 (current 53.09)"
2026-08-17 23:16:20,NSE:MOTHERSON,168.06,73.83,74.11,-0.28,2026-08-17 23:00,52.12,54.15,-2.02,NO,,,,,,,15m logic removed,,,,,WATCH,👀 WATCH,"Weekly RSI 73.83 > 50, but Hourly RSI has not touched 30 (current 52.12)"
2026-08-17 23:16:21,NSE:MTARTECH,7057.0,60.34,60.33,0.01,2026-08-17 23:00,50.19,49.55,0.64,YES,,,,,,,15m logic removed,,,,,WATCH,👀 WATCH,"Weekly RSI 60.34 > 50, but Hourly RSI has not touched 30 (current 50.19)"
2026-08-17 23:16:23,NSE:NETWEB,5212.4,66.14,63.88,2.26,2026-08-17 23:00,67.48,51.26,16.23,YES,,,,,,,15m logic removed,,,,,WATCH,👀 WATCH,"Weekly RSI 66.14 > 50, but Hourly RSI has not touched 30 (current 67.48)"
2026-08-17 23:16:24,NSE:NEULANDLAB,23661.0,78.18,77.48,0.69,2026-08-17 23:00,74.39,67.62,6.77,YES,,,,,,,15m logic removed,,,,,WATCH,👀 WATCH,"Weekly RSI 78.18 > 50, but Hourly RSI has not touched 30 (current 74.39)"
2026-08-17 23:16:25,NSE:PARAS,1388.5,70.31,69.95,0.36,2026-08-17 23:00,72.12,67.93,4.19,YES,,,,,,,15m logic removed,,,,,WATCH,👀 WATCH,"Weekly RSI 70.31 > 50, but Hourly RSI has not touched 30 (current 72.12)"
2026-08-17 23:16:27,NSE:PNB,117.32,58.55,59.68,-1.13,2026-08-17 23:00,50.9,57.23,-6.32,NO,,,,,,,15m logic removed,,,,,WATCH,👀 WATCH,"Weekly RSI 58.55 > 50, but Hourly RSI has not touched 30 (current 50.90)"
2026-08-17 23:16:28,NSE:POLYMED,1733.6,57.06,60.69,-3.63,2026-08-17 23:00,32.7,42.81,-10.11,NO,,,,,,,15m logic removed,,,,,WATCH,👀 WATCH,"Weekly RSI 57.06 > 50, but Hourly RSI has not touched 30 (current 32.70)"
2026-08-17 23:16:29,NSE:POWERINDIA,35450.0,61.62,62.34,-0.72,2026-08-17 23:00,53.38,59.66,-6.28,NO,,,,,,,15m logic removed,,,,,WATCH,👀 WATCH,"Weekly RSI 61.62 > 50, but Hourly RSI has not touched 30 (current 53.38)"
2026-08-17 23:16:31,NSE:PSB,23.68,42.5,41.86,0.64,2026-08-17 23:00,48.64,44.65,3.98,YES,,,,,,,15m logic removed,,,,,IGNORE,❌ IGNORE,Weekly RSI 42.50 <= 50
2026-08-17 23:16:32,NSE:RADICO,4693.4,87.06,86.65,0.41,2026-08-17 23:00,69.62,63.51,6.11,YES,,,,,,,15m logic removed,,,,,WATCH,👀 WATCH,"Weekly RSI 87.06 > 50, but Hourly RSI has not touched 30 (current 69.62)"
2026-08-17 23:16:34,NSE:RKFORGE,755.0,74.24,72.41,1.83,2026-08-17 23:00,67.44,47.74,19.7,YES,,,,,,,15m logic removed,,,,,WATCH,👀 WATCH,"Weekly RSI 74.24 > 50, but Hourly RSI has not touched 30 (current 67.44)"
2026-08-17 23:16:35,NSE:RRKABEL,2748.6,75.2,77.31,-2.11,2026-08-17 23:00,39.59,49.34,-9.74,NO,,,,,,,15m logic removed,,,,,WATCH,👀 WATCH,"Weekly RSI 75.20 > 50, but Hourly RSI has not touched 30 (current 39.59)"
2026-08-17 23:16:36,NSE:SAILIFE,1416.4,75.07,80.21,-5.14,2026-08-17 23:00,35.48,47.04,-11.56,NO,,,,,,,15m logic removed,,,,,WATCH,👀 WATCH,"Weekly RSI 75.07 > 50, but Hourly RSI has not touched 30 (current 35.48)"
2026-08-17 23:16:37,NSE:SAREGAMA,523.4,71.96,73.51,-1.55,2026-08-17 23:00,47.14,54.77,-7.63,NO,,,,,,,15m logic removed,,,,,WATCH,👀 WATCH,"Weekly RSI 71.96 > 50, but Hourly RSI has not touched 30 (current 47.14)"
2026-08-17 23:16:39,NSE:SOLARINDS,20000.0,71.43,71.31,0.12,2026-08-17 23:00,64.7,64.15,0.55,YES,,,,,,,15m logic removed,,,,,WATCH,👀 WATCH,"Weekly RSI 71.43 > 50, but Hourly RSI has not touched 30 (current 64.70)"
2026-08-17 23:16:40,NSE:SONACOMS,805.1,77.32,76.36,0.96,2026-08-17 23:00,56.92,40.31,16.61,YES,,,,,,,15m logic removed,,,,,WATCH,👀 WATCH,"Weekly RSI 77.32 > 50, but Hourly RSI has not touched 30 (current 56.92)"
2026-08-17 23:16:41,NSE:SYRMA,1467.9,69.48,69.38,0.1,2026-08-17 23:00,49.15,45.33,3.82,YES,,,,,,,15m logic removed,,,,,WATCH,👀 WATCH,"Weekly RSI 69.48 > 50, but Hourly RSI has not touched 30 (current 49.15)"
2026-08-17 23:16:42,NSE:TORNTPHARM,4900.0,62.68,61.07,1.61,2026-08-17 23:00,53.55,38.58,14.97,YES,,,,,,,15m logic removed,,,,,WATCH,👀 WATCH,"Weekly RSI 62.68 > 50, but Hourly RSI has not touched 30 (current 53.55)"
2026-08-17 23:16:44,NSE:TVSMOTOR,4385.9,68.65,67.22,1.43,2026-08-17 23:00,57.09,39.14,17.95,YES,,,,,,,15m logic removed,,,,,WATCH,👀 WATCH,"Weekly RSI 68.65 > 50, but Hourly RSI has not touched 30 (current 57.09)"
2026-08-17 23:16:45,NSE:UCOBANK,26.11,45.89,45.14,0.75,2026-08-17 23:00,49.48,42.54,6.95,YES,,,,,,,15m logic removed,,,,,IGNORE,❌ IGNORE,Weekly RSI 45.89 <= 50
2026-08-17 23:16:47,NSE:UNIMECH,1511.3,74.93,76.02,-1.1,2026-08-17 23:00,67.66,74.28,-6.63,NO,,,,,,,15m logic removed,,,,,WATCH,👀 WATCH,"Weekly RSI 74.93 > 50, but Hourly RSI has not touched 30 (current 67.66)"
2026-08-17 23:16:48,NSE:UNIONBANK,188.9,63.02,62.19,0.84,2026-08-17 23:00,61.7,56.67,5.03,YES,,,,,,,15m logic removed,,,,,WATCH,👀 WATCH,"Weekly RSI 63.02 > 50, but Hourly RSI has not touched 30 (current 61.70)"
2026-08-17 23:16:50,NSE:UNOMINDA,1269.9,60.79,58.5,2.29,2026-08-17 23:00,64.63,41.61,23.02,YES,,,,,,,15m logic removed,,,,,WATCH,👀 WATCH,"Weekly RSI 60.79 > 50, but Hourly RSI has not touched 30 (current 64.63)"
2026-08-17 23:16:51,NSE:VIJAYA,1506.6,71.12,69.58,1.53,2026-08-17 23:00,62.27,50.58,11.69,YES,,,,,,,15m logic removed,,,,,WATCH,👀 WATCH,"Weekly RSI 71.12 > 50, but Hourly RSI has not touched 30 (current 62.27)"
2026-08-17 23:16:53,NSE:WELCORP,1882.0,88.61,88.47,0.14,2026-08-17 23:00,58.99,50.79,8.2,YES,,,,,,,15m logic removed,,,,,WATCH,👀 WATCH,"Weekly RSI 88.61 > 50, but Hourly RSI has not touched 30 (current 58.99)"
2026-08-17 23:16:54,NSE:WOCKPHARMA,1898.8,58.71,60.66,-1.96,2026-08-17 23:00,43.4,53.17,-9.77,NO,,,,,,,15m logic removed,,,,,WATCH,👀 WATCH,"Weekly RSI 58.71 > 50, but Hourly RSI has not touched 30 (current 43.40)"
2026-08-17 23:16:55,NSE:ZENTEC,1864.5,59.22,58.95,0.27,2026-08-17 23:00,66.92,64.19,2.72,YES,,,,,,,15m logic removed,,,,,WATCH,👀 WATCH,"Weekly RSI 59.22 > 50, but Hourly RSI has not touched 30 (current 66.92)"
2026-08-17 23:16:56,NSE:ZYDUSLIFE,1131.5,64.59,65.38,-0.79,2026-08-17 23:00,34.08,35.75,-1.67,NO,,,,,,,15m logic removed,,,,,WATCH,👀 WATCH,"Weekly RSI 64.59 > 50, but Hourly RSI has not touched 30 (current 34.08)"
2026-08-18 09:58:11,NSE:LGEINDIA,1672.2,56.37,60.65,-4.28,2026-08-18 09:00,58.18,55.5,2.68,YES,,,,,,,15m logic removed,,,,,WATCH,👀 WATCH,"Weekly RSI 56.37 > 50, but Hourly RSI has not touched 30 (current 58.18)"
2026-08-18 09:58:12,NSE:ASTRAL,1527.3,52.35,54.81,-2.46,2026-08-18 09:00,47.76,54.86,-7.1,NO,,,,,,,15m logic removed,,,,,WATCH,👀 WATCH,"Weekly RSI 52.35 > 50, but Hourly RSI has not touched 30 (current 47.76)"
2026-08-18 09:58:13,NSE:FINCABLES,1302.85,68.24,65.92,2.32,2026-08-18 09:00,65.66,73.98,-8.32,NO,,,,,,,15m logic removed,,,,,WATCH,👀 WATCH,"Weekly RSI 68.24 > 50, but Hourly RSI has not touched 30 (current 65.66)"
2026-08-18 09:58:15,NSE:GODREJAGRO,593.35,53.04,50.07,2.97,2026-08-18 09:00,74.59,74.36,0.23,YES,,,,,,,15m logic removed,,,,,WATCH,👀 WATCH,"Weekly RSI 53.04 > 50, but Hourly RSI has not touched 30 (current 74.59)"
2026-08-18 09:58:16,NSE:HAPPSTMNDS,423.45,58.25,57.5,0.75,2026-08-18 09:00,61.56,66.54,-4.98,NO,,,,,,,15m logic removed,,,,,WATCH,👀 WATCH,"Weekly RSI 58.25 > 50, but Hourly RSI has not touched 30 (current 61.56)"
2026-08-18 09:58:17,NSE:NAZARA,351.7,70.55,72.74,-2.2,2026-08-18 09:00,44.42,36.05,8.37,YES,,,,,,,15m logic removed,,,,,WATCH,👀 WATCH,"Weekly RSI 70.55 > 50, but Hourly RSI has not touched 30 (current 44.42)"
2026-08-18 09:58:18,NSE:OFSS,11760.0,67.18,68.0,-0.82,2026-08-18 09:00,52.81,55.31,-2.49,NO,,,,,,,15m logic removed,,,,,WATCH,👀 WATCH,"Weekly RSI 67.18 > 50, but Hourly RSI has not touched 30 (current 52.81)"
2026-08-18 09:58:19,NSE:REDINGTON,332.65,64.56,64.98,-0.42,2026-08-18 09:00,34.82,36.71,-1.89,NO,,,,,,,15m logic removed,,,,,WATCH,👀 WATCH,Weekly RSI 64.56 > 50 + Hourly RSI touched 30 + 15m price confirmation failed (Close 332.65 <= Previous High 337.2)
2026-08-18 09:58:20,NSE:AARTIIND,527.2,64.13,66.18,-2.05,2026-08-18 09:00,51.71,49.76,1.95,YES,,,,,,,15m logic removed,,,,,WATCH,👀 WATCH,"Weekly RSI 64.13 > 50, but Hourly RSI has not touched 30 (current 51.71)"
2026-08-18 09:58:22,NSE:ABB,7698.5,63.97,63.4,0.57,2026-08-18 09:00,52.4,46.3,6.1,YES,,,,,,,15m logic removed,,,,,WATCH,👀 WATCH,"Weekly RSI 63.97 > 50, but Hourly RSI has not touched 30 (current 52.40)"
2026-08-18 09:58:23,NSE:ACMESOLAR,362.7,61.52,65.76,-4.23,2026-08-18 09:00,32.87,36.88,-4.01,NO,,,,,,,15m logic removed,,,,,WATCH,👀 WATCH,"Weekly RSI 61.52 > 50, but Hourly RSI has not touched 30 (current 32.87)"
2026-08-18 09:58:24,NSE:ADANIENSOL,1595.4,64.13,66.1,-1.97,2026-08-18 09:00,46.89,42.84,4.05,YES,,,,,,,15m logic removed,,,,,WATCH,👀 WATCH,"Weekly RSI 64.13 > 50, but Hourly RSI has not touched 30 (current 46.89)"
2026-08-18 09:58:26,NSE:AEGISLOG,1333.0,69.22,66.7,2.52,2026-08-18 09:00,70.37,53.03,17.34,YES,,,,,,,15m logic removed,,,,,WATCH,👀 WATCH,"Weekly RSI 69.22 > 50, but Hourly RSI has not touched 30 (current 70.37)"
2026-08-18 09:58:27,NSE:AJANTPHARM,3791.2,76.83,74.36,2.47,2026-08-18 09:00,85.45,78.51,6.94,YES,,,,,,,15m logic removed,,,,,WATCH,👀 WATCH,"Weekly RSI 76.83 > 50, but Hourly RSI has not touched 30 (current 85.45)"
2026-08-18 09:58:28,NSE:AKUMS,749.55,72.7,70.82,1.88,2026-08-18 09:00,58.02,53.28,4.74,YES,,,,,,,15m logic removed,,,,,WATCH,👀 WATCH,"Weekly RSI 72.70 > 50, but Hourly RSI has not touched 30 (current 58.02)"
2026-08-18 09:58:30,NSE:ALIVUS,1390.5,78.57,78.41,0.16,2026-08-18 09:00,56.2,59.17,-2.97,NO,,,,,,,15m logic removed,,,,,WATCH,👀 WATCH,"Weekly RSI 78.57 > 50, but Hourly RSI has not touched 30 (current 56.20)"
2026-08-18 09:58:31,NSE:ANANDRATHI,2191.5,75.56,74.94,0.62,2026-08-18 09:00,61.23,50.24,10.98,YES,,,,,,,15m logic removed,,,,,WATCH,👀 WATCH,"Weekly RSI 75.56 > 50, but Hourly RSI has not touched 30 (current 61.23)"
2026-08-18 09:58:32,NSE:ANANTRAJ,624.0,60.47,61.58,-1.11,2026-08-18 09:00,53.3,54.63,-1.33,NO,,,,,,,15m logic removed,,,,,WATCH,👀 WATCH,"Weekly RSI 60.47 > 50, but Hourly RSI has not touched 30 (current 53.30)"
2026-08-18 09:58:33,NSE:APARINDS,16389.0,69.01,71.5,-2.48,2026-08-18 09:00,37.36,42.37,-5.01,NO,,,,,,,15m logic removed,,,,,WATCH,👀 WATCH,"Weekly RSI 69.01 > 50, but Hourly RSI has not touched 30 (current 37.36)"
2026-08-18 09:58:35,NSE:ASHOKLEY,175.44,55.86,54.11,1.75,2026-08-18 09:00,48.78,53.92,-5.14,NO,,,,,,,15m logic removed,,,,,WATCH,👀 WATCH,"Weekly RSI 55.86 > 50, but Hourly RSI has not touched 30 (current 48.78)"
2026-08-18 09:58:36,NSE:ASTERDM,819.5,60.11,60.6,-0.49,2026-08-18 09:00,36.47,36.57,-0.1,NO,,,,,,,15m logic removed,,,,,WATCH,👀 WATCH,"Weekly RSI 60.11 > 50, but Hourly RSI has not touched 30 (current 36.47)"
2026-08-18 09:58:37,NSE:ASTRAMICRO,1755.8,68.33,67.72,0.61,2026-08-18 09:00,61.68,42.97,18.71,YES,,,,,,,15m logic removed,,,,,WATCH,👀 WATCH,"Weekly RSI 68.33 > 50, but Hourly RSI has not touched 30 (current 61.68)"
2026-08-18 09:58:39,NSE:ATHERENERG,1496.8,79.25,80.74,-1.48,2026-08-18 09:00,44.84,35.93,8.9,YES,,,,,,,15m logic removed,,,,,WATCH,👀 WATCH,"Weekly RSI 79.25 > 50, but Hourly RSI has not touched 30 (current 44.84)"
2026-08-18 09:58:40,NSE:AUROPHARMA,1642.4,68.37,67.08,1.29,2026-08-18 09:00,52.08,44.03,8.05,YES,,,,,,,15m logic removed,,,,,WATCH,👀 WATCH,"Weekly RSI 68.37 > 50, but Hourly RSI has not touched 30 (current 52.08)"
2026-08-18 09:58:41,NSE:BAJAJ-AUTO,11758.0,72.57,72.09,0.49,2026-08-18 09:00,55.89,44.04,11.86,YES,,,,,,,15m logic removed,,,,,WATCH,👀 WATCH,"Weekly RSI 72.57 > 50, but Hourly RSI has not touched 30 (current 55.89)"
2026-08-18 09:58:43,NSE:BALRAMCHIN,657.9,74.18,70.01,4.16,2026-08-18 09:00,73.76,72.74,1.02,YES,,,,,,,15m logic removed,,,,,WATCH,👀 WATCH,"Weekly RSI 74.18 > 50, but Hourly RSI has not touched 30 (current 73.76)"
2026-08-18 09:58:44,NSE:BDL,1379.3,53.22,54.59,-1.36,2026-08-18 09:00,58.96,59.46,-0.5,NO,,,,,,,15m logic removed,,,,,WATCH,👀 WATCH,"Weekly RSI 53.22 > 50, but Hourly RSI has not touched 30 (current 58.96)"
2026-08-18 09:58:45,NSE:BEML,1949.0,59.55,55.85,3.7,2026-08-18 09:00,69.09,57.48,11.62,YES,,,,,,,15m logic removed,,,,,WATCH,👀 WATCH,"Weekly RSI 59.55 > 50, but Hourly RSI has not touched 30 (current 69.09)"
2026-08-18 09:58:47,NSE:BHARATFORG,2074.6,57.94,57.47,0.47,2026-08-18 09:00,44.4,52.12,-7.72,NO,,,,,,,15m logic removed,,,,,WATCH,👀 WATCH,"Weekly RSI 57.94 > 50, but Hourly RSI has not touched 30 (current 44.40)"
2026-08-18 09:58:48,NSE:BHEL,429.3,66.81,65.48,1.33,2026-08-18 09:00,58.64,70.96,-12.32,NO,,,,,,,15m logic removed,,,,,WATCH,👀 WATCH,"Weekly RSI 66.81 > 50, but Hourly RSI has not touched 30 (current 58.64)"
2026-08-18 09:58:49,NSE:BOSCHLTD,47415.0,73.44,72.96,0.48,2026-08-18 09:00,66.79,60.0,6.79,YES,,,,,,,15m logic removed,,,,,WATCH,👀 WATCH,"Weekly RSI 73.44 > 50, but Hourly RSI has not touched 30 (current 66.79)"
2026-08-18 09:58:50,NSE:BRIGADE,597.45,55.75,54.87,0.88,2026-08-18 09:00,57.1,50.54,6.57,YES,,,,,,,15m logic removed,,,,,WATCH,👀 WATCH,"Weekly RSI 55.75 > 50, but Hourly RSI has not touched 30 (current 57.10)"
2026-08-18 09:58:51,NSE:CAPLIPOINT,2535.5,67.33,65.36,1.97,2026-08-18 09:00,57.33,55.11,2.23,YES,,,,,,,15m logic removed,,,,,WATCH,👀 WATCH,"Weekly RSI 67.33 > 50, but Hourly RSI has not touched 30 (current 57.33)"
2026-08-18 09:58:53,NSE:CGPOWER,894.35,58.85,58.34,0.51,2026-08-18 09:00,59.06,67.68,-8.62,NO,,,,,,,15m logic removed,,,,,WATCH,👀 WATCH,"Weekly RSI 58.85 > 50, but Hourly RSI has not touched 30 (current 59.06)"
2026-08-18 09:58:54,NSE:CHENNPETRO,1421.0,74.35,69.87,4.48,2026-08-18 09:00,73.62,64.69,8.93,YES,,,,,,,15m logic removed,,,,,WATCH,👀 WATCH,"Weekly RSI 74.35 > 50, but Hourly RSI has not touched 30 (current 73.62)"
2026-08-18 09:58:56,NSE:COHANCE,462.25,52.38,48.61,3.77,2026-08-18 09:00,71.29,55.0,16.29,YES,,,,,,,15m logic removed,,,,,WATCH,👀 WATCH,"Weekly RSI 52.38 > 50, but Hourly RSI has not touched 30 (current 71.29)"
2026-08-18 09:58:57,NSE:CYIENTDLM,750.25,86.67,84.24,2.43,2026-08-18 09:00,73.4,69.29,4.11,YES,,,,,,,15m logic removed,,,,,WATCH,👀 WATCH,"Weekly RSI 86.67 > 50, but Hourly RSI has not touched 30 (current 73.40)"
2026-08-18 09:58:58,NSE:DATAPATTNS,4652.0,63.2,60.33,2.87,2026-08-18 09:00,72.15,58.21,13.94,YES,,,,,,,15m logic removed,,,,,WATCH,👀 WATCH,"Weekly RSI 63.20 > 50, but Hourly RSI has not touched 30 (current 72.15)"
2026-08-18 09:59:00,NSE:DIVISLAB,8614.5,84.36,83.43,0.93,2026-08-18 09:00,63.84,49.68,14.16,YES,,,,,,,15m logic removed,,,,,WATCH,👀 WATCH,"Weekly RSI 84.36 > 50, but Hourly RSI has not touched 30 (current 63.84)"
2026-08-18 09:59:01,NSE:DLF,663.05,55.44,55.85,-0.4,2026-08-18 09:00,49.06,60.92,-11.86,NO,,,,,,,15m logic removed,,,,,WATCH,👀 WATCH,"Weekly RSI 55.44 > 50, but Hourly RSI has not touched 30 (current 49.06)"
2026-08-18 09:59:02,NSE:DYNAMATECH,11248.0,56.92,56.53,0.39,2026-08-18 09:00,63.13,56.51,6.62,YES,,,,,,,15m logic removed,,,,,WATCH,👀 WATCH,"Weekly RSI 56.92 > 50, but Hourly RSI has not touched 30 (current 63.13)"
2026-08-18 09:59:04,NSE:EICHERMOT,8055.5,64.26,64.56,-0.3,2026-08-18 09:00,48.48,47.13,1.35,YES,,,,,,,15m logic removed,,,,,WATCH,👀 WATCH,"Weekly RSI 64.26 > 50, but Hourly RSI has not touched 30 (current 48.48)"
2026-08-18 09:59:05,NSE:ENRIN,3622.0,57.36,55.76,1.6,2026-08-18 09:00,63.71,62.01,1.7,YES,,,,,,,15m logic removed,,,,,WATCH,👀 WATCH,"Weekly RSI 57.36 > 50, but Hourly RSI has not touched 30 (current 63.71)"
2026-08-18 09:59:06,NSE:EXIDEIND,470.95,70.67,72.73,-2.06,2026-08-18 09:00,35.22,41.47,-6.25,NO,,,,,,,15m logic removed,,,,,WATCH,👀 WATCH,"Weekly RSI 70.67 > 50, but Hourly RSI has not touched 30 (current 35.22)"
2026-08-18 09:59:08,NSE:GLAND,2913.0,76.23,79.58,-3.35,2026-08-18 09:00,51.08,48.81,2.27,YES,,,,,,,15m logic removed,,,,,WATCH,👀 WATCH,"Weekly RSI 76.23 > 50, but Hourly RSI has not touched 30 (current 51.08)"
2026-08-18 09:59:09,NSE:GODREJPROP,2003.8,55.28,54.63,0.65,2026-08-18 09:00,45.9,62.29,-16.39,NO,,,,,,,15m logic removed,,,,,WATCH,👀 WATCH,"Weekly RSI 55.28 > 50, but Hourly RSI has not touched 30 (current 45.90)"
2026-08-18 09:59:10,NSE:GRANULES,853.65,65.52,66.44,-0.92,2026-08-18 09:00,44.61,53.96,-9.35,NO,,,,,,,15m logic removed,,,,,WATCH,👀 WATCH,"Weekly RSI 65.52 > 50, but Hourly RSI has not touched 30 (current 44.61)"
2026-08-18 09:59:11,NSE:HAL,5103.0,68.76,67.39,1.37,2026-08-18 09:00,70.3,63.95,6.36,YES,,,,,,,15m logic removed,,,,,WATCH,👀 WATCH,"Weekly RSI 68.76 > 50, but Hourly RSI has not touched 30 (current 70.30)"
2026-08-18 09:59:13,NSE:HEROMOTOCO,5723.0,61.8,63.8,-2.01,2026-08-18 09:00,37.88,40.81,-2.94,NO,,,,,,,15m logic removed,,,,,WATCH,👀 WATCH,"Weekly RSI 61.80 > 50, but Hourly RSI has not touched 30 (current 37.88)"
2026-08-18 09:59:14,NSE:HFCL,228.02,77.33,76.42,0.91,2026-08-18 09:00,62.42,43.81,18.61,YES,,,,,,,15m logic removed,,,,,WATCH,👀 WATCH,"Weekly RSI 77.33 > 50, but Hourly RSI has not touched 30 (current 62.42)"
2026-08-18 09:59:15,NSE:HONASA,472.8,68.19,79.49,-11.3,2026-08-18 09:00,39.11,45.33,-6.22,NO,,,,,,,15m logic removed,,,,,WATCH,👀 WATCH,"Weekly RSI 68.19 > 50, but Hourly RSI has not touched 30 (current 39.11)"
2026-08-18 09:59:16,NSE:HSCL,775.55,71.22,72.38,-1.17,2026-08-18 09:00,47.27,57.99,-10.71,NO,,,,,,,15m logic removed,,,,,WATCH,👀 WATCH,"Weekly RSI 71.22 > 50, but Hourly RSI has not touched 30 (current 47.27)"
2026-08-18 09:59:18,NSE:IFCI,80.05,61.21,58.71,2.5,2026-08-18 09:00,69.53,64.85,4.68,YES,,,,,,,15m logic removed,,,,,WATCH,👀 WATCH,"Weekly RSI 61.21 > 50, but Hourly RSI has not touched 30 (current 69.53)"
2026-08-18 09:59:19,NSE:INOXINDIA,1953.7,73.24,72.82,0.43,2026-08-18 09:00,55.07,51.54,3.53,YES,,,,,,,15m logic removed,,,,,WATCH,👀 WATCH,"Weekly RSI 73.24 > 50, but Hourly RSI has not touched 30 (current 55.07)"
2026-08-18 09:59:20,NSE:IPCALAB,1909.6,66.69,57.98,8.71,2026-08-18 09:00,73.31,68.79,4.52,YES,,,,,,,15m logic removed,,,,,WATCH,👀 WATCH,"Weekly RSI 66.69 > 50, but Hourly RSI has not touched 30 (current 73.31)"
2026-08-18 09:59:22,NSE:JINDALSAW,268.4,61.66,61.29,0.38,2026-08-18 09:00,50.11,58.05,-7.94,NO,,,,,,,15m logic removed,,,,,WATCH,👀 WATCH,"Weekly RSI 61.66 > 50, but Hourly RSI has not touched 30 (current 50.11)"
2026-08-18 09:59:23,NSE:KIRLOSENG,2080.0,58.15,58.99,-0.84,2026-08-18 09:00,44.89,50.77,-5.88,NO,,,,,,,15m logic removed,,,,,WATCH,👀 WATCH,"Weekly RSI 58.15 > 50, but Hourly RSI has not touched 30 (current 44.89)"
2026-08-18 09:59:25,NSE:LALPATHLAB,1896.5,70.48,72.68,-2.21,2026-08-18 09:00,39.0,19.65,19.35,YES,,,,,,,15m logic removed,,,,,WATCH,👀 WATCH,Weekly RSI 70.48 > 50 + Hourly RSI touched 30 + 15m price confirmation failed (Close 1883.7 <= Previous High 1893.8)
2026-08-18 09:59:26,NSE:LAURUSLABS,1804.7,80.13,79.62,0.51,2026-08-18 09:00,43.72,46.24,-2.52,NO,,,,,,,15m logic removed,,,,,WATCH,👀 WATCH,"Weekly RSI 80.13 > 50, but Hourly RSI has not touched 30 (current 43.72)"
2026-08-18 09:59:27,NSE:LLOYDSME,1918.8,63.37,63.36,0.01,2026-08-18 09:00,41.7,50.05,-8.35,NO,,,,,,,15m logic removed,,,,,WATCH,👀 WATCH,"Weekly RSI 63.37 > 50, but Hourly RSI has not touched 30 (current 41.70)"
2026-08-18 09:59:28,NSE:LODHA,1222.0,61.91,63.8,-1.89,2026-08-18 09:00,44.25,60.92,-16.67,NO,,,,,,,15m logic removed,,,,,WATCH,👀 WATCH,"Weekly RSI 61.91 > 50, but Hourly RSI has not touched 30 (current 44.25)"
2026-08-18 09:59:29,NSE:M&M,3412.0,56.86,57.66,-0.8,2026-08-18 09:00,48.1,39.7,8.4,YES,,,,,,,15m logic removed,,,,,WATCH,👀 WATCH,"Weekly RSI 56.86 > 50, but Hourly RSI has not touched 30 (current 48.10)"
2026-08-18 09:59:30,NSE:MAZDOCK,2588.5,55.11,54.76,0.35,2026-08-18 09:00,59.9,52.67,7.24,YES,,,,,,,15m logic removed,,,,,WATCH,👀 WATCH,"Weekly RSI 55.11 > 50, but Hourly RSI has not touched 30 (current 59.90)"
2026-08-18 09:59:31,NSE:MIDHANI,431.7,58.73,55.61,3.12,2026-08-18 09:00,54.19,51.38,2.81,YES,,,,,,,15m logic removed,,,,,WATCH,👀 WATCH,"Weekly RSI 58.73 > 50, but Hourly RSI has not touched 30 (current 54.19)"
2026-08-18 09:59:33,NSE:MOTHERSON,169.86,74.75,74.11,0.63,2026-08-18 09:00,63.62,50.12,13.5,YES,,,,,,,15m logic removed,,,,,WATCH,👀 WATCH,"Weekly RSI 74.75 > 50, but Hourly RSI has not touched 30 (current 63.62)"
2026-08-18 09:59:34,NSE:MTARTECH,7138.0,60.87,60.33,0.54,2026-08-18 09:00,54.31,49.9,4.41,YES,,,,,,,15m logic removed,,,,,WATCH,👀 WATCH,"Weekly RSI 60.87 > 50, but Hourly RSI has not touched 30 (current 54.31)"
2026-08-18 09:59:35,NSE:NETWEB,5331.8,67.33,63.88,3.45,2026-08-18 09:00,73.6,66.61,7.0,YES,,,,,,,15m logic removed,,,,,WATCH,👀 WATCH,"Weekly RSI 67.33 > 50, but Hourly RSI has not touched 30 (current 73.60)"
2026-08-18 09:59:36,NSE:NEULANDLAB,23589.0,78.03,77.48,0.55,2026-08-18 09:00,64.68,67.9,-3.22,NO,,,,,,,15m logic removed,,,,,WATCH,👀 WATCH,"Weekly RSI 78.03 > 50, but Hourly RSI has not touched 30 (current 64.68)"
2026-08-18 09:59:37,NSE:OBEROIRLTY,1915.4,62.88,59.06,3.83,2026-08-18 09:00,67.39,74.06,-6.67,NO,,,,,,,15m logic removed,,,,,WATCH,👀 WATCH,"Weekly RSI 62.88 > 50, but Hourly RSI has not touched 30 (current 67.39)"
2026-08-18 09:59:38,NSE:PARAS,1439.3,71.86,69.95,1.91,2026-08-18 09:00,80.41,69.69,10.72,YES,,,,,,,15m logic removed,,,,,WATCH,👀 WATCH,"Weekly RSI 71.86 > 50, but Hourly RSI has not touched 30 (current 80.41)"
2026-08-18 09:59:40,NSE:PHOENIXLTD,1917.8,55.28,53.56,1.72,2026-08-18 09:00,56.37,62.59,-6.21,NO,,,,,,,15m logic removed,,,,,WATCH,👀 WATCH,"Weekly RSI 55.28 > 50, but Hourly RSI has not touched 30 (current 56.37)"
2026-08-18 09:59:41,NSE:POLYMED,1746.4,57.91,60.69,-2.78,2026-08-18 09:00,39.42,37.37,2.05,YES,,,,,,,15m logic removed,,,,,WATCH,👀 WATCH,"Weekly RSI 57.91 > 50, but Hourly RSI has not touched 30 (current 39.42)"
2026-08-18 09:59:42,NSE:POWERINDIA,35425.0,61.54,62.34,-0.8,2026-08-18 09:00,50.35,51.15,-0.8,NO,,,,,,,15m logic removed,,,,,WATCH,👀 WATCH,"Weekly RSI 61.54 > 50, but Hourly RSI has not touched 30 (current 50.35)"
2026-08-18 09:59:43,NSE:PRESTIGE,1577.6,54.28,55.42,-1.14,2026-08-18 09:00,44.39,50.69,-6.3,NO,,,,,,,15m logic removed,,,,,WATCH,👀 WATCH,"Weekly RSI 54.28 > 50, but Hourly RSI has not touched 30 (current 44.39)"
2026-08-18 09:59:44,NSE:RADICO,4634.9,85.7,86.65,-0.95,2026-08-18 09:00,53.17,70.69,-17.52,NO,,,,,,,15m logic removed,,,,,WATCH,👀 WATCH,"Weekly RSI 85.70 > 50, but Hourly RSI has not touched 30 (current 53.17)"
2026-08-18 09:59:46,NSE:RKFORGE,752.5,74.04,72.41,1.64,2026-08-18 09:00,64.06,65.72,-1.67,NO,,,,,,,15m logic removed,,,,,WATCH,👀 WATCH,"Weekly RSI 74.04 > 50, but Hourly RSI has not touched 30 (current 64.06)"
2026-08-18 09:59:47,NSE:RRKABEL,2802.5,77.6,77.31,0.29,2026-08-18 09:00,57.81,44.81,13.0,YES,,,,,,,15m logic removed,,,,,WATCH,👀 WATCH,"Weekly RSI 77.60 > 50, but Hourly RSI has not touched 30 (current 57.81)"
2026-08-18 09:59:48,NSE:SAILIFE,1444.7,79.37,80.21,-0.84,2026-08-18 09:00,53.96,37.28,16.68,YES,,,,,,,15m logic removed,,,,,WATCH,👀 WATCH,"Weekly RSI 79.37 > 50, but Hourly RSI has not touched 30 (current 53.96)"
2026-08-18 09:59:49,NSE:SAREGAMA,520.55,70.86,73.51,-2.64,2026-08-18 09:00,45.99,45.51,0.48,YES,,,,,,,15m logic removed,,,,,WATCH,👀 WATCH,"Weekly RSI 70.86 > 50, but Hourly RSI has not touched 30 (current 45.99)"
2026-08-18 09:59:51,NSE:SIGNATURE,803.6,45.29,45.82,-0.53,2026-08-18 09:00,45.42,41.59,3.84,YES,,,,,,,15m logic removed,,,,,IGNORE,❌ IGNORE,Weekly RSI 45.29 <= 50
2026-08-18 09:59:52,NSE:SOBHA,1320.8,43.63,44.17,-0.55,2026-08-18 09:00,43.22,44.16,-0.93,NO,,,,,,,15m logic removed,,,,,IGNORE,❌ IGNORE,Weekly RSI 43.63 <= 50
2026-08-18 09:59:53,NSE:SOLARINDS,20289.0,72.5,71.31,1.19,2026-08-18 09:00,67.34,61.19,6.15,YES,,,,,,,15m logic removed,,,,,WATCH,👀 WATCH,"Weekly RSI 72.50 > 50, but Hourly RSI has not touched 30 (current 67.34)"
2026-08-18 09:59:54,NSE:SONACOMS,817.45,78.15,76.36,1.8,2026-08-18 09:00,65.82,54.21,11.62,YES,,,,,,,15m logic removed,,,,,WATCH,👀 WATCH,"Weekly RSI 78.15 > 50, but Hourly RSI has not touched 30 (current 65.82)"
2026-08-18 09:59:56,NSE:SYRMA,1504.9,70.82,69.38,1.44,2026-08-18 09:00,61.39,50.95,10.44,YES,,,,,,,15m logic removed,,,,,WATCH,👀 WATCH,"Weekly RSI 70.82 > 50, but Hourly RSI has not touched 30 (current 61.39)"
2026-08-18 09:59:57,NSE:TORNTPHARM,4985.0,64.54,61.07,3.47,2026-08-18 09:00,65.02,53.64,11.38,YES,,,,,,,15m logic removed,,,,,WATCH,👀 WATCH,"Weekly RSI 64.54 > 50, but Hourly RSI has not touched 30 (current 65.02)"
2026-08-18 09:59:58,NSE:TVSMOTOR,4392.0,68.76,67.22,1.54,2026-08-18 09:00,58.75,57.39,1.36,YES,,,,,,,15m logic removed,,,,,WATCH,👀 WATCH,"Weekly RSI 68.76 > 50, but Hourly RSI has not touched 30 (current 58.75)"
2026-08-18 09:59:59,NSE:UNIMECH,1519.9,75.76,76.02,-0.26,2026-08-18 09:00,63.78,60.47,3.31,YES,,,,,,,15m logic removed,,,,,WATCH,👀 WATCH,"Weekly RSI 75.76 > 50, but Hourly RSI has not touched 30 (current 63.78)"
2026-08-18 10:00:00,NSE:UNOMINDA,1272.5,60.98,58.5,2.47,2026-08-18 10:00,66.23,64.62,1.61,YES,,,,,,,15m logic removed,,,,,WATCH,👀 WATCH,"Weekly RSI 60.98 > 50, but Hourly RSI has not touched 30 (current 66.23)"
2026-08-18 10:00:02,NSE:VIJAYA,1512.1,71.36,69.58,1.78,2026-08-18 10:00,63.86,63.24,0.62,YES,,,,,,,15m logic removed,,,,,WATCH,👀 WATCH,"Weekly RSI 71.36 > 50, but Hourly RSI has not touched 30 (current 63.86)"
2026-08-18 10:00:03,NSE:WELCORP,1906.9,89.0,88.47,0.53,2026-08-18 10:00,69.24,59.84,9.4,YES,,,,,,,15m logic removed,,,,,WATCH,👀 WATCH,"Weekly RSI 89.00 > 50, but Hourly RSI has not touched 30 (current 69.24)"
2026-08-18 10:00:04,NSE:WOCKPHARMA,1883.5,57.86,60.66,-2.8,2026-08-18 10:00,38.2,42.6,-4.4,NO,,,,,,,15m logic removed,,,,,WATCH,👀 WATCH,"Weekly RSI 57.86 > 50, but Hourly RSI has not touched 30 (current 38.20)"
2026-08-18 10:00:05,NSE:ZENTEC,1913.8,60.95,58.95,2.0,2026-08-18 10:00,75.0,63.11,11.88,YES,,,,,,,15m logic removed,,,,,WATCH,👀 WATCH,"Weekly RSI 60.95 > 50, but Hourly RSI has not touched 30 (current 75.00)"
2026-08-18 10:00:06,NSE:ZYDUSLIFE,1138.7,65.78,65.38,0.39,2026-08-18 10:00,43.58,38.01,5.57,YES,,,,,,,15m logic removed,,,,,WATCH,👀 WATCH,"Weekly RSI 65.78 > 50, but Hourly RSI has not touched 30 (current 43.58)"
2026-08-18 10:04:27,NSE:LGEINDIA,1674.2,56.51,60.65,-4.14,2026-08-18 10:00,58.74,55.5,3.24,YES,,,,,,,15m logic removed,,,,,WATCH,👀 WATCH,"Weekly RSI 56.51 > 50, but Hourly RSI has not touched 30 (current 58.74)"
2026-08-18 10:04:28,NSE:ASTRAL,1525.4,52.2,54.81,-2.61,2026-08-18 10:00,46.71,54.86,-8.14,NO,,,,,,,15m logic removed,,,,,WATCH,👀 WATCH,"Weekly RSI 52.20 > 50, but Hourly RSI has not touched 30 (current 46.71)"
2026-08-18 10:04:29,NSE:FINCABLES,1308.25,68.45,65.92,2.53,2026-08-18 10:00,68.23,73.98,-5.75,NO,,,,,,,15m logic removed,,,,,WATCH,👀 WATCH,"Weekly RSI 68.45 > 50, but Hourly RSI has not touched 30 (current 68.23)"
2026-08-18 10:04:31,NSE:GODREJAGRO,592.05,52.76,50.07,2.69,2026-08-18 10:00,72.55,74.36,-1.81,NO,,,,,,,15m logic removed,,,,,WATCH,👀 WATCH,"Weekly RSI 52.76 > 50, but Hourly RSI has not touched 30 (current 72.55)"
2026-08-18 10:04:32,NSE:HAPPSTMNDS,422.65,58.06,57.5,0.57,2026-08-18 10:00,60.66,66.54,-5.88,NO,,,,,,,15m logic removed,,,,,WATCH,👀 WATCH,"Weekly RSI 58.06 > 50, but Hourly RSI has not touched 30 (current 60.66)"
2026-08-18 10:04:34,NSE:NAZARA,351.45,70.42,72.74,-2.32,2026-08-18 10:00,43.65,36.05,7.6,YES,,,,,,,15m logic removed,,,,,WATCH,👀 WATCH,"Weekly RSI 70.42 > 50, but Hourly RSI has not touched 30 (current 43.65)"
2026-08-18 10:04:35,NSE:OFSS,11815.0,67.84,68.0,-0.16,2026-08-18 10:00,57.12,55.31,1.82,YES,,,,,,,15m logic removed,,,,,WATCH,👀 WATCH,"Weekly RSI 67.84 > 50, but Hourly RSI has not touched 30 (current 57.12)"
2026-08-18 10:04:36,NSE:REDINGTON,332.4,64.49,64.98,-0.49,2026-08-18 10:00,34.44,36.71,-2.27,NO,,,,,,,15m logic removed,,,,,WATCH,👀 WATCH,Weekly RSI 64.49 > 50 + Hourly RSI touched 30 + 15m price confirmation failed (Close 332.7 <= Previous High 333.8)
2026-08-18 10:04:37,NSE:AARTIIND,528.85,64.61,66.18,-1.57,2026-08-18 10:00,53.21,49.76,3.45,YES,,,,,,,15m logic removed,,,,,WATCH,👀 WATCH,"Weekly RSI 64.61 > 50, but Hourly RSI has not touched 30 (current 53.21)"
2026-08-18 10:04:39,NSE:ABB,7673.0,63.68,63.4,0.28,2026-08-18 10:00,48.53,46.3,2.23,YES,,,,,,,15m logic removed,,,,,WATCH,👀 WATCH,"Weekly RSI 63.68 > 50, but Hourly RSI has not touched 30 (current 48.53)"
2026-08-18 10:04:40,NSE:ACMESOLAR,363.1,61.66,65.76,-4.09,2026-08-18 10:00,33.5,36.88,-3.37,NO,,,,,,,15m logic removed,,,,,WATCH,👀 WATCH,"Weekly RSI 61.66 > 50, but Hourly RSI has not touched 30 (current 33.50)"
2026-08-18 10:04:42,NSE:ADANIENSOL,1602.0,64.75,66.1,-1.35,2026-08-18 10:00,50.56,42.84,7.73,YES,,,,,,,15m logic removed,,,,,WATCH,👀 WATCH,"Weekly RSI 64.75 > 50, but Hourly RSI has not touched 30 (current 50.56)"
2026-08-18 10:04:43,NSE:AEGISLOG,1327.0,69.01,66.7,2.31,2026-08-18 10:00,68.84,53.03,15.81,YES,,,,,,,15m logic removed,,,,,WATCH,👀 WATCH,"Weekly RSI 69.01 > 50, but Hourly RSI has not touched 30 (current 68.84)"
2026-08-18 10:04:44,NSE:AJANTPHARM,3793.8,76.88,74.36,2.52,2026-08-18 10:00,85.63,78.51,7.12,YES,,,,,,,15m logic removed,,,,,WATCH,👀 WATCH,"Weekly RSI 76.88 > 50, but Hourly RSI has not touched 30 (current 85.63)"
2026-08-18 10:04:46,NSE:AKUMS,750.0,72.73,70.82,1.91,2026-08-18 10:00,58.31,53.28,5.03,YES,,,,,,,15m logic removed,,,,,WATCH,👀 WATCH,"Weekly RSI 72.73 > 50, but Hourly RSI has not touched 30 (current 58.31)"
2026-08-18 10:04:47,NSE:ALIVUS,1390.1,78.55,78.41,0.14,2026-08-18 10:00,55.95,59.17,-3.22,NO,,,,,,,15m logic removed,,,,,WATCH,👀 WATCH,"Weekly RSI 78.55 > 50, but Hourly RSI has not touched 30 (current 55.95)"
2026-08-18 10:04:48,NSE:ANANDRATHI,2191.9,75.57,74.94,0.64,2026-08-18 10:00,61.42,50.24,11.17,YES,,,,,,,15m logic removed,,,,,WATCH,👀 WATCH,"Weekly RSI 75.57 > 50, but Hourly RSI has not touched 30 (current 61.42)"
2026-08-18 10:04:50,NSE:ANANTRAJ,623.2,60.32,61.58,-1.25,2026-08-18 10:00,52.03,54.63,-2.6,NO,,,,,,,15m logic removed,,,,,WATCH,👀 WATCH,"Weekly RSI 60.32 > 50, but Hourly RSI has not touched 30 (current 52.03)"
2026-08-18 10:04:51,NSE:APARINDS,16380.0,68.94,71.5,-2.56,2026-08-18 10:00,37.14,42.37,-5.23,NO,,,,,,,15m logic removed,,,,,WATCH,👀 WATCH,"Weekly RSI 68.94 > 50, but Hourly RSI has not touched 30 (current 37.14)"
2026-08-18 10:04:52,NSE:ASHOKLEY,175.0,55.66,54.11,1.55,2026-08-18 10:00,47.58,53.92,-6.34,NO,,,,,,,15m logic removed,,,,,WATCH,👀 WATCH,"Weekly RSI 55.66 > 50, but Hourly RSI has not touched 30 (current 47.58)"
2026-08-18 10:04:54,NSE:ASTERDM,819.9,60.17,60.6,-0.42,2026-08-18 10:00,37.1,36.57,0.53,YES,,,,,,,15m logic removed,,,,,WATCH,👀 WATCH,"Weekly RSI 60.17 > 50, but Hourly RSI has not touched 30 (current 37.10)"
2026-08-18 10:04:55,NSE:ASTRAMICRO,1754.0,68.26,67.72,0.54,2026-08-18 10:00,61.23,42.97,18.26,YES,,,,,,,15m logic removed,,,,,WATCH,👀 WATCH,"Weekly RSI 68.26 > 50, but Hourly RSI has not touched 30 (current 61.23)"
2026-08-18 10:04:57,NSE:ATHERENERG,1495.4,79.12,80.74,-1.62,2026-08-18 10:00,44.1,35.93,8.17,YES,,,,,,,15m logic removed,,,,,WATCH,👀 WATCH,"Weekly RSI 79.12 > 50, but Hourly RSI has not touched 30 (current 44.10)"
2026-08-18 10:04:58,NSE:AUROPHARMA,1642.6,68.38,67.08,1.3,2026-08-18 10:00,52.17,44.03,8.14,YES,,,,,,,15m logic removed,,,,,WATCH,👀 WATCH,"Weekly RSI 68.38 > 50, but Hourly RSI has not touched 30 (current 52.17)"
2026-08-18 10:04:59,NSE:BAJAJ-AUTO,11748.0,72.49,72.09,0.4,2026-08-18 10:00,54.89,44.04,10.85,YES,,,,,,,15m logic removed,,,,,WATCH,👀 WATCH,"Weekly RSI 72.49 > 50, but Hourly RSI has not touched 30 (current 54.89)"
2026-08-18 10:05:01,NSE:BALRAMCHIN,656.9,74.07,70.01,4.06,2026-08-18 10:00,73.23,72.74,0.49,YES,,,,,,,15m logic removed,,,,,WATCH,👀 WATCH,"Weekly RSI 74.07 > 50, but Hourly RSI has not touched 30 (current 73.23)"
2026-08-18 10:05:02,NSE:BDL,1373.0,52.78,54.59,-1.81,2026-08-18 10:00,54.77,59.46,-4.69,NO,,,,,,,15m logic removed,,,,,WATCH,👀 WATCH,"Weekly RSI 52.78 > 50, but Hourly RSI has not touched 30 (current 54.77)"
2026-08-18 10:05:04,NSE:BEML,1944.0,59.32,55.85,3.47,2026-08-18 10:00,67.99,57.48,10.51,YES,,,,,,,15m logic removed,,,,,WATCH,👀 WATCH,"Weekly RSI 59.32 > 50, but Hourly RSI has not touched 30 (current 67.99)"
2026-08-18 10:05:05,NSE:BHARATFORG,2073.1,57.87,57.47,0.4,2026-08-18 10:00,43.87,52.12,-8.25,NO,,,,,,,15m logic removed,,,,,WATCH,👀 WATCH,"Weekly RSI 57.87 > 50, but Hourly RSI has not touched 30 (current 43.87)"
2026-08-18 10:05:06,NSE:BHEL,429.55,66.85,65.48,1.37,2026-08-18 10:00,59.02,70.96,-11.93,NO,,,,,,,15m logic removed,,,,,WATCH,👀 WATCH,"Weekly RSI 66.85 > 50, but Hourly RSI has not touched 30 (current 59.02)"
2026-08-18 10:05:08,NSE:BOSCHLTD,47410.0,73.43,72.96,0.47,2026-08-18 10:00,66.72,60.0,6.72,YES,,,,,,,15m logic removed,,,,,WATCH,👀 WATCH,"Weekly RSI 73.43 > 50, but Hourly RSI has not touched 30 (current 66.72)"
2026-08-18 10:05:09,NSE:BRIGADE,596.85,55.66,54.87,0.79,2026-08-18 10:00,56.46,50.54,5.92,YES,,,,,,,15m logic removed,,,,,WATCH,👀 WATCH,"Weekly RSI 55.66 > 50, but Hourly RSI has not touched 30 (current 56.46)"
2026-08-18 10:05:10,NSE:CAPLIPOINT,2532.9,67.24,65.36,1.88,2026-08-18 10:00,56.8,55.11,1.7,YES,,,,,,,15m logic removed,,,,,WATCH,👀 WATCH,"Weekly RSI 67.24 > 50, but Hourly RSI has not touched 30 (current 56.80)"
2026-08-18 10:05:12,NSE:CGPOWER,893.35,58.73,58.34,0.39,2026-08-18 10:00,57.42,67.68,-10.26,NO,,,,,,,15m logic removed,,,,,WATCH,👀 WATCH,"Weekly RSI 58.73 > 50, but Hourly RSI has not touched 30 (current 57.42)"
2026-08-18 10:05:13,NSE:CHENNPETRO,1425.9,74.54,69.87,4.67,2026-08-18 10:00,74.43,64.69,9.74,YES,,,,,,,15m logic removed,,,,,WATCH,👀 WATCH,"Weekly RSI 74.54 > 50, but Hourly RSI has not touched 30 (current 74.43)"
2026-08-18 10:05:14,NSE:COHANCE,463.0,52.5,48.61,3.89,2026-08-18 10:00,71.79,55.0,16.79,YES,,,,,,,15m logic removed,,,,,WATCH,👀 WATCH,"Weekly RSI 52.50 > 50, but Hourly RSI has not touched 30 (current 71.79)"
2026-08-18 10:05:15,NSE:CYIENTDLM,748.05,86.58,84.24,2.34,2026-08-18 10:00,72.61,69.29,3.32,YES,,,,,,,15m logic removed,,,,,WATCH,👀 WATCH,"Weekly RSI 86.58 > 50, but Hourly RSI has not touched 30 (current 72.61)"
2026-08-18 10:05:17,NSE:DATAPATTNS,4647.0,63.13,60.33,2.8,2026-08-18 10:00,71.75,58.21,13.53,YES,,,,,,,15m logic removed,,,,,WATCH,👀 WATCH,"Weekly RSI 63.13 > 50, but Hourly RSI has not touched 30 (current 71.75)"
2026-08-18 10:05:19,NSE:DIVISLAB,8604.0,84.29,83.43,0.87,2026-08-18 10:00,63.02,49.68,13.34,YES,,,,,,,15m logic removed,,,,,WATCH,👀 WATCH,"Weekly RSI 84.29 > 50, but Hourly RSI has not touched 30 (current 63.02)"
2026-08-18 10:05:20,NSE:DLF,662.05,55.24,55.85,-0.61,2026-08-18 10:00,47.88,60.92,-13.03,NO,,,,,,,15m logic removed,,,,,WATCH,👀 WATCH,"Weekly RSI 55.24 > 50, but Hourly RSI has not touched 30 (current 47.88)"
2026-08-18 10:05:21,NSE:DYNAMATECH,11247.0,56.91,56.53,0.39,2026-08-18 10:00,63.09,56.51,6.57,YES,,,,,,,15m logic removed,,,,,WATCH,👀 WATCH,"Weekly RSI 56.91 > 50, but Hourly RSI has not touched 30 (current 63.09)"
2026-08-18 10:05:23,NSE:EICHERMOT,8063.0,64.46,64.56,-0.1,2026-08-18 10:00,50.2,47.13,3.07,YES,,,,,,,15m logic removed,,,,,WATCH,👀 WATCH,"Weekly RSI 64.46 > 50, but Hourly RSI has not touched 30 (current 50.20)"
2026-08-18 10:05:24,NSE:ENRIN,3616.0,57.25,55.76,1.49,2026-08-18 10:00,62.73,62.01,0.72,YES,,,,,,,15m logic removed,,,,,WATCH,👀 WATCH,"Weekly RSI 57.25 > 50, but Hourly RSI has not touched 30 (current 62.73)"
2026-08-18 10:05:26,NSE:EXIDEIND,470.75,70.59,72.73,-2.14,2026-08-18 10:00,34.96,41.47,-6.51,NO,,,,,,,15m logic removed,,,,,WATCH,👀 WATCH,"Weekly RSI 70.59 > 50, but Hourly RSI has not touched 30 (current 34.96)"
2026-08-18 10:05:27,NSE:GLAND,2914.0,76.28,79.58,-3.3,2026-08-18 10:00,51.27,48.81,2.47,YES,,,,,,,15m logic removed,,,,,WATCH,👀 WATCH,"Weekly RSI 76.28 > 50, but Hourly RSI has not touched 30 (current 51.27)"
2026-08-18 10:05:28,NSE:GODREJPROP,2001.4,55.17,54.63,0.54,2026-08-18 10:00,45.33,62.29,-16.96,NO,,,,,,,15m logic removed,,,,,WATCH,👀 WATCH,"Weekly RSI 55.17 > 50, but Hourly RSI has not touched 30 (current 45.33)"
2026-08-18 10:05:29,NSE:GRANULES,855.05,65.79,66.44,-0.65,2026-08-18 10:00,46.32,53.96,-7.63,NO,,,,,,,15m logic removed,,,,,WATCH,👀 WATCH,"Weekly RSI 65.79 > 50, but Hourly RSI has not touched 30 (current 46.32)"
2026-08-18 10:05:31,NSE:HAL,5093.6,68.59,67.39,1.2,2026-08-18 10:00,69.14,63.95,5.19,YES,,,,,,,15m logic removed,,,,,WATCH,👀 WATCH,"Weekly RSI 68.59 > 50, but Hourly RSI has not touched 30 (current 69.14)"
2026-08-18 10:05:32,NSE:HEROMOTOCO,5720.5,61.72,63.8,-2.08,2026-08-18 10:00,37.57,40.81,-3.24,NO,,,,,,,15m logic removed,,,,,WATCH,👀 WATCH,"Weekly RSI 61.72 > 50, but Hourly RSI has not touched 30 (current 37.57)"
2026-08-18 10:05:33,NSE:HFCL,228.2,77.36,76.42,0.94,2026-08-18 10:00,62.67,43.81,18.85,YES,,,,,,,15m logic removed,,,,,WATCH,👀 WATCH,"Weekly RSI 77.36 > 50, but Hourly RSI has not touched 30 (current 62.67)"
2026-08-18 10:05:34,NSE:HONASA,472.35,68.04,79.49,-11.45,2026-08-18 10:00,38.78,45.33,-6.55,NO,,,,,,,15m logic removed,,,,,WATCH,👀 WATCH,"Weekly RSI 68.04 > 50, but Hourly RSI has not touched 30 (current 38.78)"
2026-08-18 10:05:36,NSE:HSCL,775.65,71.24,72.38,-1.15,2026-08-18 10:00,47.38,57.99,-10.61,NO,,,,,,,15m logic removed,,,,,WATCH,👀 WATCH,"Weekly RSI 71.24 > 50, but Hourly RSI has not touched 30 (current 47.38)"
2026-08-18 10:05:37,NSE:IFCI,80.25,61.36,58.71,2.65,2026-08-18 10:00,70.27,64.85,5.42,YES,,,,,,,15m logic removed,,,,,WATCH,👀 WATCH,"Weekly RSI 61.36 > 50, but Hourly RSI has not touched 30 (current 70.27)"
2026-08-18 10:05:38,NSE:INOXINDIA,1949.3,73.07,72.82,0.25,2026-08-18 10:00,52.81,51.54,1.27,YES,,,,,,,15m logic removed,,,,,WATCH,👀 WATCH,"Weekly RSI 73.07 > 50, but Hourly RSI has not touched 30 (current 52.81)"
2026-08-18 10:05:39,NSE:IPCALAB,1907.3,66.6,57.98,8.62,2026-08-18 10:00,73.05,68.79,4.26,YES,,,,,,,15m logic removed,,,,,WATCH,👀 WATCH,"Weekly RSI 66.60 > 50, but Hourly RSI has not touched 30 (current 73.05)"
2026-08-18 10:05:41,NSE:JINDALSAW,268.3,61.63,61.29,0.35,2026-08-18 10:00,49.8,58.05,-8.24,NO,,,,,,,15m logic removed,,,,,WATCH,👀 WATCH,"Weekly RSI 61.63 > 50, but Hourly RSI has not touched 30 (current 49.80)"
2026-08-18 10:05:42,NSE:KIRLOSENG,2085.0,58.35,58.99,-0.64,2026-08-18 10:00,46.38,50.77,-4.39,NO,,,,,,,15m logic removed,,,,,WATCH,👀 WATCH,"Weekly RSI 58.35 > 50, but Hourly RSI has not touched 30 (current 46.38)"
2026-08-18 10:05:44,NSE:LALPATHLAB,1898.1,70.65,72.68,-2.03,2026-08-18 10:00,39.95,19.65,20.3,YES,,,,,,,15m logic removed,,,,,SETUP,🔥 SETUP,Weekly RSI 70.65 > 50 + Hourly RSI touched 30 + 15m Close > Previous 15m High
2026-08-18 10:05:45,NSE:LAURUSLABS,1808.5,80.23,79.62,0.61,2026-08-18 10:00,45.61,46.24,-0.63,NO,,,,,,,15m logic removed,,,,,WATCH,👀 WATCH,"Weekly RSI 80.23 > 50, but Hourly RSI has not touched 30 (current 45.61)"
2026-08-18 10:05:46,NSE:LLOYDSME,1918.0,63.32,63.36,-0.05,2026-08-18 10:00,41.4,50.05,-8.65,NO,,,,,,,15m logic removed,,,,,WATCH,👀 WATCH,"Weekly RSI 63.32 > 50, but Hourly RSI has not touched 30 (current 41.40)"
2026-08-18 10:05:47,NSE:LODHA,1217.8,61.56,63.8,-2.24,2026-08-18 10:00,42.71,60.92,-18.21,NO,,,,,,,15m logic removed,,,,,WATCH,👀 WATCH,"Weekly RSI 61.56 > 50, but Hourly RSI has not touched 30 (current 42.71)"
2026-08-18 10:05:49,NSE:M&M,3414.0,56.96,57.66,-0.7,2026-08-18 10:00,48.76,39.7,9.06,YES,,,,,,,15m logic removed,,,,,WATCH,👀 WATCH,"Weekly RSI 56.96 > 50, but Hourly RSI has not touched 30 (current 48.76)"
2026-08-18 10:05:50,NSE:MAZDOCK,2583.9,54.92,54.76,0.16,2026-08-18 10:00,58.34,52.67,5.68,YES,,,,,,,15m logic removed,,,,,WATCH,👀 WATCH,"Weekly RSI 54.92 > 50, but Hourly RSI has not touched 30 (current 58.34)"
2026-08-18 10:05:52,NSE:MIDHANI,434.0,59.17,55.61,3.56,2026-08-18 10:00,55.8,51.38,4.43,YES,,,,,,,15m logic removed,,,,,WATCH,👀 WATCH,"Weekly RSI 59.17 > 50, but Hourly RSI has not touched 30 (current 55.80)"
2026-08-18 10:05:53,NSE:MOTHERSON,170.36,74.94,74.11,0.83,2026-08-18 10:00,66.16,50.12,16.04,YES,,,,,,,15m logic removed,,,,,WATCH,👀 WATCH,"Weekly RSI 74.94 > 50, but Hourly RSI has not touched 30 (current 66.16)"
2026-08-18 10:05:55,NSE:MTARTECH,7175.0,61.12,60.33,0.78,2026-08-18 10:00,56.56,49.9,6.66,YES,,,,,,,15m logic removed,,,,,WATCH,👀 WATCH,"Weekly RSI 61.12 > 50, but Hourly RSI has not touched 30 (current 56.56)"
2026-08-18 10:05:56,NSE:NETWEB,5392.9,67.91,63.88,4.03,2026-08-18 10:00,76.29,66.61,9.69,YES,,,,,,,15m logic removed,,,,,WATCH,👀 WATCH,"Weekly RSI 67.91 > 50, but Hourly RSI has not touched 30 (current 76.29)"
2026-08-18 10:05:57,NSE:NEULANDLAB,23605.0,78.07,77.48,0.58,2026-08-18 10:00,65.49,67.9,-2.41,NO,,,,,,,15m logic removed,,,,,WATCH,👀 WATCH,"Weekly RSI 78.07 > 50, but Hourly RSI has not touched 30 (current 65.49)"
2026-08-18 10:05:58,NSE:OBEROIRLTY,1908.8,62.55,59.06,3.49,2026-08-18 10:00,64.92,74.06,-9.14,NO,,,,,,,15m logic removed,,,,,WATCH,👀 WATCH,"Weekly RSI 62.55 > 50, but Hourly RSI has not touched 30 (current 64.92)"
2026-08-18 10:05:59,NSE:PARAS,1448.3,72.12,69.95,2.17,2026-08-18 10:00,81.54,69.69,11.85,YES,,,,,,,15m logic removed,,,,,WATCH,👀 WATCH,"Weekly RSI 72.12 > 50, but Hourly RSI has not touched 30 (current 81.54)"
2026-08-18 10:06:01,NSE:PHOENIXLTD,1916.3,55.19,53.56,1.63,2026-08-18 10:00,55.68,62.59,-6.9,NO,,,,,,,15m logic removed,,,,,WATCH,👀 WATCH,"Weekly RSI 55.19 > 50, but Hourly RSI has not touched 30 (current 55.68)"
2026-08-18 10:06:02,NSE:POLYMED,1747.9,58.01,60.69,-2.68,2026-08-18 10:00,39.96,37.37,2.6,YES,,,,,,,15m logic removed,,,,,WATCH,👀 WATCH,"Weekly RSI 58.01 > 50, but Hourly RSI has not touched 30 (current 39.96)"
2026-08-18 10:06:03,NSE:POWERINDIA,35400.0,61.47,62.34,-0.87,2026-08-18 10:00,49.58,51.15,-1.57,NO,,,,,,,15m logic removed,,,,,WATCH,👀 WATCH,"Weekly RSI 61.47 > 50, but Hourly RSI has not touched 30 (current 49.58)"
2026-08-18 10:06:05,NSE:PRESTIGE,1573.2,53.95,55.42,-1.47,2026-08-18 10:00,42.75,50.69,-7.93,NO,,,,,,,15m logic removed,,,,,WATCH,👀 WATCH,"Weekly RSI 53.95 > 50, but Hourly RSI has not touched 30 (current 42.75)"
2026-08-18 10:06:06,NSE:RADICO,4653.4,86.68,86.65,0.03,2026-08-18 10:00,57.69,70.69,-12.99,NO,,,,,,,15m logic removed,,,,,WATCH,👀 WATCH,"Weekly RSI 86.68 > 50, but Hourly RSI has not touched 30 (current 57.69)"
2026-08-18 10:06:07,NSE:RKFORGE,750.95,73.92,72.41,1.52,2026-08-18 10:00,61.74,65.72,-3.98,NO,,,,,,,15m logic removed,,,,,WATCH,👀 WATCH,"Weekly RSI 73.92 > 50, but Hourly RSI has not touched 30 (current 61.74)"
2026-08-18 10:06:08,NSE:RRKABEL,2812.1,77.76,77.31,0.45,2026-08-18 10:00,59.81,44.81,15.0,YES,,,,,,,15m logic removed,,,,,WATCH,👀 WATCH,"Weekly RSI 77.76 > 50, but Hourly RSI has not touched 30 (current 59.81)"
2026-08-18 10:06:10,NSE:SAILIFE,1444.7,79.37,80.21,-0.84,2026-08-18 10:00,53.96,37.28,16.68,YES,,,,,,,15m logic removed,,,,,WATCH,👀 WATCH,"Weekly RSI 79.37 > 50, but Hourly RSI has not touched 30 (current 53.96)"
2026-08-18 10:06:11,NSE:SAREGAMA,520.0,70.66,73.51,-2.85,2026-08-18 10:00,45.42,45.51,-0.09,NO,,,,,,,15m logic removed,,,,,WATCH,👀 WATCH,"Weekly RSI 70.66 > 50, but Hourly RSI has not touched 30 (current 45.42)"
2026-08-18 10:06:13,NSE:SIGNATURE,803.8,45.31,45.82,-0.51,2026-08-18 10:00,45.72,41.59,4.14,YES,,,,,,,15m logic removed,,,,,IGNORE,❌ IGNORE,Weekly RSI 45.31 <= 50
2026-08-18 10:06:14,NSE:SOBHA,1320.2,43.58,44.17,-0.59,2026-08-18 10:00,42.77,44.16,-1.39,NO,,,,,,,15m logic removed,,,,,IGNORE,❌ IGNORE,Weekly RSI 43.58 <= 50
2026-08-18 10:06:15,NSE:SOLARINDS,20255.0,72.38,71.31,1.06,2026-08-18 10:00,66.72,61.19,5.53,YES,,,,,,,15m logic removed,,,,,WATCH,👀 WATCH,"Weekly RSI 72.38 > 50, but Hourly RSI has not touched 30 (current 66.72)"
2026-08-18 10:06:17,NSE:SONACOMS,817.1,78.13,76.36,1.78,2026-08-18 10:00,65.58,54.21,11.37,YES,,,,,,,15m logic removed,,,,,WATCH,👀 WATCH,"Weekly RSI 78.13 > 50, but Hourly RSI has not touched 30 (current 65.58)"
2026-08-18 10:06:18,NSE:SYRMA,1499.0,70.61,69.38,1.24,2026-08-18 10:00,59.85,50.95,8.9,YES,,,,,,,15m logic removed,,,,,WATCH,👀 WATCH,"Weekly RSI 70.61 > 50, but Hourly RSI has not touched 30 (current 59.85)"
2026-08-18 10:06:19,NSE:TORNTPHARM,4967.5,64.17,61.07,3.11,2026-08-18 10:00,63.16,53.64,9.52,YES,,,,,,,15m logic removed,,,,,WATCH,👀 WATCH,"Weekly RSI 64.17 > 50, but Hourly RSI has not touched 30 (current 63.16)"
2026-08-18 10:06:21,NSE:TVSMOTOR,4391.8,68.76,67.22,1.53,2026-08-18 10:00,58.71,57.39,1.32,YES,,,,,,,15m logic removed,,,,,WATCH,👀 WATCH,"Weekly RSI 68.76 > 50, but Hourly RSI has not touched 30 (current 58.71)"
2026-08-18 10:06:22,NSE:UNIMECH,1510.0,74.8,76.02,-1.22,2026-08-18 10:00,61.06,60.47,0.6,YES,,,,,,,15m logic removed,,,,,WATCH,👀 WATCH,"Weekly RSI 74.80 > 50, but Hourly RSI has not touched 30 (current 61.06)"
2026-08-18 10:06:23,NSE:UNOMINDA,1273.2,61.03,58.5,2.52,2026-08-18 10:00,66.64,64.62,2.02,YES,,,,,,,15m logic removed,,,,,WATCH,👀 WATCH,"Weekly RSI 61.03 > 50, but Hourly RSI has not touched 30 (current 66.64)"
2026-08-18 10:06:24,NSE:VIJAYA,1506.9,71.13,69.58,1.55,2026-08-18 10:00,61.68,63.24,-1.56,NO,,,,,,,15m logic removed,,,,,WATCH,👀 WATCH,"Weekly RSI 71.13 > 50, but Hourly RSI has not touched 30 (current 61.68)"
2026-08-18 10:06:26,NSE:WELCORP,1908.0,89.02,88.47,0.55,2026-08-18 10:00,69.57,59.84,9.73,YES,,,,,,,15m logic removed,,,,,WATCH,👀 WATCH,"Weekly RSI 89.02 > 50, but Hourly RSI has not touched 30 (current 69.57)"
2026-08-18 10:06:27,NSE:WOCKPHARMA,1884.0,57.89,60.66,-2.77,2026-08-18 10:00,38.35,42.6,-4.25,NO,,,,,,,15m logic removed,,,,,WATCH,👀 WATCH,"Weekly RSI 57.89 > 50, but Hourly RSI has not touched 30 (current 38.35)"
2026-08-18 10:06:28,NSE:ZENTEC,1918.3,61.1,58.95,2.15,2026-08-18 10:00,75.73,63.11,12.62,YES,,,,,,,15m logic removed,,,,,WATCH,👀 WATCH,"Weekly RSI 61.10 > 50, but Hourly RSI has not touched 30 (current 75.73)"
2026-08-18 10:06:29,NSE:ZYDUSLIFE,1136.9,65.57,65.38,0.19,2026-08-18 10:00,42.28,38.01,4.27,YES,,,,,,,15m logic removed,,,,,WATCH,👀 WATCH,"Weekly RSI 65.57 > 50, but Hourly RSI has not touched 30 (current 42.28)"
2026-08-18 10:19:25,NSE:LGEINDIA,1668.5,56.12,60.65,-4.54,2026-08-18 10:00,57.09,55.5,1.59,YES,,,,,,,15m logic removed,,,,,WATCH,👀 WATCH,"Weekly RSI 56.12 > 50, but Hourly RSI has not touched 30 (current 57.09)"
2026-08-18 10:19:27,NSE:ASTRAL,1525.0,52.17,54.81,-2.64,2026-08-18 10:00,46.5,54.86,-8.36,NO,,,,,,,15m logic removed,,,,,WATCH,👀 WATCH,"Weekly RSI 52.17 > 50, but Hourly RSI has not touched 30 (current 46.50)"
2026-08-18 10:19:28,NSE:FINCABLES,1306.5,68.38,65.92,2.46,2026-08-18 10:00,67.38,73.98,-6.6,NO,,,,,,,15m logic removed,,,,,WATCH,👀 WATCH,"Weekly RSI 68.38 > 50, but Hourly RSI has not touched 30 (current 67.38)"
2026-08-18 10:19:29,NSE:GODREJAGRO,593.0,52.96,50.07,2.9,2026-08-18 10:00,74.36,74.36,0.0,NO,,,,,,,15m logic removed,,,,,WATCH,👀 WATCH,"Weekly RSI 52.96 > 50, but Hourly RSI has not touched 30 (current 74.36)"
2026-08-18 10:19:31,NSE:HAPPSTMNDS,422.35,58.0,57.5,0.5,2026-08-18 10:00,60.33,66.54,-6.21,NO,,,,,,,15m logic removed,,,,,WATCH,👀 WATCH,"Weekly RSI 58.00 > 50, but Hourly RSI has not touched 30 (current 60.33)"
2026-08-18 10:19:32,NSE:NAZARA,351.8,70.6,72.74,-2.15,2026-08-18 10:00,44.72,36.05,8.67,YES,,,,,,,15m logic removed,,,,,WATCH,👀 WATCH,"Weekly RSI 70.60 > 50, but Hourly RSI has not touched 30 (current 44.72)"
2026-08-18 10:19:33,NSE:OFSS,11827.0,67.99,68.0,-0.01,2026-08-18 10:00,57.91,55.31,2.6,YES,,,,,,,15m logic removed,,,,,WATCH,👀 WATCH,"Weekly RSI 67.99 > 50, but Hourly RSI has not touched 30 (current 57.91)"
2026-08-18 10:19:34,NSE:REDINGTON,331.5,64.23,64.98,-0.75,2026-08-18 10:00,33.12,36.71,-3.59,NO,,,,,,,15m logic removed,,,,,WATCH,👀 WATCH,Weekly RSI 64.23 > 50 + Hourly RSI touched 30 + 15m price confirmation failed (Close 331.75 <= Previous High 333.15)
2026-08-18 10:19:36,NSE:AARTIIND,528.3,64.45,66.18,-1.73,2026-08-18 10:00,52.72,49.76,2.96,YES,,,,,,,15m logic removed,,,,,WATCH,👀 WATCH,"Weekly RSI 64.45 > 50, but Hourly RSI has not touched 30 (current 52.72)"
2026-08-18 10:19:37,NSE:ABB,7674.5,63.7,63.4,0.3,2026-08-18 10:00,48.78,46.3,2.47,YES,,,,,,,15m logic removed,,,,,WATCH,👀 WATCH,"Weekly RSI 63.70 > 50, but Hourly RSI has not touched 30 (current 48.78)"
2026-08-18 10:19:38,NSE:ACMESOLAR,364.1,62.02,65.76,-3.74,2026-08-18 10:00,35.2,36.88,-1.68,NO,,,,,,,15m logic removed,,,,,WATCH,👀 WATCH,"Weekly RSI 62.02 > 50, but Hourly RSI has not touched 30 (current 35.20)"
2026-08-18 10:19:39,NSE:ADANIENSOL,1615.0,66.0,66.1,-0.1,2026-08-18 10:00,56.49,42.84,13.66,YES,,,,,,,15m logic removed,,,,,WATCH,👀 WATCH,"Weekly RSI 66.00 > 50, but Hourly RSI has not touched 30 (current 56.49)"
2026-08-18 10:19:41,NSE:AEGISLOG,1324.6,68.93,66.7,2.23,2026-08-18 10:00,68.18,53.03,15.15,YES,,,,,,,15m logic removed,,,,,WATCH,👀 WATCH,"Weekly RSI 68.93 > 50, but Hourly RSI has not touched 30 (current 68.18)"
2026-08-18 10:19:42,NSE:AJANTPHARM,3787.0,76.75,74.36,2.39,2026-08-18 10:00,85.15,78.51,6.65,YES,,,,,,,15m logic removed,,,,,WATCH,👀 WATCH,"Weekly RSI 76.75 > 50, but Hourly RSI has not touched 30 (current 85.15)"
2026-08-18 10:19:44,NSE:AKUMS,752.0,72.89,70.82,2.07,2026-08-18 10:00,59.55,53.28,6.27,YES,,,,,,,15m logic removed,,,,,WATCH,👀 WATCH,"Weekly RSI 72.89 > 50, but Hourly RSI has not touched 30 (current 59.55)"
2026-08-18 10:19:45,NSE:ALIVUS,1378.7,77.21,78.41,-1.2,2026-08-18 10:00,49.66,59.17,-9.51,NO,,,,,,,15m logic removed,,,,,WATCH,👀 WATCH,"Weekly RSI 77.21 > 50, but Hourly RSI has not touched 30 (current 49.66)"
2026-08-18 10:19:46,NSE:ANANDRATHI,2193.3,75.62,74.94,0.69,2026-08-18 10:00,62.07,50.24,11.82,YES,,,,,,,15m logic removed,,,,,WATCH,👀 WATCH,"Weekly RSI 75.62 > 50, but Hourly RSI has not touched 30 (current 62.07)"
2026-08-18 10:19:47,NSE:ANANTRAJ,623.0,60.29,61.58,-1.29,2026-08-18 10:00,51.72,54.63,-2.91,NO,,,,,,,15m logic removed,,,,,WATCH,👀 WATCH,"Weekly RSI 60.29 > 50, but Hourly RSI has not touched 30 (current 51.72)"
2026-08-18 10:19:48,NSE:APARINDS,16427.0,69.32,71.5,-2.18,2026-08-18 10:00,38.31,42.37,-4.06,NO,,,,,,,15m logic removed,,,,,WATCH,👀 WATCH,"Weekly RSI 69.32 > 50, but Hourly RSI has not touched 30 (current 38.31)"
2026-08-18 10:19:49,NSE:ASHOKLEY,175.11,55.71,54.11,1.6,2026-08-18 10:00,47.87,53.92,-6.04,NO,,,,,,,15m logic removed,,,,,WATCH,👀 WATCH,"Weekly RSI 55.71 > 50, but Hourly RSI has not touched 30 (current 47.87)"
2026-08-18 10:19:51,NSE:ASTERDM,823.55,60.73,60.6,0.14,2026-08-18 10:00,42.91,36.57,6.34,YES,,,,,,,15m logic removed,,,,,WATCH,👀 WATCH,"Weekly RSI 60.73 > 50, but Hourly RSI has not touched 30 (current 42.91)"
2026-08-18 10:19:52,NSE:ASTRAMICRO,1751.5,68.17,67.72,0.45,2026-08-18 10:00,60.59,42.97,17.61,YES,,,,,,,15m logic removed,,,,,WATCH,👀 WATCH,"Weekly RSI 68.17 > 50, but Hourly RSI has not touched 30 (current 60.59)"
2026-08-18 10:19:54,NSE:ATHERENERG,1480.0,77.63,80.74,-3.11,2026-08-18 10:00,35.17,35.93,-0.77,NO,,,,,,,15m logic removed,,,,,WATCH,👀 WATCH,"Weekly RSI 77.63 > 50, but Hourly RSI has not touched 30 (current 35.17)"
2026-08-18 10:19:55,NSE:AUROPHARMA,1640.8,68.27,67.08,1.19,2026-08-18 10:00,51.34,44.03,7.31,YES,,,,,,,15m logic removed,,,,,WATCH,👀 WATCH,"Weekly RSI 68.27 > 50, but Hourly RSI has not touched 30 (current 51.34)"
2026-08-18 10:19:56,NSE:BAJAJ-AUTO,11715.0,72.21,72.09,0.13,2026-08-18 10:00,51.22,44.04,7.18,YES,,,,,,,15m logic removed,,,,,WATCH,👀 WATCH,"Weekly RSI 72.21 > 50, but Hourly RSI has not touched 30 (current 51.22)"
2026-08-18 10:19:57,NSE:BALRAMCHIN,655.1,73.87,70.01,3.86,2026-08-18 10:00,71.43,72.74,-1.31,NO,,,,,,,15m logic removed,,,,,WATCH,👀 WATCH,"Weekly RSI 73.87 > 50, but Hourly RSI has not touched 30 (current 71.43)"
2026-08-18 10:19:59,NSE:BDL,1369.1,52.51,54.59,-2.08,2026-08-18 10:00,52.47,59.46,-6.99,NO,,,,,,,15m logic removed,,,,,WATCH,👀 WATCH,"Weekly RSI 52.51 > 50, but Hourly RSI has not touched 30 (current 52.47)"
2026-08-18 10:20:00,NSE:BEML,1946.1,59.41,55.85,3.57,2026-08-18 10:00,68.46,57.48,10.99,YES,,,,,,,15m logic removed,,,,,WATCH,👀 WATCH,"Weekly RSI 59.41 > 50, but Hourly RSI has not touched 30 (current 68.46)"
2026-08-18 10:20:01,NSE:BHARATFORG,2067.5,57.59,57.47,0.12,2026-08-18 10:00,42.0,52.12,-10.12,NO,,,,,,,15m logic removed,,,,,WATCH,👀 WATCH,"Weekly RSI 57.59 > 50, but Hourly RSI has not touched 30 (current 42.00)"
2026-08-18 10:20:02,NSE:BHEL,429.55,66.85,65.48,1.37,2026-08-18 10:00,59.02,70.96,-11.93,NO,,,,,,,15m logic removed,,,,,WATCH,👀 WATCH,"Weekly RSI 66.85 > 50, but Hourly RSI has not touched 30 (current 59.02)"
2026-08-18 10:20:03,NSE:BOSCHLTD,47275.0,73.23,72.96,0.27,2026-08-18 10:00,64.92,60.0,4.91,YES,,,,,,,15m logic removed,,,,,WATCH,👀 WATCH,"Weekly RSI 73.23 > 50, but Hourly RSI has not touched 30 (current 64.92)"
2026-08-18 10:20:04,NSE:BRIGADE,594.65,55.34,54.87,0.47,2026-08-18 10:00,53.93,50.54,3.4,YES,,,,,,,15m logic removed,,,,,WATCH,👀 WATCH,"Weekly RSI 55.34 > 50, but Hourly RSI has not touched 30 (current 53.93)"
2026-08-18 10:20:06,NSE:CAPLIPOINT,2531.5,67.19,65.36,1.84,2026-08-18 10:00,56.51,55.11,1.4,YES,,,,,,,15m logic removed,,,,,WATCH,👀 WATCH,"Weekly RSI 67.19 > 50, but Hourly RSI has not touched 30 (current 56.51)"
2026-08-18 10:20:07,NSE:CGPOWER,894.6,58.88,58.34,0.54,2026-08-18 10:00,59.49,67.68,-8.19,NO,,,,,,,15m logic removed,,,,,WATCH,👀 WATCH,"Weekly RSI 58.88 > 50, but Hourly RSI has not touched 30 (current 59.49)"
2026-08-18 10:20:08,NSE:CHENNPETRO,1432.0,74.77,69.87,4.9,2026-08-18 10:00,75.37,64.69,10.68,YES,,,,,,,15m logic removed,,,,,WATCH,👀 WATCH,"Weekly RSI 74.77 > 50, but Hourly RSI has not touched 30 (current 75.37)"
2026-08-18 10:20:10,NSE:COHANCE,462.45,52.41,48.61,3.8,2026-08-18 10:00,71.42,55.0,16.42,YES,,,,,,,15m logic removed,,,,,WATCH,👀 WATCH,"Weekly RSI 52.41 > 50, but Hourly RSI has not touched 30 (current 71.42)"
2026-08-18 10:20:11,NSE:CYIENTDLM,737.4,86.15,84.24,1.92,2026-08-18 10:00,66.68,69.29,-2.61,NO,,,,,,,15m logic removed,,,,,WATCH,👀 WATCH,"Weekly RSI 86.15 > 50, but Hourly RSI has not touched 30 (current 66.68)"
2026-08-18 10:20:12,NSE:DATAPATTNS,4674.0,63.5,60.33,3.17,2026-08-18 10:00,73.79,58.21,15.58,YES,,,,,,,15m logic removed,,,,,WATCH,👀 WATCH,"Weekly RSI 63.50 > 50, but Hourly RSI has not touched 30 (current 73.79)"
2026-08-18 10:20:13,NSE:DIVISLAB,8601.5,84.28,83.43,0.85,2026-08-18 10:00,62.81,49.68,13.14,YES,,,,,,,15m logic removed,,,,,WATCH,👀 WATCH,"Weekly RSI 84.28 > 50, but Hourly RSI has not touched 30 (current 62.81)"
2026-08-18 10:20:14,NSE:DLF,661.9,55.21,55.85,-0.64,2026-08-18 10:00,47.71,60.92,-13.21,NO,,,,,,,15m logic removed,,,,,WATCH,👀 WATCH,"Weekly RSI 55.21 > 50, but Hourly RSI has not touched 30 (current 47.71)"
2026-08-18 10:20:15,NSE:DYNAMATECH,11274.0,57.09,56.53,0.56,2026-08-18 10:00,64.26,56.51,7.75,YES,,,,,,,15m logic removed,,,,,WATCH,👀 WATCH,"Weekly RSI 57.09 > 50, but Hourly RSI has not touched 30 (current 64.26)"
2026-08-18 10:20:17,NSE:EICHERMOT,8050.5,64.12,64.56,-0.44,2026-08-18 10:00,47.26,47.13,0.13,YES,,,,,,,15m logic removed,,,,,WATCH,👀 WATCH,"Weekly RSI 64.12 > 50, but Hourly RSI has not touched 30 (current 47.26)"
2026-08-18 10:20:18,NSE:ENRIN,3602.3,57.0,55.76,1.24,2026-08-18 10:00,59.42,62.01,-2.59,NO,,,,,,,15m logic removed,,,,,WATCH,👀 WATCH,"Weekly RSI 57.00 > 50, but Hourly RSI has not touched 30 (current 59.42)"
2026-08-18 10:20:19,NSE:EXIDEIND,469.65,70.17,72.73,-2.56,2026-08-18 10:00,33.6,41.47,-7.87,NO,,,,,,,15m logic removed,,,,,WATCH,👀 WATCH,"Weekly RSI 70.17 > 50, but Hourly RSI has not touched 30 (current 33.60)"
2026-08-18 10:20:20,NSE:GLAND,2908.0,75.95,79.58,-3.63,2026-08-18 10:00,50.07,48.81,1.26,YES,,,,,,,15m logic removed,,,,,WATCH,👀 WATCH,"Weekly RSI 75.95 > 50, but Hourly RSI has not touched 30 (current 50.07)"
2026-08-18 10:20:21,NSE:GODREJPROP,1993.7,54.81,54.63,0.18,2026-08-18 10:00,43.59,62.29,-18.7,NO,,,,,,,15m logic removed,,,,,WATCH,👀 WATCH,"Weekly RSI 54.81 > 50, but Hourly RSI has not touched 30 (current 43.59)"
2026-08-18 10:20:22,NSE:GRANULES,853.2,65.43,66.44,-1.01,2026-08-18 10:00,44.08,53.96,-9.88,NO,,,,,,,15m logic removed,,,,,WATCH,👀 WATCH,"Weekly RSI 65.43 > 50, but Hourly RSI has not touched 30 (current 44.08)"
2026-08-18 10:20:23,NSE:HAL,5102.3,68.75,67.39,1.36,2026-08-18 10:00,70.22,63.95,6.27,YES,,,,,,,15m logic removed,,,,,WATCH,👀 WATCH,"Weekly RSI 68.75 > 50, but Hourly RSI has not touched 30 (current 70.22)"
2026-08-18 10:20:25,NSE:HEROMOTOCO,5725.5,61.87,63.8,-1.93,2026-08-18 10:00,38.19,40.81,-2.62,NO,,,,,,,15m logic removed,,,,,WATCH,👀 WATCH,"Weekly RSI 61.87 > 50, but Hourly RSI has not touched 30 (current 38.19)"
2026-08-18 10:20:26,NSE:HFCL,228.44,77.41,76.42,0.98,2026-08-18 10:00,62.99,43.81,19.18,YES,,,,,,,15m logic removed,,,,,WATCH,👀 WATCH,"Weekly RSI 77.41 > 50, but Hourly RSI has not touched 30 (current 62.99)"
2026-08-18 10:20:27,NSE:HONASA,473.75,68.49,79.49,-11.0,2026-08-18 10:00,39.83,45.33,-5.49,NO,,,,,,,15m logic removed,,,,,WATCH,👀 WATCH,"Weekly RSI 68.49 > 50, but Hourly RSI has not touched 30 (current 39.83)"
2026-08-18 10:20:28,NSE:HSCL,777.35,71.6,72.38,-0.79,2026-08-18 10:00,49.21,57.99,-8.78,NO,,,,,,,15m logic removed,,,,,WATCH,👀 WATCH,"Weekly RSI 71.60 > 50, but Hourly RSI has not touched 30 (current 49.21)"
2026-08-18 10:20:30,NSE:IFCI,80.62,61.64,58.71,2.93,2026-08-18 10:00,71.54,64.85,6.68,YES,,,,,,,15m logic removed,,,,,WATCH,👀 WATCH,"Weekly RSI 61.64 > 50, but Hourly RSI has not touched 30 (current 71.54)"
2026-08-18 10:20:31,NSE:INOXINDIA,1950.2,73.11,72.82,0.29,2026-08-18 10:00,53.29,51.54,1.75,YES,,,,,,,15m logic removed,,,,,WATCH,👀 WATCH,"Weekly RSI 73.11 > 50, but Hourly RSI has not touched 30 (current 53.29)"
2026-08-18 10:20:32,NSE:IPCALAB,1882.0,65.56,57.98,7.59,2026-08-18 10:00,69.8,68.79,1.01,YES,,,,,,,15m logic removed,,,,,WATCH,👀 WATCH,"Weekly RSI 65.56 > 50, but Hourly RSI has not touched 30 (current 69.80)"
2026-08-18 10:20:34,NSE:JINDALSAW,267.95,61.53,61.29,0.25,2026-08-18 10:00,48.77,58.05,-9.27,NO,,,,,,,15m logic removed,,,,,WATCH,👀 WATCH,"Weekly RSI 61.53 > 50, but Hourly RSI has not touched 30 (current 48.77)"
2026-08-18 10:20:35,NSE:KIRLOSENG,2088.8,58.51,58.99,-0.48,2026-08-18 10:00,47.59,50.77,-3.18,NO,,,,,,,15m logic removed,,,,,WATCH,👀 WATCH,"Weekly RSI 58.51 > 50, but Hourly RSI has not touched 30 (current 47.59)"
2026-08-18 10:20:36,NSE:LALPATHLAB,1889.4,69.72,72.68,-2.97,2026-08-18 10:00,34.42,19.65,14.78,YES,,,,,,,15m logic removed,,,,,WATCH,👀 WATCH,Weekly RSI 69.72 > 50 + Hourly RSI touched 30 + 15m price confirmation failed (Close 1892.8 <= Previous High 1896.9)
2026-08-18 10:20:37,NSE:LAURUSLABS,1814.0,80.39,79.62,0.77,2026-08-18 10:00,48.77,46.24,2.54,YES,,,,,,,15m logic removed,,,,,WATCH,👀 WATCH,"Weekly RSI 80.39 > 50, but Hourly RSI has not touched 30 (current 48.77)"
2026-08-18 10:20:38,NSE:LLOYDSME,1918.4,63.35,63.36,-0.02,2026-08-18 10:00,41.55,50.05,-8.5,NO,,,,,,,15m logic removed,,,,,WATCH,👀 WATCH,"Weekly RSI 63.35 > 50, but Hourly RSI has not touched 30 (current 41.55)"
2026-08-18 10:20:39,NSE:LODHA,1220.0,61.74,63.8,-2.06,2026-08-18 10:00,43.5,60.92,-17.42,NO,,,,,,,15m logic removed,,,,,WATCH,👀 WATCH,"Weekly RSI 61.74 > 50, but Hourly RSI has not touched 30 (current 43.50)"
2026-08-18 10:20:40,NSE:M&M,3413.7,56.95,57.66,-0.72,2026-08-18 10:00,48.67,39.7,8.96,YES,,,,,,,15m logic removed,,,,,WATCH,👀 WATCH,"Weekly RSI 56.95 > 50, but Hourly RSI has not touched 30 (current 48.67)"
2026-08-18 10:20:42,NSE:MAZDOCK,2583.8,54.91,54.76,0.16,2026-08-18 10:00,58.31,52.67,5.64,YES,,,,,,,15m logic removed,,,,,WATCH,👀 WATCH,"Weekly RSI 54.91 > 50, but Hourly RSI has not touched 30 (current 58.31)"
2026-08-18 10:20:43,NSE:MIDHANI,434.25,59.21,55.61,3.6,2026-08-18 10:00,55.97,51.38,4.59,YES,,,,,,,15m logic removed,,,,,WATCH,👀 WATCH,"Weekly RSI 59.21 > 50, but Hourly RSI has not touched 30 (current 55.97)"
2026-08-18 10:20:44,NSE:MOTHERSON,169.99,74.8,74.11,0.68,2026-08-18 10:00,64.32,50.12,14.2,YES,,,,,,,15m logic removed,,,,,WATCH,👀 WATCH,"Weekly RSI 74.80 > 50, but Hourly RSI has not touched 30 (current 64.32)"
2026-08-18 10:20:46,NSE:MTARTECH,7170.0,61.08,60.33,0.75,2026-08-18 10:00,56.27,49.9,6.37,YES,,,,,,,15m logic removed,,,,,WATCH,👀 WATCH,"Weekly RSI 61.08 > 50, but Hourly RSI has not touched 30 (current 56.27)"
2026-08-18 10:20:47,NSE:NETWEB,5357.0,67.57,63.88,3.69,2026-08-18 10:00,74.78,66.61,8.18,YES,,,,,,,15m logic removed,,,,,WATCH,👀 WATCH,"Weekly RSI 67.57 > 50, but Hourly RSI has not touched 30 (current 74.78)"
2026-08-18 10:20:48,NSE:NEULANDLAB,23571.0,78.0,77.48,0.51,2026-08-18 10:00,63.78,67.9,-4.12,NO,,,,,,,15m logic removed,,,,,WATCH,👀 WATCH,"Weekly RSI 78.00 > 50, but Hourly RSI has not touched 30 (current 63.78)"
2026-08-18 10:20:49,NSE:OBEROIRLTY,1904.9,62.35,59.06,3.29,2026-08-18 10:00,63.54,74.06,-10.52,NO,,,,,,,15m logic removed,,,,,WATCH,👀 WATCH,"Weekly RSI 62.35 > 50, but Hourly RSI has not touched 30 (current 63.54)"
2026-08-18 10:20:51,NSE:PARAS,1462.0,72.5,69.95,2.55,2026-08-18 10:00,83.02,69.69,13.33,YES,,,,,,,15m logic removed,,,,,WATCH,👀 WATCH,"Weekly RSI 72.50 > 50, but Hourly RSI has not touched 30 (current 83.02)"
2026-08-18 10:20:52,NSE:PHOENIXLTD,1911.8,54.92,53.56,1.36,2026-08-18 10:00,53.71,62.59,-8.88,NO,,,,,,,15m logic removed,,,,,WATCH,👀 WATCH,"Weekly RSI 54.92 > 50, but Hourly RSI has not touched 30 (current 53.71)"
2026-08-18 10:20:53,NSE:POLYMED,1751.4,58.24,60.69,-2.45,2026-08-18 10:00,41.2,37.37,3.83,YES,,,,,,,15m logic removed,,,,,WATCH,👀 WATCH,"Weekly RSI 58.24 > 50, but Hourly RSI has not touched 30 (current 41.20)"
2026-08-18 10:20:54,NSE:POWERINDIA,35430.0,61.56,62.34,-0.78,2026-08-18 10:00,50.51,51.15,-0.64,NO,,,,,,,15m logic removed,,,,,WATCH,👀 WATCH,"Weekly RSI 61.56 > 50, but Hourly RSI has not touched 30 (current 50.51)"
2026-08-18 10:20:55,NSE:PRESTIGE,1576.9,54.22,55.42,-1.19,2026-08-18 10:00,44.12,50.69,-6.57,NO,,,,,,,15m logic removed,,,,,WATCH,👀 WATCH,"Weekly RSI 54.22 > 50, but Hourly RSI has not touched 30 (current 44.12)"
2026-08-18 10:20:57,NSE:RADICO,4669.0,86.83,86.65,0.18,2026-08-18 10:00,62.15,70.69,-8.54,NO,,,,,,,15m logic removed,,,,,WATCH,👀 WATCH,"Weekly RSI 86.83 > 50, but Hourly RSI has not touched 30 (current 62.15)"
2026-08-18 10:20:58,NSE:RKFORGE,747.5,73.65,72.41,1.24,2026-08-18 10:00,57.15,65.72,-8.58,NO,,,,,,,15m logic removed,,,,,WATCH,👀 WATCH,"Weekly RSI 73.65 > 50, but Hourly RSI has not touched 30 (current 57.15)"
2026-08-18 10:20:59,NSE:RRKABEL,2814.7,77.8,77.31,0.49,2026-08-18 10:00,60.32,44.81,15.51,YES,,,,,,,15m logic removed,,,,,WATCH,👀 WATCH,"Weekly RSI 77.80 > 50, but Hourly RSI has not touched 30 (current 60.32)"
2026-08-18 10:21:00,NSE:SAILIFE,1445.0,79.42,80.21,-0.8,2026-08-18 10:00,54.11,37.28,16.83,YES,,,,,,,15m logic removed,,,,,WATCH,👀 WATCH,"Weekly RSI 79.42 > 50, but Hourly RSI has not touched 30 (current 54.11)"
2026-08-18 10:21:01,NSE:SAREGAMA,518.85,70.23,73.51,-3.28,2026-08-18 10:00,44.4,45.51,-1.11,NO,,,,,,,15m logic removed,,,,,WATCH,👀 WATCH,"Weekly RSI 70.23 > 50, but Hourly RSI has not touched 30 (current 44.40)"
2026-08-18 10:21:02,NSE:SIGNATURE,803.1,45.24,45.82,-0.58,2026-08-18 10:00,44.67,41.59,3.08,YES,,,,,,,15m logic removed,,,,,IGNORE,❌ IGNORE,Weekly RSI 45.24 <= 50
2026-08-18 10:21:04,NSE:SOBHA,1322.9,43.78,44.17,-0.39,2026-08-18 10:00,45.05,44.16,0.89,YES,,,,,,,15m logic removed,,,,,IGNORE,❌ IGNORE,Weekly RSI 43.78 <= 50
2026-08-18 10:21:05,NSE:SOLARINDS,20160.0,72.03,71.31,0.72,2026-08-18 10:00,64.86,61.19,3.66,YES,,,,,,,15m logic removed,,,,,WATCH,👀 WATCH,"Weekly RSI 72.03 > 50, but Hourly RSI has not touched 30 (current 64.86)"
2026-08-18 10:21:06,NSE:SONACOMS,812.35,77.82,76.36,1.46,2026-08-18 10:00,61.82,54.21,7.62,YES,,,,,,,15m logic removed,,,,,WATCH,👀 WATCH,"Weekly RSI 77.82 > 50, but Hourly RSI has not touched 30 (current 61.82)"
2026-08-18 10:21:08,NSE:SYRMA,1496.0,70.51,69.38,1.13,2026-08-18 10:00,59.03,50.95,8.08,YES,,,,,,,15m logic removed,,,,,WATCH,👀 WATCH,"Weekly RSI 70.51 > 50, but Hourly RSI has not touched 30 (current 59.03)"
2026-08-18 10:21:09,NSE:TORNTPHARM,4966.0,64.14,61.07,3.07,2026-08-18 10:00,62.99,53.64,9.35,YES,,,,,,,15m logic removed,,,,,WATCH,👀 WATCH,"Weekly RSI 64.14 > 50, but Hourly RSI has not touched 30 (current 62.99)"
2026-08-18 10:21:10,NSE:TVSMOTOR,4385.4,68.64,67.22,1.42,2026-08-18 10:00,57.23,57.39,-0.15,NO,,,,,,,15m logic removed,,,,,WATCH,👀 WATCH,"Weekly RSI 68.64 > 50, but Hourly RSI has not touched 30 (current 57.23)"
2026-08-18 10:21:11,NSE:UNIMECH,1515.8,75.36,76.02,-0.66,2026-08-18 10:00,62.7,60.47,2.24,YES,,,,,,,15m logic removed,,,,,WATCH,👀 WATCH,"Weekly RSI 75.36 > 50, but Hourly RSI has not touched 30 (current 62.70)"
2026-08-18 10:21:12,NSE:UNOMINDA,1272.1,60.95,58.5,2.44,2026-08-18 10:00,66.0,64.62,1.38,YES,,,,,,,15m logic removed,,,,,WATCH,👀 WATCH,"Weekly RSI 60.95 > 50, but Hourly RSI has not touched 30 (current 66.00)"
2026-08-18 10:21:14,NSE:VIJAYA,1506.0,71.09,69.58,1.51,2026-08-18 10:00,61.24,63.24,-2.0,NO,,,,,,,15m logic removed,,,,,WATCH,👀 WATCH,"Weekly RSI 71.09 > 50, but Hourly RSI has not touched 30 (current 61.24)"
2026-08-18 10:21:15,NSE:WELCORP,1905.2,88.97,88.47,0.51,2026-08-18 10:00,68.7,59.84,8.87,YES,,,,,,,15m logic removed,,,,,WATCH,👀 WATCH,"Weekly RSI 88.97 > 50, but Hourly RSI has not touched 30 (current 68.70)"
2026-08-18 10:21:16,NSE:WOCKPHARMA,1881.5,57.76,60.66,-2.91,2026-08-18 10:00,37.62,42.6,-4.98,NO,,,,,,,15m logic removed,,,,,WATCH,👀 WATCH,"Weekly RSI 57.76 > 50, but Hourly RSI has not touched 30 (current 37.62)"
2026-08-18 10:21:17,NSE:ZENTEC,1924.0,61.29,58.95,2.34,2026-08-18 10:00,76.6,63.11,13.49,YES,,,,,,,15m logic removed,,,,,WATCH,👀 WATCH,"Weekly RSI 61.29 > 50, but Hourly RSI has not touched 30 (current 76.60)"
2026-08-18 10:21:18,NSE:ZYDUSLIFE,1140.1,65.93,65.38,0.55,2026-08-18 10:00,44.54,38.01,6.54,YES,,,,,,,15m logic removed,,,,,WATCH,👀 WATCH,"Weekly RSI 65.93 > 50, but Hourly RSI has not touched 30 (current 44.54)"
2026-08-18 10:34:33,NSE:LGEINDIA,1666.3,55.97,60.65,-4.69,2026-08-18 10:00,56.42,55.5,0.92,YES,,,,,,,15m logic removed,,,,,WATCH,👀 WATCH,"Weekly RSI 55.97 > 50, but Hourly RSI has not touched 30 (current 56.42)"
2026-08-18 10:34:35,NSE:ASTRAL,1526.2,52.26,54.81,-2.55,2026-08-18 10:00,47.15,54.86,-7.71,NO,,,,,,,15m logic removed,,,,,WATCH,👀 WATCH,"Weekly RSI 52.26 > 50, but Hourly RSI has not touched 30 (current 47.15)"
2026-08-18 10:34:36,NSE:FINCABLES,1313.2,68.64,65.92,2.72,2026-08-18 10:00,70.76,73.98,-3.22,NO,,,,,,,15m logic removed,,,,,WATCH,👀 WATCH,"Weekly RSI 68.64 > 50, but Hourly RSI has not touched 30 (current 70.76)"
2026-08-18 10:34:38,NSE:GODREJAGRO,592.85,52.93,50.07,2.86,2026-08-18 10:00,74.07,74.36,-0.29,NO,,,,,,,15m logic removed,,,,,WATCH,👀 WATCH,"Weekly RSI 52.93 > 50, but Hourly RSI has not touched 30 (current 74.07)"
2026-08-18 10:34:40,NSE:HAPPSTMNDS,422.0,57.91,57.5,0.42,2026-08-18 10:00,59.95,66.54,-6.59,NO,,,,,,,15m logic removed,,,,,WATCH,👀 WATCH,"Weekly RSI 57.91 > 50, but Hourly RSI has not touched 30 (current 59.95)"
2026-08-18 10:34:41,NSE:NAZARA,355.0,72.26,72.74,-0.48,2026-08-18 10:00,52.89,36.05,16.85,YES,,,,,,,15m logic removed,,,,,WATCH,👀 WATCH,"Weekly RSI 72.26 > 50, but Hourly RSI has not touched 30 (current 52.89)"
2026-08-18 10:34:43,NSE:OFSS,11835.0,68.04,68.0,0.04,2026-08-18 10:00,58.42,55.31,3.11,YES,,,,,,,15m logic removed,,,,,WATCH,👀 WATCH,"Weekly RSI 68.04 > 50, but Hourly RSI has not touched 30 (current 58.42)"
2026-08-18 10:34:44,NSE:REDINGTON,329.35,63.61,64.98,-1.37,2026-08-18 10:00,30.35,36.71,-6.36,NO,,,,,,,15m logic removed,,,,,WATCH,👀 WATCH,Weekly RSI 63.61 > 50 + Hourly RSI touched 30 + 15m price confirmation failed (Close 329.2 <= Previous High 333.45)
2026-08-18 10:34:46,NSE:AARTIIND,529.0,64.65,66.18,-1.53,2026-08-18 10:00,53.34,49.76,3.58,YES,,,,,,,15m logic removed,,,,,WATCH,👀 WATCH,"Weekly RSI 64.65 > 50, but Hourly RSI has not touched 30 (current 53.34)"
2026-08-18 10:34:48,NSE:ABB,7675.0,63.7,63.4,0.3,2026-08-18 10:00,48.86,46.3,2.55,YES,,,,,,,15m logic removed,,,,,WATCH,👀 WATCH,"Weekly RSI 63.70 > 50, but Hourly RSI has not touched 30 (current 48.86)"
2026-08-18 10:34:50,NSE:ACMESOLAR,364.1,62.02,65.76,-3.74,2026-08-18 10:00,35.2,36.88,-1.68,NO,,,,,,,15m logic removed,,,,,WATCH,👀 WATCH,"Weekly RSI 62.02 > 50, but Hourly RSI has not touched 30 (current 35.20)"
2026-08-18 10:34:52,NSE:ADANIENSOL,1626.8,66.63,66.1,0.54,2026-08-18 10:00,60.76,42.84,17.93,YES,,,,,,,15m logic removed,,,,,WATCH,👀 WATCH,"Weekly RSI 66.63 > 50, but Hourly RSI has not touched 30 (current 60.76)"
2026-08-18 10:34:53,NSE:AEGISLOG,1339.8,69.45,66.7,2.75,2026-08-18 10:00,71.94,53.03,18.91,YES,,,,,,,15m logic removed,,,,,WATCH,👀 WATCH,"Weekly RSI 69.45 > 50, but Hourly RSI has not touched 30 (current 71.94)"
2026-08-18 10:34:55,NSE:AJANTPHARM,3754.6,76.12,74.36,1.76,2026-08-18 10:00,82.37,78.51,3.87,YES,,,,,,,15m logic removed,,,,,WATCH,👀 WATCH,"Weekly RSI 76.12 > 50, but Hourly RSI has not touched 30 (current 82.37)"
2026-08-18 10:34:57,NSE:AKUMS,750.0,72.73,70.82,1.91,2026-08-18 10:00,58.31,53.28,5.03,YES,,,,,,,15m logic removed,,,,,WATCH,👀 WATCH,"Weekly RSI 72.73 > 50, but Hourly RSI has not touched 30 (current 58.31)"
2026-08-18 10:34:58,NSE:ALIVUS,1376.0,76.82,78.41,-1.59,2026-08-18 10:00,48.37,59.17,-10.8,NO,,,,,,,15m logic removed,,,,,WATCH,👀 WATCH,"Weekly RSI 76.82 > 50, but Hourly RSI has not touched 30 (current 48.37)"
2026-08-18 10:35:00,NSE:ANANDRATHI,2194.0,75.65,74.94,0.71,2026-08-18 10:00,62.39,50.24,12.14,YES,,,,,,,15m logic removed,,,,,WATCH,👀 WATCH,"Weekly RSI 75.65 > 50, but Hourly RSI has not touched 30 (current 62.39)"
2026-08-18 10:35:01,NSE:ANANTRAJ,626.2,60.87,61.58,-0.7,2026-08-18 10:00,56.54,54.63,1.9,YES,,,,,,,15m logic removed,,,,,WATCH,👀 WATCH,"Weekly RSI 60.87 > 50, but Hourly RSI has not touched 30 (current 56.54)"
2026-08-18 10:35:03,NSE:APARINDS,16374.0,68.89,71.5,-2.6,2026-08-18 10:00,37.0,42.37,-5.37,NO,,,,,,,15m logic removed,,,,,WATCH,👀 WATCH,"Weekly RSI 68.89 > 50, but Hourly RSI has not touched 30 (current 37.00)"
2026-08-18 10:35:04,NSE:ASHOKLEY,175.26,55.78,54.11,1.67,2026-08-18 10:00,48.28,53.92,-5.64,NO,,,,,,,15m logic removed,,,,,WATCH,👀 WATCH,"Weekly RSI 55.78 > 50, but Hourly RSI has not touched 30 (current 48.28)"
2026-08-18 10:35:06,NSE:ASTERDM,820.75,60.32,60.6,-0.28,2026-08-18 10:00,38.56,36.57,1.99,YES,,,,,,,15m logic removed,,,,,WATCH,👀 WATCH,"Weekly RSI 60.32 > 50, but Hourly RSI has not touched 30 (current 38.56)"
2026-08-18 10:35:08,NSE:ASTRAMICRO,1745.2,67.94,67.72,0.22,2026-08-18 10:00,58.87,42.97,15.89,YES,,,,,,,15m logic removed,,,,,WATCH,👀 WATCH,"Weekly RSI 67.94 > 50, but Hourly RSI has not touched 30 (current 58.87)"
2026-08-18 10:35:10,NSE:ATHERENERG,1470.8,76.76,80.74,-3.97,2026-08-18 10:00,32.02,35.93,-3.91,NO,,,,,,,15m logic removed,,,,,WATCH,👀 WATCH,"Weekly RSI 76.76 > 50, but Hourly RSI has not touched 30 (current 32.02)"
2026-08-18 10:35:12,NSE:AUROPHARMA,1640.0,68.23,67.08,1.14,2026-08-18 10:00,50.97,44.03,6.93,YES,,,,,,,15m logic removed,,,,,WATCH,👀 WATCH,"Weekly RSI 68.23 > 50, but Hourly RSI has not touched 30 (current 50.97)"
2026-08-18 10:35:13,NSE:BAJAJ-AUTO,11728.0,72.32,72.09,0.24,2026-08-18 10:00,52.73,44.04,8.69,YES,,,,,,,15m logic removed,,,,,WATCH,👀 WATCH,"Weekly RSI 72.32 > 50, but Hourly RSI has not touched 30 (current 52.73)"
2026-08-18 10:35:15,NSE:BALRAMCHIN,656.4,74.01,70.01,4.0,2026-08-18 10:00,72.96,72.74,0.22,YES,,,,,,,15m logic removed,,,,,WATCH,👀 WATCH,"Weekly RSI 74.01 > 50, but Hourly RSI has not touched 30 (current 72.96)"
2026-08-18 10:35:17,NSE:BDL,1368.5,52.47,54.59,-2.12,2026-08-18 10:00,52.13,59.46,-7.33,NO,,,,,,,15m logic removed,,,,,WATCH,👀 WATCH,"Weekly RSI 52.47 > 50, but Hourly RSI has not touched 30 (current 52.13)"
2026-08-18 10:35:19,NSE:BEML,1940.9,59.17,55.85,3.33,2026-08-18 10:00,67.27,57.48,9.79,YES,,,,,,,15m logic removed,,,,,WATCH,👀 WATCH,"Weekly RSI 59.17 > 50, but Hourly RSI has not touched 30 (current 67.27)"
2026-08-18 10:35:20,NSE:BHARATFORG,2069.8,57.71,57.47,0.24,2026-08-18 10:00,42.75,52.12,-9.37,NO,,,,,,,15m logic removed,,,,,WATCH,👀 WATCH,"Weekly RSI 57.71 > 50, but Hourly RSI has not touched 30 (current 42.75)"
2026-08-18 10:35:22,NSE:BHEL,428.4,66.65,65.48,1.17,2026-08-18 10:00,57.29,70.96,-13.66,NO,,,,,,,15m logic removed,,,,,WATCH,👀 WATCH,"Weekly RSI 66.65 > 50, but Hourly RSI has not touched 30 (current 57.29)"
2026-08-18 10:35:23,NSE:BOSCHLTD,47725.0,73.89,72.96,0.94,2026-08-18 10:00,70.3,60.0,10.3,YES,,,,,,,15m logic removed,,,,,WATCH,👀 WATCH,"Weekly RSI 73.89 > 50, but Hourly RSI has not touched 30 (current 70.30)"
2026-08-18 10:35:25,NSE:BRIGADE,596.3,55.58,54.87,0.71,2026-08-18 10:00,55.86,50.54,5.32,YES,,,,,,,15m logic removed,,,,,WATCH,👀 WATCH,"Weekly RSI 55.58 > 50, but Hourly RSI has not touched 30 (current 55.86)"
2026-08-18 10:35:26,NSE:CAPLIPOINT,2513.4,66.57,65.36,1.21,2026-08-18 10:00,52.1,55.11,-3.0,NO,,,,,,,15m logic removed,,,,,WATCH,👀 WATCH,"Weekly RSI 66.57 > 50, but Hourly RSI has not touched 30 (current 52.10)"
2026-08-18 10:35:28,NSE:CGPOWER,892.65,58.65,58.34,0.31,2026-08-18 10:00,56.32,67.68,-11.35,NO,,,,,,,15m logic removed,,,,,WATCH,👀 WATCH,"Weekly RSI 58.65 > 50, but Hourly RSI has not touched 30 (current 56.32)"
2026-08-18 10:35:30,NSE:CHENNPETRO,1450.0,75.42,69.87,5.55,2026-08-18 10:00,77.79,64.69,13.1,YES,,,,,,,15m logic removed,,,,,WATCH,👀 WATCH,"Weekly RSI 75.42 > 50, but Hourly RSI has not touched 30 (current 77.79)"
2026-08-18 10:35:31,NSE:COHANCE,460.5,52.09,48.61,3.49,2026-08-18 10:00,70.04,55.0,15.04,YES,,,,,,,15m logic removed,,,,,WATCH,👀 WATCH,"Weekly RSI 52.09 > 50, but Hourly RSI has not touched 30 (current 70.04)"
2026-08-18 10:35:33,NSE:CYIENTDLM,746.15,86.51,84.24,2.27,2026-08-18 10:00,71.89,69.29,2.61,YES,,,,,,,15m logic removed,,,,,WATCH,👀 WATCH,"Weekly RSI 86.51 > 50, but Hourly RSI has not touched 30 (current 71.89)"
2026-08-18 10:35:35,NSE:DATAPATTNS,4658.1,63.29,60.33,2.95,2026-08-18 10:00,72.63,58.21,14.41,YES,,,,,,,15m logic removed,,,,,WATCH,👀 WATCH,"Weekly RSI 63.29 > 50, but Hourly RSI has not touched 30 (current 72.63)"
2026-08-18 10:35:37,NSE:DIVISLAB,8596.5,84.24,83.43,0.82,2026-08-18 10:00,62.41,49.68,12.73,YES,,,,,,,15m logic removed,,,,,WATCH,👀 WATCH,"Weekly RSI 84.24 > 50, but Hourly RSI has not touched 30 (current 62.41)"
2026-08-18 10:35:39,NSE:DLF,665.15,55.87,55.85,0.02,2026-08-18 10:00,51.72,60.92,-9.2,NO,,,,,,,15m logic removed,,,,,WATCH,👀 WATCH,"Weekly RSI 55.87 > 50, but Hourly RSI has not touched 30 (current 51.72)"
2026-08-18 10:35:40,NSE:DYNAMATECH,11273.0,57.08,56.53,0.55,2026-08-18 10:00,64.22,56.51,7.71,YES,,,,,,,15m logic removed,,,,,WATCH,👀 WATCH,"Weekly RSI 57.08 > 50, but Hourly RSI has not touched 30 (current 64.22)"
2026-08-18 10:35:42,NSE:EICHERMOT,8048.0,64.05,64.56,-0.51,2026-08-18 10:00,46.69,47.13,-0.44,NO,,,,,,,15m logic removed,,,,,WATCH,👀 WATCH,"Weekly RSI 64.05 > 50, but Hourly RSI has not touched 30 (current 46.69)"
2026-08-18 10:35:44,NSE:ENRIN,3618.9,57.3,55.76,1.54,2026-08-18 10:00,63.21,62.01,1.2,YES,,,,,,,15m logic removed,,,,,WATCH,👀 WATCH,"Weekly RSI 57.30 > 50, but Hourly RSI has not touched 30 (current 63.21)"
2026-08-18 10:35:45,NSE:EXIDEIND,467.65,69.41,72.73,-3.32,2026-08-18 10:00,31.37,41.47,-10.1,NO,,,,,,,15m logic removed,,,,,WATCH,👀 WATCH,"Weekly RSI 69.41 > 50, but Hourly RSI has not touched 30 (current 31.37)"
2026-08-18 10:35:47,NSE:GLAND,2894.5,75.2,79.58,-4.38,2026-08-18 10:00,47.31,48.81,-1.5,NO,,,,,,,15m logic removed,,,,,WATCH,👀 WATCH,"Weekly RSI 75.20 > 50, but Hourly RSI has not touched 30 (current 47.31)"
2026-08-18 10:35:48,NSE:GODREJPROP,1999.5,55.08,54.63,0.45,2026-08-18 10:00,44.89,62.29,-17.4,NO,,,,,,,15m logic removed,,,,,WATCH,👀 WATCH,"Weekly RSI 55.08 > 50, but Hourly RSI has not touched 30 (current 44.89)"
2026-08-18 10:35:50,NSE:GRANULES,853.4,65.47,66.44,-0.97,2026-08-18 10:00,44.31,53.96,-9.64,NO,,,,,,,15m logic removed,,,,,WATCH,👀 WATCH,"Weekly RSI 65.47 > 50, but Hourly RSI has not touched 30 (current 44.31)"
2026-08-18 10:35:51,NSE:HAL,5110.0,68.89,67.39,1.5,2026-08-18 10:00,71.12,63.95,7.17,YES,,,,,,,15m logic removed,,,,,WATCH,👀 WATCH,"Weekly RSI 68.89 > 50, but Hourly RSI has not touched 30 (current 71.12)"
2026-08-18 10:35:52,NSE:HEROMOTOCO,5713.0,61.51,63.8,-2.29,2026-08-18 10:00,36.68,40.81,-4.13,NO,,,,,,,15m logic removed,,,,,WATCH,👀 WATCH,"Weekly RSI 61.51 > 50, but Hourly RSI has not touched 30 (current 36.68)"
2026-08-18 10:35:54,NSE:HFCL,229.5,77.59,76.42,1.17,2026-08-18 10:00,64.36,43.81,20.54,YES,,,,,,,15m logic removed,,,,,WATCH,👀 WATCH,"Weekly RSI 77.59 > 50, but Hourly RSI has not touched 30 (current 64.36)"
2026-08-18 10:35:55,NSE:HONASA,473.7,68.48,79.49,-11.01,2026-08-18 10:00,39.79,45.33,-5.53,NO,,,,,,,15m logic removed,,,,,WATCH,👀 WATCH,"Weekly RSI 68.48 > 50, but Hourly RSI has not touched 30 (current 39.79)"
2026-08-18 10:35:57,NSE:HSCL,776.35,71.39,72.38,-1.0,2026-08-18 10:00,48.12,57.99,-9.87,NO,,,,,,,15m logic removed,,,,,WATCH,👀 WATCH,"Weekly RSI 71.39 > 50, but Hourly RSI has not touched 30 (current 48.12)"
2026-08-18 10:35:59,NSE:IFCI,81.39,62.2,58.71,3.49,2026-08-18 10:00,73.86,64.85,9.01,YES,,,,,,,15m logic removed,,,,,WATCH,👀 WATCH,"Weekly RSI 62.20 > 50, but Hourly RSI has not touched 30 (current 73.86)"
2026-08-18 10:36:00,NSE:INOXINDIA,1926.9,71.12,72.82,-1.7,2026-08-18 10:00,41.72,51.54,-9.82,NO,,,,,,,15m logic removed,,,,,WATCH,👀 WATCH,"Weekly RSI 71.12 > 50, but Hourly RSI has not touched 30 (current 41.72)"
2026-08-18 10:36:02,NSE:IPCALAB,1873.0,65.18,57.98,7.2,2026-08-18 10:00,68.05,68.79,-0.74,NO,,,,,,,15m logic removed,,,,,WATCH,👀 WATCH,"Weekly RSI 65.18 > 50, but Hourly RSI has not touched 30 (current 68.05)"
2026-08-18 10:36:04,NSE:JINDALSAW,268.1,61.58,61.29,0.29,2026-08-18 10:00,49.21,58.05,-8.84,NO,,,,,,,15m logic removed,,,,,WATCH,👀 WATCH,"Weekly RSI 61.58 > 50, but Hourly RSI has not touched 30 (current 49.21)"
2026-08-18 10:36:06,NSE:KIRLOSENG,2090.8,58.6,58.99,-0.39,2026-08-18 10:00,48.24,50.77,-2.53,NO,,,,,,,15m logic removed,,,,,WATCH,👀 WATCH,"Weekly RSI 58.60 > 50, but Hourly RSI has not touched 30 (current 48.24)"
2026-08-18 10:36:07,NSE:LALPATHLAB,1890.3,69.81,72.68,-2.87,2026-08-18 10:00,35.04,19.65,15.39,YES,,,,,,,15m logic removed,,,,,WATCH,👀 WATCH,Weekly RSI 69.81 > 50 + Hourly RSI touched 30 + 15m price confirmation failed (Close 1889.1 <= Previous High 1900.3)
2026-08-18 10:36:09,NSE:LAURUSLABS,1811.4,80.32,79.62,0.69,2026-08-18 10:00,47.27,46.24,1.03,YES,,,,,,,15m logic removed,,,,,WATCH,👀 WATCH,"Weekly RSI 80.32 > 50, but Hourly RSI has not touched 30 (current 47.27)"
2026-08-18 10:36:11,NSE:LLOYDSME,1923.1,63.56,63.36,0.2,2026-08-18 10:00,43.41,50.05,-6.64,NO,,,,,,,15m logic removed,,,,,WATCH,👀 WATCH,"Weekly RSI 63.56 > 50, but Hourly RSI has not touched 30 (current 43.41)"
2026-08-18 10:36:13,NSE:LODHA,1224.0,62.08,63.8,-1.72,2026-08-18 10:00,45.02,60.92,-15.9,NO,,,,,,,15m logic removed,,,,,WATCH,👀 WATCH,"Weekly RSI 62.08 > 50, but Hourly RSI has not touched 30 (current 45.02)"
2026-08-18 10:36:14,NSE:M&M,3415.0,57.01,57.66,-0.65,2026-08-18 10:00,49.09,39.7,9.39,YES,,,,,,,15m logic removed,,,,,WATCH,👀 WATCH,"Weekly RSI 57.01 > 50, but Hourly RSI has not touched 30 (current 49.09)"
2026-08-18 10:36:15,NSE:MAZDOCK,2582.6,54.86,54.76,0.11,2026-08-18 10:00,57.88,52.67,5.22,YES,,,,,,,15m logic removed,,,,,WATCH,👀 WATCH,"Weekly RSI 54.86 > 50, but Hourly RSI has not touched 30 (current 57.88)"
2026-08-18 10:36:18,NSE:MIDHANI,432.55,58.89,55.61,3.28,2026-08-18 10:00,54.8,51.38,3.42,YES,,,,,,,15m logic removed,,,,,WATCH,👀 WATCH,"Weekly RSI 58.89 > 50, but Hourly RSI has not touched 30 (current 54.80)"
2026-08-18 10:36:19,NSE:MOTHERSON,169.8,74.72,74.11,0.61,2026-08-18 10:00,63.29,50.12,13.17,YES,,,,,,,15m logic removed,,,,,WATCH,👀 WATCH,"Weekly RSI 74.72 > 50, but Hourly RSI has not touched 30 (current 63.29)"
2026-08-18 10:36:21,NSE:MTARTECH,7169.5,61.08,60.33,0.75,2026-08-18 10:00,56.24,49.9,6.34,YES,,,,,,,15m logic removed,,,,,WATCH,👀 WATCH,"Weekly RSI 61.08 > 50, but Hourly RSI has not touched 30 (current 56.24)"
2026-08-18 10:36:22,NSE:NETWEB,5356.6,67.57,63.88,3.69,2026-08-18 10:00,74.76,66.61,8.16,YES,,,,,,,15m logic removed,,,,,WATCH,👀 WATCH,"Weekly RSI 67.57 > 50, but Hourly RSI has not touched 30 (current 74.76)"
2026-08-18 10:36:24,NSE:NEULANDLAB,23426.0,77.7,77.48,0.22,2026-08-18 10:00,57.4,67.9,-10.5,NO,,,,,,,15m logic removed,,,,,WATCH,👀 WATCH,"Weekly RSI 77.70 > 50, but Hourly RSI has not touched 30 (current 57.40)"
2026-08-18 10:36:25,NSE:OBEROIRLTY,1913.8,62.8,59.06,3.75,2026-08-18 10:00,66.78,74.06,-7.28,NO,,,,,,,15m logic removed,,,,,WATCH,👀 WATCH,"Weekly RSI 62.80 > 50, but Hourly RSI has not touched 30 (current 66.78)"
2026-08-18 10:36:27,NSE:PARAS,1472.0,72.77,69.95,2.82,2026-08-18 10:00,83.96,69.69,14.27,YES,,,,,,,15m logic removed,,,,,WATCH,👀 WATCH,"Weekly RSI 72.77 > 50, but Hourly RSI has not touched 30 (current 83.96)"
2026-08-18 10:36:29,NSE:PHOENIXLTD,1912.5,54.96,53.56,1.4,2026-08-18 10:00,54.01,62.59,-8.58,NO,,,,,,,15m logic removed,,,,,WATCH,👀 WATCH,"Weekly RSI 54.96 > 50, but Hourly RSI has not touched 30 (current 54.01)"
2026-08-18 10:36:30,NSE:POLYMED,1763.3,59.06,60.69,-1.63,2026-08-18 10:00,45.05,37.37,7.68,YES,,,,,,,15m logic removed,,,,,WATCH,👀 WATCH,"Weekly RSI 59.06 > 50, but Hourly RSI has not touched 30 (current 45.05)"
2026-08-18 10:36:32,NSE:POWERINDIA,35410.0,61.5,62.34,-0.84,2026-08-18 10:00,49.89,51.15,-1.26,NO,,,,,,,15m logic removed,,,,,WATCH,👀 WATCH,"Weekly RSI 61.50 > 50, but Hourly RSI has not touched 30 (current 49.89)"
2026-08-18 10:36:33,NSE:PRESTIGE,1581.1,54.54,55.42,-0.88,2026-08-18 10:00,45.78,50.69,-4.91,NO,,,,,,,15m logic removed,,,,,WATCH,👀 WATCH,"Weekly RSI 54.54 > 50, but Hourly RSI has not touched 30 (current 45.78)"
2026-08-18 10:36:35,NSE:RADICO,4663.6,86.78,86.65,0.13,2026-08-18 10:00,60.53,70.69,-10.16,NO,,,,,,,15m logic removed,,,,,WATCH,👀 WATCH,"Weekly RSI 86.78 > 50, but Hourly RSI has not touched 30 (current 60.53)"
2026-08-18 10:36:37,NSE:RKFORGE,748.95,73.77,72.41,1.36,2026-08-18 10:00,58.99,65.72,-6.73,NO,,,,,,,15m logic removed,,,,,WATCH,👀 WATCH,"Weekly RSI 73.77 > 50, but Hourly RSI has not touched 30 (current 58.99)"
2026-08-18 10:36:39,NSE:RRKABEL,2817.0,77.84,77.31,0.53,2026-08-18 10:00,60.76,44.81,15.95,YES,,,,,,,15m logic removed,,,,,WATCH,👀 WATCH,"Weekly RSI 77.84 > 50, but Hourly RSI has not touched 30 (current 60.76)"
2026-08-18 10:36:40,NSE:SAILIFE,1441.4,78.85,80.21,-1.37,2026-08-18 10:00,52.26,37.28,14.98,YES,,,,,,,15m logic removed,,,,,WATCH,👀 WATCH,"Weekly RSI 78.85 > 50, but Hourly RSI has not touched 30 (current 52.26)"
2026-08-18 10:36:42,NSE:SAREGAMA,518.4,70.06,73.51,-3.44,2026-08-18 10:00,44.02,45.51,-1.49,NO,,,,,,,15m logic removed,,,,,WATCH,👀 WATCH,"Weekly RSI 70.06 > 50, but Hourly RSI has not touched 30 (current 44.02)"
2026-08-18 10:36:43,NSE:SIGNATURE,804.4,45.36,45.82,-0.46,2026-08-18 10:00,46.6,41.59,5.01,YES,,,,,,,15m logic removed,,,,,IGNORE,❌ IGNORE,Weekly RSI 45.36 <= 50
2026-08-18 10:36:46,NSE:SOBHA,1325.8,43.99,44.17,-0.18,2026-08-18 10:00,47.74,44.16,3.58,YES,,,,,,,15m logic removed,,,,,IGNORE,❌ IGNORE,Weekly RSI 43.99 <= 50
2026-08-18 10:36:47,NSE:SOLARINDS,20107.0,71.84,71.31,0.52,2026-08-18 10:00,63.72,61.19,2.53,YES,,,,,,,15m logic removed,,,,,WATCH,👀 WATCH,"Weekly RSI 71.84 > 50, but Hourly RSI has not touched 30 (current 63.72)"
2026-08-18 10:36:49,NSE:SONACOMS,808.9,77.58,76.36,1.23,2026-08-18 10:00,58.54,54.21,4.34,YES,,,,,,,15m logic removed,,,,,WATCH,👀 WATCH,"Weekly RSI 77.58 > 50, but Hourly RSI has not touched 30 (current 58.54)"
2026-08-18 10:36:50,NSE:SYRMA,1498.0,70.58,69.38,1.2,2026-08-18 10:00,59.58,50.95,8.63,YES,,,,,,,15m logic removed,,,,,WATCH,👀 WATCH,"Weekly RSI 70.58 > 50, but Hourly RSI has not touched 30 (current 59.58)"
2026-08-18 10:36:52,NSE:TORNTPHARM,4965.0,64.12,61.07,3.05,2026-08-18 10:00,62.88,53.64,9.24,YES,,,,,,,15m logic removed,,,,,WATCH,👀 WATCH,"Weekly RSI 64.12 > 50, but Hourly RSI has not touched 30 (current 62.88)"
2026-08-18 10:36:53,NSE:TVSMOTOR,4379.6,68.54,67.22,1.32,2026-08-18 10:00,55.5,57.39,-1.89,NO,,,,,,,15m logic removed,,,,,WATCH,👀 WATCH,"Weekly RSI 68.54 > 50, but Hourly RSI has not touched 30 (current 55.50)"
2026-08-18 10:36:55,NSE:UNIMECH,1511.7,74.96,76.02,-1.06,2026-08-18 10:00,61.56,60.47,1.09,YES,,,,,,,15m logic removed,,,,,WATCH,👀 WATCH,"Weekly RSI 74.96 > 50, but Hourly RSI has not touched 30 (current 61.56)"
2026-08-18 10:36:57,NSE:UNOMINDA,1275.2,61.17,58.5,2.66,2026-08-18 10:00,67.76,64.62,3.14,YES,,,,,,,15m logic removed,,,,,WATCH,👀 WATCH,"Weekly RSI 61.17 > 50, but Hourly RSI has not touched 30 (current 67.76)"
2026-08-18 10:36:58,NSE:VIJAYA,1508.6,71.21,69.58,1.62,2026-08-18 10:00,62.52,63.24,-0.71,NO,,,,,,,15m logic removed,,,,,WATCH,👀 WATCH,"Weekly RSI 71.21 > 50, but Hourly RSI has not touched 30 (current 62.52)"
2026-08-18 10:37:00,NSE:WELCORP,1908.4,89.02,88.47,0.56,2026-08-18 10:00,69.69,59.84,9.85,YES,,,,,,,15m logic removed,,,,,WATCH,👀 WATCH,"Weekly RSI 89.02 > 50, but Hourly RSI has not touched 30 (current 69.69)"
2026-08-18 10:37:01,NSE:WOCKPHARMA,1867.0,56.98,60.66,-3.68,2026-08-18 10:00,33.9,42.6,-8.71,NO,,,,,,,15m logic removed,,,,,WATCH,👀 WATCH,"Weekly RSI 56.98 > 50, but Hourly RSI has not touched 30 (current 33.90)"
2026-08-18 10:37:03,NSE:ZENTEC,1932.8,61.58,58.95,2.63,2026-08-18 10:00,77.83,63.11,14.72,YES,,,,,,,15m logic removed,,,,,WATCH,👀 WATCH,"Weekly RSI 61.58 > 50, but Hourly RSI has not touched 30 (current 77.83)"
2026-08-18 10:37:05,NSE:ZYDUSLIFE,1140.4,65.96,65.38,0.58,2026-08-18 10:00,44.75,38.01,6.74,YES,,,,,,,15m logic removed,,,,,WATCH,👀 WATCH,"Weekly RSI 65.96 > 50, but Hourly RSI has not touched 30 (current 44.75)"
2026-08-18 10:49:27,NSE:LGEINDIA,1664.1,55.82,60.65,-4.84,2026-08-18 10:00,55.72,55.5,0.23,YES,,,,,,,15m logic removed,,,,,WATCH,👀 WATCH,"Weekly RSI 55.82 > 50, but Hourly RSI has not touched 30 (current 55.72)"
2026-08-18 10:49:29,NSE:ASTRAL,1525.2,52.18,54.81,-2.63,2026-08-18 10:00,46.61,54.86,-8.25,NO,,,,,,,15m logic removed,,,,,WATCH,👀 WATCH,"Weekly RSI 52.18 > 50, but Hourly RSI has not touched 30 (current 46.61)"
2026-08-18 10:49:30,NSE:FINCABLES,1319.3,68.87,65.92,2.95,2026-08-18 10:00,74.04,73.98,0.06,YES,,,,,,,15m logic removed,,,,,WATCH,👀 WATCH,"Weekly RSI 68.87 > 50, but Hourly RSI has not touched 30 (current 74.04)"
2026-08-18 10:49:32,NSE:GODREJAGRO,592.2,52.79,50.07,2.72,2026-08-18 10:00,72.83,74.36,-1.53,NO,,,,,,,15m logic removed,,,,,WATCH,👀 WATCH,"Weekly RSI 52.79 > 50, but Hourly RSI has not touched 30 (current 72.83)"
2026-08-18 10:49:33,NSE:HAPPSTMNDS,420.7,57.61,57.5,0.12,2026-08-18 10:00,58.58,66.54,-7.96,NO,,,,,,,15m logic removed,,,,,WATCH,👀 WATCH,"Weekly RSI 57.61 > 50, but Hourly RSI has not touched 30 (current 58.58)"
2026-08-18 10:49:35,NSE:NAZARA,354.9,72.21,72.74,-0.54,2026-08-18 10:00,52.67,36.05,16.63,YES,,,,,,,15m logic removed,,,,,WATCH,👀 WATCH,"Weekly RSI 72.21 > 50, but Hourly RSI has not touched 30 (current 52.67)"
2026-08-18 10:49:36,NSE:OFSS,11805.0,67.72,68.0,-0.28,2026-08-18 10:00,56.44,55.31,1.13,YES,,,,,,,15m logic removed,,,,,WATCH,👀 WATCH,"Weekly RSI 67.72 > 50, but Hourly RSI has not touched 30 (current 56.44)"
2026-08-18 10:49:37,NSE:REDINGTON,329.05,63.52,64.98,-1.46,2026-08-18 10:00,30.0,36.71,-6.71,NO,,,,,,,15m logic removed,,,,,WATCH,👀 WATCH,Weekly RSI 63.52 > 50 + Hourly RSI touched 30 + 15m price confirmation failed (Close 329.1 <= Previous High 331.95)
2026-08-18 10:49:39,NSE:AARTIIND,527.75,64.29,66.18,-1.89,2026-08-18 10:00,52.22,49.76,2.46,YES,,,,,,,15m logic removed,,,,,WATCH,👀 WATCH,"Weekly RSI 64.29 > 50, but Hourly RSI has not touched 30 (current 52.22)"
2026-08-18 10:49:40,NSE:ABB,7665.0,63.59,63.4,0.19,2026-08-18 10:00,47.18,46.3,0.88,YES,,,,,,,15m logic removed,,,,,WATCH,👀 WATCH,"Weekly RSI 63.59 > 50, but Hourly RSI has not touched 30 (current 47.18)"
2026-08-18 10:49:42,NSE:ACMESOLAR,363.75,61.89,65.76,-3.86,2026-08-18 10:00,34.58,36.88,-2.29,NO,,,,,,,15m logic removed,,,,,WATCH,👀 WATCH,"Weekly RSI 61.89 > 50, but Hourly RSI has not touched 30 (current 34.58)"
2026-08-18 10:49:43,NSE:ADANIENSOL,1620.2,66.31,66.1,0.21,2026-08-18 10:00,58.48,42.84,15.65,YES,,,,,,,15m logic removed,,,,,WATCH,👀 WATCH,"Weekly RSI 66.31 > 50, but Hourly RSI has not touched 30 (current 58.48)"
2026-08-18 10:49:44,NSE:AEGISLOG,1352.0,69.86,66.7,3.16,2026-08-18 10:00,74.37,53.03,21.34,YES,,,,,,,15m logic removed,,,,,WATCH,👀 WATCH,"Weekly RSI 69.86 > 50, but Hourly RSI has not touched 30 (current 74.37)"
2026-08-18 10:49:46,NSE:AJANTPHARM,3741.5,75.85,74.36,1.5,2026-08-18 10:00,80.93,78.51,2.42,YES,,,,,,,15m logic removed,,,,,WATCH,👀 WATCH,"Weekly RSI 75.85 > 50, but Hourly RSI has not touched 30 (current 80.93)"
2026-08-18 10:49:47,NSE:AKUMS,750.0,72.73,70.82,1.91,2026-08-18 10:00,58.31,53.28,5.03,YES,,,,,,,15m logic removed,,,,,WATCH,👀 WATCH,"Weekly RSI 72.73 > 50, but Hourly RSI has not touched 30 (current 58.31)"
2026-08-18 10:49:48,NSE:ALIVUS,1376.1,76.83,78.41,-1.58,2026-08-18 10:00,48.41,59.17,-10.75,NO,,,,,,,15m logic removed,,,,,WATCH,👀 WATCH,"Weekly RSI 76.83 > 50, but Hourly RSI has not touched 30 (current 48.41)"
2026-08-18 10:49:50,NSE:ANANDRATHI,2194.0,75.65,74.94,0.71,2026-08-18 10:00,62.39,50.24,12.14,YES,,,,,,,15m logic removed,,,,,WATCH,👀 WATCH,"Weekly RSI 75.65 > 50, but Hourly RSI has not touched 30 (current 62.39)"
2026-08-18 10:49:51,NSE:ANANTRAJ,629.0,61.4,61.58,-0.18,2026-08-18 10:00,59.9,54.63,5.27,YES,,,,,,,15m logic removed,,,,,WATCH,👀 WATCH,"Weekly RSI 61.40 > 50, but Hourly RSI has not touched 30 (current 59.90)"
2026-08-18 10:49:53,NSE:APARINDS,16362.0,68.8,71.5,-2.7,2026-08-18 10:00,36.72,42.37,-5.66,NO,,,,,,,15m logic removed,,,,,WATCH,👀 WATCH,"Weekly RSI 68.80 > 50, but Hourly RSI has not touched 30 (current 36.72)"
2026-08-18 10:49:54,NSE:ASHOKLEY,174.95,55.64,54.11,1.53,2026-08-18 10:00,47.45,53.92,-6.47,NO,,,,,,,15m logic removed,,,,,WATCH,👀 WATCH,"Weekly RSI 55.64 > 50, but Hourly RSI has not touched 30 (current 47.45)"
2026-08-18 10:49:55,NSE:ASTERDM,819.95,60.18,60.6,-0.41,2026-08-18 10:00,37.19,36.57,0.62,YES,,,,,,,15m logic removed,,,,,WATCH,👀 WATCH,"Weekly RSI 60.18 > 50, but Hourly RSI has not touched 30 (current 37.19)"
2026-08-18 10:49:57,NSE:ASTRAMICRO,1747.6,68.03,67.72,0.31,2026-08-18 10:00,59.54,42.97,16.57,YES,,,,,,,15m logic removed,,,,,WATCH,👀 WATCH,"Weekly RSI 68.03 > 50, but Hourly RSI has not touched 30 (current 59.54)"
2026-08-18 10:49:58,NSE:ATHERENERG,1470.2,76.71,80.74,-4.03,2026-08-18 10:00,31.84,35.93,-4.1,NO,,,,,,,15m logic removed,,,,,WATCH,👀 WATCH,"Weekly RSI 76.71 > 50, but Hourly RSI has not touched 30 (current 31.84)"
2026-08-18 10:49:59,NSE:AUROPHARMA,1643.6,68.45,67.08,1.36,2026-08-18 10:00,52.62,44.03,8.58,YES,,,,,,,15m logic removed,,,,,WATCH,👀 WATCH,"Weekly RSI 68.45 > 50, but Hourly RSI has not touched 30 (current 52.62)"
2026-08-18 10:50:01,NSE:BAJAJ-AUTO,11699.0,72.06,72.09,-0.02,2026-08-18 10:00,49.21,44.04,5.17,YES,,,,,,,15m logic removed,,,,,WATCH,👀 WATCH,"Weekly RSI 72.06 > 50, but Hourly RSI has not touched 30 (current 49.21)"
2026-08-18 10:50:02,NSE:BALRAMCHIN,655.6,73.92,70.01,3.91,2026-08-18 10:00,72.15,72.74,-0.59,NO,,,,,,,15m logic removed,,,,,WATCH,👀 WATCH,"Weekly RSI 73.92 > 50, but Hourly RSI has not touched 30 (current 72.15)"
2026-08-18 10:50:03,NSE:BDL,1372.4,52.74,54.59,-1.85,2026-08-18 10:00,54.41,59.46,-5.06,NO,,,,,,,15m logic removed,,,,,WATCH,👀 WATCH,"Weekly RSI 52.74 > 50, but Hourly RSI has not touched 30 (current 54.41)"
2026-08-18 10:50:05,NSE:BEML,1941.1,59.18,55.85,3.34,2026-08-18 10:00,67.32,57.48,9.84,YES,,,,,,,15m logic removed,,,,,WATCH,👀 WATCH,"Weekly RSI 59.18 > 50, but Hourly RSI has not touched 30 (current 67.32)"
2026-08-18 10:50:06,NSE:BHARATFORG,2076.4,58.03,57.47,0.55,2026-08-18 10:00,45.05,52.12,-7.06,NO,,,,,,,15m logic removed,,,,,WATCH,👀 WATCH,"Weekly RSI 58.03 > 50, but Hourly RSI has not touched 30 (current 45.05)"
2026-08-18 10:50:07,NSE:BHEL,428.1,66.6,65.48,1.12,2026-08-18 10:00,56.86,70.96,-14.1,NO,,,,,,,15m logic removed,,,,,WATCH,👀 WATCH,"Weekly RSI 66.60 > 50, but Hourly RSI has not touched 30 (current 56.86)"
2026-08-18 10:50:09,NSE:BOSCHLTD,47935.0,74.2,72.96,1.24,2026-08-18 10:00,72.28,60.0,12.28,YES,,,,,,,15m logic removed,,,,,WATCH,👀 WATCH,"Weekly RSI 74.20 > 50, but Hourly RSI has not touched 30 (current 72.28)"
2026-08-18 10:50:11,NSE:BRIGADE,591.45,54.85,54.87,-0.02,2026-08-18 10:00,49.69,50.54,-0.85,NO,,,,,,,15m logic removed,,,,,WATCH,👀 WATCH,"Weekly RSI 54.85 > 50, but Hourly RSI has not touched 30 (current 49.69)"
2026-08-18 10:50:12,NSE:CAPLIPOINT,2538.3,67.43,65.36,2.07,2026-08-18 10:00,57.89,55.11,2.78,YES,,,,,,,15m logic removed,,,,,WATCH,👀 WATCH,"Weekly RSI 67.43 > 50, but Hourly RSI has not touched 30 (current 57.89)"
2026-08-18 10:50:13,NSE:CGPOWER,892.0,58.57,58.34,0.23,2026-08-18 10:00,55.34,67.68,-12.34,NO,,,,,,,15m logic removed,,,,,WATCH,👀 WATCH,"Weekly RSI 58.57 > 50, but Hourly RSI has not touched 30 (current 55.34)"
2026-08-18 10:50:15,NSE:CHENNPETRO,1442.9,75.17,69.87,5.3,2026-08-18 10:00,76.9,64.69,12.21,YES,,,,,,,15m logic removed,,,,,WATCH,👀 WATCH,"Weekly RSI 75.17 > 50, but Hourly RSI has not touched 30 (current 76.90)"
2026-08-18 10:50:17,NSE:COHANCE,459.45,51.92,48.61,3.31,2026-08-18 10:00,69.25,55.0,14.24,YES,,,,,,,15m logic removed,,,,,WATCH,👀 WATCH,"Weekly RSI 51.92 > 50, but Hourly RSI has not touched 30 (current 69.25)"
2026-08-18 10:50:18,NSE:CYIENTDLM,746.0,86.5,84.24,2.26,2026-08-18 10:00,71.84,69.29,2.55,YES,,,,,,,15m logic removed,,,,,WATCH,👀 WATCH,"Weekly RSI 86.50 > 50, but Hourly RSI has not touched 30 (current 71.84)"
2026-08-18 10:50:19,NSE:DATAPATTNS,4674.5,63.51,60.33,3.17,2026-08-18 10:00,73.83,58.21,15.62,YES,,,,,,,15m logic removed,,,,,WATCH,👀 WATCH,"Weekly RSI 63.51 > 50, but Hourly RSI has not touched 30 (current 73.83)"
2026-08-18 10:50:21,NSE:DIVISLAB,8602.0,84.28,83.43,0.85,2026-08-18 10:00,62.86,49.68,13.18,YES,,,,,,,15m logic removed,,,,,WATCH,👀 WATCH,"Weekly RSI 84.28 > 50, but Hourly RSI has not touched 30 (current 62.86)"
2026-08-18 10:50:22,NSE:DLF,665.4,55.91,55.85,0.07,2026-08-18 10:00,52.05,60.92,-8.87,NO,,,,,,,15m logic removed,,,,,WATCH,👀 WATCH,"Weekly RSI 55.91 > 50, but Hourly RSI has not touched 30 (current 52.05)"
2026-08-18 10:50:23,NSE:DYNAMATECH,11301.0,57.26,56.53,0.73,2026-08-18 10:00,65.37,56.51,8.85,YES,,,,,,,15m logic removed,,,,,WATCH,👀 WATCH,"Weekly RSI 57.26 > 50, but Hourly RSI has not touched 30 (current 65.37)"
2026-08-18 10:50:25,NSE:EICHERMOT,8041.5,63.87,64.56,-0.69,2026-08-18 10:00,45.3,47.13,-1.83,NO,,,,,,,15m logic removed,,,,,WATCH,👀 WATCH,"Weekly RSI 63.87 > 50, but Hourly RSI has not touched 30 (current 45.30)"
2026-08-18 10:50:26,NSE:ENRIN,3616.0,57.25,55.76,1.49,2026-08-18 10:00,62.73,62.01,0.72,YES,,,,,,,15m logic removed,,,,,WATCH,👀 WATCH,"Weekly RSI 57.25 > 50, but Hourly RSI has not touched 30 (current 62.73)"
2026-08-18 10:50:28,NSE:EXIDEIND,468.0,69.54,72.73,-3.19,2026-08-18 10:00,31.74,41.47,-9.73,NO,,,,,,,15m logic removed,,,,,WATCH,👀 WATCH,"Weekly RSI 69.54 > 50, but Hourly RSI has not touched 30 (current 31.74)"
2026-08-18 10:50:29,NSE:GLAND,2903.3,75.69,79.58,-3.89,2026-08-18 10:00,49.09,48.81,0.28,YES,,,,,,,15m logic removed,,,,,WATCH,👀 WATCH,"Weekly RSI 75.69 > 50, but Hourly RSI has not touched 30 (current 49.09)"
2026-08-18 10:50:30,NSE:GODREJPROP,2005.4,55.36,54.63,0.72,2026-08-18 10:00,46.29,62.29,-16.0,NO,,,,,,,15m logic removed,,,,,WATCH,👀 WATCH,"Weekly RSI 55.36 > 50, but Hourly RSI has not touched 30 (current 46.29)"
2026-08-18 10:50:32,NSE:GRANULES,854.35,65.65,66.44,-0.79,2026-08-18 10:00,45.45,53.96,-8.51,NO,,,,,,,15m logic removed,,,,,WATCH,👀 WATCH,"Weekly RSI 65.65 > 50, but Hourly RSI has not touched 30 (current 45.45)"
2026-08-18 10:50:33,NSE:HAL,5105.0,68.8,67.39,1.41,2026-08-18 10:00,70.54,63.95,6.59,YES,,,,,,,15m logic removed,,,,,WATCH,👀 WATCH,"Weekly RSI 68.80 > 50, but Hourly RSI has not touched 30 (current 70.54)"
2026-08-18 10:50:34,NSE:HEROMOTOCO,5710.0,61.42,63.8,-2.38,2026-08-18 10:00,36.33,40.81,-4.48,NO,,,,,,,15m logic removed,,,,,WATCH,👀 WATCH,"Weekly RSI 61.42 > 50, but Hourly RSI has not touched 30 (current 36.33)"
2026-08-18 10:50:36,NSE:HFCL,229.81,77.65,76.42,1.22,2026-08-18 10:00,64.74,43.81,20.92,YES,,,,,,,15m logic removed,,,,,WATCH,👀 WATCH,"Weekly RSI 77.65 > 50, but Hourly RSI has not touched 30 (current 64.74)"
2026-08-18 10:50:37,NSE:HONASA,473.85,68.53,79.49,-10.96,2026-08-18 10:00,39.91,45.33,-5.42,NO,,,,,,,15m logic removed,,,,,WATCH,👀 WATCH,"Weekly RSI 68.53 > 50, but Hourly RSI has not touched 30 (current 39.91)"
2026-08-18 10:50:39,NSE:HSCL,776.15,71.34,72.38,-1.04,2026-08-18 10:00,47.9,57.99,-10.08,NO,,,,,,,15m logic removed,,,,,WATCH,👀 WATCH,"Weekly RSI 71.34 > 50, but Hourly RSI has not touched 30 (current 47.90)"
2026-08-18 10:50:40,NSE:IFCI,81.1,61.99,58.71,3.28,2026-08-18 10:00,73.03,64.85,8.18,YES,,,,,,,15m logic removed,,,,,WATCH,👀 WATCH,"Weekly RSI 61.99 > 50, but Hourly RSI has not touched 30 (current 73.03)"
2026-08-18 10:50:41,NSE:INOXINDIA,1930.0,71.44,72.82,-1.38,2026-08-18 10:00,42.99,51.54,-8.56,NO,,,,,,,15m logic removed,,,,,WATCH,👀 WATCH,"Weekly RSI 71.44 > 50, but Hourly RSI has not touched 30 (current 42.99)"
2026-08-18 10:50:43,NSE:IPCALAB,1869.6,65.03,57.98,7.06,2026-08-18 10:00,66.94,68.79,-1.84,NO,,,,,,,15m logic removed,,,,,WATCH,👀 WATCH,"Weekly RSI 65.03 > 50, but Hourly RSI has not touched 30 (current 66.94)"
2026-08-18 10:50:44,NSE:JINDALSAW,267.6,61.43,61.29,0.15,2026-08-18 10:00,47.78,58.05,-10.26,NO,,,,,,,15m logic removed,,,,,WATCH,👀 WATCH,"Weekly RSI 61.43 > 50, but Hourly RSI has not touched 30 (current 47.78)"
2026-08-18 10:50:46,NSE:KIRLOSENG,2087.1,58.44,58.99,-0.55,2026-08-18 10:00,47.04,50.77,-3.73,NO,,,,,,,15m logic removed,,,,,WATCH,👀 WATCH,"Weekly RSI 58.44 > 50, but Hourly RSI has not touched 30 (current 47.04)"
2026-08-18 10:50:47,NSE:LALPATHLAB,1889.6,69.74,72.68,-2.94,2026-08-18 10:00,34.56,19.65,14.91,YES,,,,,,,15m logic removed,,,,,WATCH,👀 WATCH,Weekly RSI 69.74 > 50 + Hourly RSI touched 30 + 15m price confirmation failed (Close 1891.5 <= Previous High 1898.3)
2026-08-18 10:50:48,NSE:LAURUSLABS,1811.8,80.33,79.62,0.7,2026-08-18 10:00,47.51,46.24,1.27,YES,,,,,,,15m logic removed,,,,,WATCH,👀 WATCH,"Weekly RSI 80.33 > 50, but Hourly RSI has not touched 30 (current 47.51)"
2026-08-18 10:50:50,NSE:LLOYDSME,1919.4,63.4,63.36,0.04,2026-08-18 10:00,41.93,50.05,-8.12,NO,,,,,,,15m logic removed,,,,,WATCH,👀 WATCH,"Weekly RSI 63.40 > 50, but Hourly RSI has not touched 30 (current 41.93)"
2026-08-18 10:50:51,NSE:LODHA,1224.1,62.09,63.8,-1.71,2026-08-18 10:00,45.06,60.92,-15.86,NO,,,,,,,15m logic removed,,,,,WATCH,👀 WATCH,"Weekly RSI 62.09 > 50, but Hourly RSI has not touched 30 (current 45.06)"
2026-08-18 10:50:52,NSE:M&M,3417.4,57.13,57.66,-0.54,2026-08-18 10:00,49.85,39.7,10.15,YES,,,,,,,15m logic removed,,,,,WATCH,👀 WATCH,"Weekly RSI 57.13 > 50, but Hourly RSI has not touched 30 (current 49.85)"
2026-08-18 10:50:54,NSE:MAZDOCK,2582.3,54.85,54.76,0.1,2026-08-18 10:00,57.77,52.67,5.11,YES,,,,,,,15m logic removed,,,,,WATCH,👀 WATCH,"Weekly RSI 54.85 > 50, but Hourly RSI has not touched 30 (current 57.77)"
2026-08-18 10:50:55,NSE:MIDHANI,433.05,58.99,55.61,3.38,2026-08-18 10:00,55.15,51.38,3.77,YES,,,,,,,15m logic removed,,,,,WATCH,👀 WATCH,"Weekly RSI 58.99 > 50, but Hourly RSI has not touched 30 (current 55.15)"
2026-08-18 10:50:56,NSE:MOTHERSON,169.62,74.65,74.11,0.54,2026-08-18 10:00,62.26,50.12,12.14,YES,,,,,,,15m logic removed,,,,,WATCH,👀 WATCH,"Weekly RSI 74.65 > 50, but Hourly RSI has not touched 30 (current 62.26)"
2026-08-18 10:50:58,NSE:MTARTECH,7172.0,61.1,60.33,0.77,2026-08-18 10:00,56.39,49.9,6.49,YES,,,,,,,15m logic removed,,,,,WATCH,👀 WATCH,"Weekly RSI 61.10 > 50, but Hourly RSI has not touched 30 (current 56.39)"
2026-08-18 10:50:59,NSE:NETWEB,5321.0,67.22,63.88,3.35,2026-08-18 10:00,73.06,66.61,6.45,YES,,,,,,,15m logic removed,,,,,WATCH,👀 WATCH,"Weekly RSI 67.22 > 50, but Hourly RSI has not touched 30 (current 73.06)"
2026-08-18 10:51:00,NSE:NEULANDLAB,23439.0,77.73,77.48,0.25,2026-08-18 10:00,57.92,67.9,-9.98,NO,,,,,,,15m logic removed,,,,,WATCH,👀 WATCH,"Weekly RSI 77.73 > 50, but Hourly RSI has not touched 30 (current 57.92)"
2026-08-18 10:51:02,NSE:OBEROIRLTY,1911.3,62.68,59.06,3.62,2026-08-18 10:00,65.84,74.06,-8.22,NO,,,,,,,15m logic removed,,,,,WATCH,👀 WATCH,"Weekly RSI 62.68 > 50, but Hourly RSI has not touched 30 (current 65.84)"
2026-08-18 10:51:03,NSE:PARAS,1489.9,73.25,69.95,3.3,2026-08-18 10:00,85.41,69.69,15.72,YES,,,,,,,15m logic removed,,,,,WATCH,👀 WATCH,"Weekly RSI 73.25 > 50, but Hourly RSI has not touched 30 (current 85.41)"
2026-08-18 10:51:04,NSE:PHOENIXLTD,1913.0,54.99,53.56,1.43,2026-08-18 10:00,54.22,62.59,-8.37,NO,,,,,,,15m logic removed,,,,,WATCH,👀 WATCH,"Weekly RSI 54.99 > 50, but Hourly RSI has not touched 30 (current 54.22)"
2026-08-18 10:51:06,NSE:POLYMED,1765.2,59.19,60.69,-1.5,2026-08-18 10:00,45.62,37.37,8.25,YES,,,,,,,15m logic removed,,,,,WATCH,👀 WATCH,"Weekly RSI 59.19 > 50, but Hourly RSI has not touched 30 (current 45.62)"
2026-08-18 10:51:07,NSE:POWERINDIA,35445.0,61.6,62.34,-0.74,2026-08-18 10:00,50.99,51.15,-0.16,NO,,,,,,,15m logic removed,,,,,WATCH,👀 WATCH,"Weekly RSI 61.60 > 50, but Hourly RSI has not touched 30 (current 50.99)"
2026-08-18 10:51:08,NSE:PRESTIGE,1589.3,55.17,55.42,-0.25,2026-08-18 10:00,49.41,50.69,-1.27,NO,,,,,,,15m logic removed,,,,,WATCH,👀 WATCH,"Weekly RSI 55.17 > 50, but Hourly RSI has not touched 30 (current 49.41)"
2026-08-18 10:51:10,NSE:RADICO,4654.5,86.7,86.65,0.04,2026-08-18 10:00,57.99,70.69,-12.7,NO,,,,,,,15m logic removed,,,,,WATCH,👀 WATCH,"Weekly RSI 86.70 > 50, but Hourly RSI has not touched 30 (current 57.99)"
2026-08-18 10:51:12,NSE:RKFORGE,751.4,73.96,72.41,1.55,2026-08-18 10:00,62.4,65.72,-3.33,NO,,,,,,,15m logic removed,,,,,WATCH,👀 WATCH,"Weekly RSI 73.96 > 50, but Hourly RSI has not touched 30 (current 62.40)"
2026-08-18 10:51:13,NSE:RRKABEL,2820.0,77.89,77.31,0.58,2026-08-18 10:00,61.32,44.81,16.51,YES,,,,,,,15m logic removed,,,,,WATCH,👀 WATCH,"Weekly RSI 77.89 > 50, but Hourly RSI has not touched 30 (current 61.32)"
2026-08-18 10:51:14,NSE:SAILIFE,1441.5,78.86,80.21,-1.35,2026-08-18 10:00,52.32,37.28,15.04,YES,,,,,,,15m logic removed,,,,,WATCH,👀 WATCH,"Weekly RSI 78.86 > 50, but Hourly RSI has not touched 30 (current 52.32)"
2026-08-18 10:51:16,NSE:SAREGAMA,518.3,70.03,73.51,-3.48,2026-08-18 10:00,43.93,45.51,-1.58,NO,,,,,,,15m logic removed,,,,,WATCH,👀 WATCH,"Weekly RSI 70.03 > 50, but Hourly RSI has not touched 30 (current 43.93)"
2026-08-18 10:51:17,NSE:SIGNATURE,803.8,45.31,45.82,-0.51,2026-08-18 10:00,45.72,41.59,4.14,YES,,,,,,,15m logic removed,,,,,IGNORE,❌ IGNORE,Weekly RSI 45.31 <= 50
2026-08-18 10:51:19,NSE:SOBHA,1326.2,44.02,44.17,-0.15,2026-08-18 10:00,48.09,44.16,3.93,YES,,,,,,,15m logic removed,,,,,IGNORE,❌ IGNORE,Weekly RSI 44.02 <= 50
2026-08-18 10:51:20,NSE:SOLARINDS,20100.0,71.81,71.31,0.5,2026-08-18 10:00,63.57,61.19,2.37,YES,,,,,,,15m logic removed,,,,,WATCH,👀 WATCH,"Weekly RSI 71.81 > 50, but Hourly RSI has not touched 30 (current 63.57)"
2026-08-18 10:51:21,NSE:SONACOMS,812.4,77.82,76.36,1.46,2026-08-18 10:00,61.87,54.21,7.66,YES,,,,,,,15m logic removed,,,,,WATCH,👀 WATCH,"Weekly RSI 77.82 > 50, but Hourly RSI has not touched 30 (current 61.87)"
2026-08-18 10:51:23,NSE:SYRMA,1494.8,70.47,69.38,1.09,2026-08-18 10:00,58.69,50.95,7.74,YES,,,,,,,15m logic removed,,,,,WATCH,👀 WATCH,"Weekly RSI 70.47 > 50, but Hourly RSI has not touched 30 (current 58.69)"
2026-08-18 10:51:24,NSE:TORNTPHARM,4981.5,64.47,61.07,3.4,2026-08-18 10:00,64.66,53.64,11.03,YES,,,,,,,15m logic removed,,,,,WATCH,👀 WATCH,"Weekly RSI 64.47 > 50, but Hourly RSI has not touched 30 (current 64.66)"
2026-08-18 10:51:25,NSE:TVSMOTOR,4381.2,68.57,67.22,1.35,2026-08-18 10:00,55.97,57.39,-1.42,NO,,,,,,,15m logic removed,,,,,WATCH,👀 WATCH,"Weekly RSI 68.57 > 50, but Hourly RSI has not touched 30 (current 55.97)"
2026-08-18 10:51:27,NSE:UNIMECH,1512.3,75.02,76.02,-1.0,2026-08-18 10:00,61.73,60.47,1.26,YES,,,,,,,15m logic removed,,,,,WATCH,👀 WATCH,"Weekly RSI 75.02 > 50, but Hourly RSI has not touched 30 (current 61.73)"
2026-08-18 10:51:28,NSE:UNOMINDA,1271.5,60.9,58.5,2.4,2026-08-18 10:00,65.63,64.62,1.01,YES,,,,,,,15m logic removed,,,,,WATCH,👀 WATCH,"Weekly RSI 60.90 > 50, but Hourly RSI has not touched 30 (current 65.63)"
2026-08-18 10:51:30,NSE:VIJAYA,1510.0,71.27,69.58,1.69,2026-08-18 10:00,63.24,63.24,0.0,NO,,,,,,,15m logic removed,,,,,WATCH,👀 WATCH,"Weekly RSI 71.27 > 50, but Hourly RSI has not touched 30 (current 63.24)"
2026-08-18 10:51:31,NSE:WELCORP,1897.3,88.85,88.47,0.39,2026-08-18 10:00,65.97,59.84,6.13,YES,,,,,,,15m logic removed,,,,,WATCH,👀 WATCH,"Weekly RSI 88.85 > 50, but Hourly RSI has not touched 30 (current 65.97)"
2026-08-18 10:51:32,NSE:WOCKPHARMA,1860.0,56.62,60.66,-4.05,2026-08-18 10:00,32.35,42.6,-10.25,NO,,,,,,,15m logic removed,,,,,WATCH,👀 WATCH,"Weekly RSI 56.62 > 50, but Hourly RSI has not touched 30 (current 32.35)"
2026-08-18 10:51:34,NSE:ZENTEC,1963.8,62.56,58.95,3.61,2026-08-18 10:00,81.3,63.11,18.18,YES,,,,,,,15m logic removed,,,,,WATCH,👀 WATCH,"Weekly RSI 62.56 > 50, but Hourly RSI has not touched 30 (current 81.30)"
2026-08-18 10:51:35,NSE:ZYDUSLIFE,1140.6,65.99,65.38,0.61,2026-08-18 10:00,44.88,38.01,6.87,YES,,,,,,,15m logic removed,,,,,WATCH,👀 WATCH,"Weekly RSI 65.99 > 50, but Hourly RSI has not touched 30 (current 44.88)"
2026-08-18 11:04:29,NSE:LGEINDIA,1666.1,55.95,60.65,-4.7,2026-08-18 11:00,56.36,55.5,0.86,YES,,,,,,,15m logic removed,,,,,WATCH,👀 WATCH,"Weekly RSI 55.95 > 50, but Hourly RSI has not touched 30 (current 56.36)"
2026-08-18 11:04:31,NSE:ASTRAL,1524.7,52.14,54.81,-2.67,2026-08-18 11:00,46.34,54.86,-8.52,NO,,,,,,,15m logic removed,,,,,WATCH,👀 WATCH,"Weekly RSI 52.14 > 50, but Hourly RSI has not touched 30 (current 46.34)"
2026-08-18 11:04:32,NSE:FINCABLES,1318.0,68.82,65.92,2.9,2026-08-18 11:00,73.4,73.98,-0.58,NO,,,,,,,15m logic removed,,,,,WATCH,👀 WATCH,"Weekly RSI 68.82 > 50, but Hourly RSI has not touched 30 (current 73.40)"
2026-08-18 11:04:34,NSE:GODREJAGRO,591.5,52.64,50.07,2.57,2026-08-18 11:00,71.54,74.36,-2.82,NO,,,,,,,15m logic removed,,,,,WATCH,👀 WATCH,"Weekly RSI 52.64 > 50, but Hourly RSI has not touched 30 (current 71.54)"
2026-08-18 11:04:36,NSE:HAPPSTMNDS,419.3,57.21,57.5,-0.28,2026-08-18 11:00,57.17,66.54,-9.37,NO,,,,,,,15m logic removed,,,,,WATCH,👀 WATCH,"Weekly RSI 57.21 > 50, but Hourly RSI has not touched 30 (current 57.17)"
2026-08-18 11:04:37,NSE:NAZARA,355.35,72.45,72.74,-0.3,2026-08-18 11:00,53.64,36.05,17.6,YES,,,,,,,15m logic removed,,,,,WATCH,👀 WATCH,"Weekly RSI 72.45 > 50, but Hourly RSI has not touched 30 (current 53.64)"
2026-08-18 11:04:38,NSE:OFSS,11793.0,67.58,68.0,-0.42,2026-08-18 11:00,55.6,55.31,0.29,YES,,,,,,,15m logic removed,,,,,WATCH,👀 WATCH,"Weekly RSI 67.58 > 50, but Hourly RSI has not touched 30 (current 55.60)"
2026-08-18 11:04:40,NSE:REDINGTON,328.85,63.46,64.98,-1.52,2026-08-18 11:00,29.77,36.71,-6.94,NO,,,,,,,15m logic removed,,,,,WATCH,👀 WATCH,Weekly RSI 63.46 > 50 + Hourly RSI touched 30 + 15m price confirmation failed (Close 329.2 <= Previous High 329.85)
2026-08-18 11:04:41,NSE:AARTIIND,527.2,64.13,66.18,-2.05,2026-08-18 11:00,51.71,49.76,1.95,YES,,,,,,,15m logic removed,,,,,WATCH,👀 WATCH,"Weekly RSI 64.13 > 50, but Hourly RSI has not touched 30 (current 51.71)"
2026-08-18 11:04:43,NSE:ABB,7623.0,62.88,63.4,-0.52,2026-08-18 11:00,41.22,46.3,-5.08,NO,,,,,,,15m logic removed,,,,,WATCH,👀 WATCH,"Weekly RSI 62.88 > 50, but Hourly RSI has not touched 30 (current 41.22)"
2026-08-18 11:04:44,NSE:ACMESOLAR,364.1,62.02,65.76,-3.74,2026-08-18 11:00,35.2,36.88,-1.68,NO,,,,,,,15m logic removed,,,,,WATCH,👀 WATCH,"Weekly RSI 62.02 > 50, but Hourly RSI has not touched 30 (current 35.20)"
2026-08-18 11:04:45,NSE:ADANIENSOL,1618.5,66.22,66.1,0.13,2026-08-18 11:00,57.85,42.84,15.02,YES,,,,,,,15m logic removed,,,,,WATCH,👀 WATCH,"Weekly RSI 66.22 > 50, but Hourly RSI has not touched 30 (current 57.85)"
2026-08-18 11:04:47,NSE:AEGISLOG,1359.2,70.1,66.7,3.4,2026-08-18 11:00,75.61,53.03,22.59,YES,,,,,,,15m logic removed,,,,,WATCH,👀 WATCH,"Weekly RSI 70.10 > 50, but Hourly RSI has not touched 30 (current 75.61)"
2026-08-18 11:04:49,NSE:AJANTPHARM,3729.4,75.6,74.36,1.24,2026-08-18 11:00,79.36,78.51,0.86,YES,,,,,,,15m logic removed,,,,,WATCH,👀 WATCH,"Weekly RSI 75.60 > 50, but Hourly RSI has not touched 30 (current 79.36)"
2026-08-18 11:04:50,NSE:AKUMS,751.95,72.88,70.82,2.06,2026-08-18 11:00,59.52,53.28,6.24,YES,,,,,,,15m logic removed,,,,,WATCH,👀 WATCH,"Weekly RSI 72.88 > 50, but Hourly RSI has not touched 30 (current 59.52)"
2026-08-18 11:04:52,NSE:ALIVUS,1375.0,76.67,78.41,-1.74,2026-08-18 11:00,47.91,59.17,-11.26,NO,,,,,,,15m logic removed,,,,,WATCH,👀 WATCH,"Weekly RSI 76.67 > 50, but Hourly RSI has not touched 30 (current 47.91)"
2026-08-18 11:04:54,NSE:ANANDRATHI,2190.0,75.5,74.94,0.57,2026-08-18 11:00,60.5,50.24,10.25,YES,,,,,,,15m logic removed,,,,,WATCH,👀 WATCH,"Weekly RSI 75.50 > 50, but Hourly RSI has not touched 30 (current 60.50)"
2026-08-18 11:04:55,NSE:ANANTRAJ,630.8,61.68,61.58,0.1,2026-08-18 11:00,61.8,54.63,7.17,YES,,,,,,,15m logic removed,,,,,WATCH,👀 WATCH,"Weekly RSI 61.68 > 50, but Hourly RSI has not touched 30 (current 61.80)"
2026-08-18 11:04:56,NSE:APARINDS,16389.0,69.01,71.5,-2.48,2026-08-18 11:00,37.36,42.37,-5.01,NO,,,,,,,15m logic removed,,,,,WATCH,👀 WATCH,"Weekly RSI 69.01 > 50, but Hourly RSI has not touched 30 (current 37.36)"
2026-08-18 11:04:58,NSE:ASHOKLEY,175.02,55.67,54.11,1.56,2026-08-18 11:00,47.63,53.92,-6.28,NO,,,,,,,15m logic removed,,,,,WATCH,👀 WATCH,"Weekly RSI 55.67 > 50, but Hourly RSI has not touched 30 (current 47.63)"
2026-08-18 11:04:59,NSE:ASTERDM,820.95,60.35,60.6,-0.24,2026-08-18 11:00,38.89,36.57,2.32,YES,,,,,,,15m logic removed,,,,,WATCH,👀 WATCH,"Weekly RSI 60.35 > 50, but Hourly RSI has not touched 30 (current 38.89)"
2026-08-18 11:05:00,NSE:ASTRAMICRO,1747.3,68.02,67.72,0.3,2026-08-18 11:00,59.46,42.97,16.48,YES,,,,,,,15m logic removed,,,,,WATCH,👀 WATCH,"Weekly RSI 68.02 > 50, but Hourly RSI has not touched 30 (current 59.46)"
2026-08-18 11:05:02,NSE:ATHERENERG,1468.4,76.54,80.74,-4.2,2026-08-18 11:00,31.29,35.93,-4.64,NO,,,,,,,15m logic removed,,,,,WATCH,👀 WATCH,"Weekly RSI 76.54 > 50, but Hourly RSI has not touched 30 (current 31.29)"
2026-08-18 11:05:03,NSE:AUROPHARMA,1643.4,68.43,67.08,1.35,2026-08-18 11:00,52.53,44.03,8.5,YES,,,,,,,15m logic removed,,,,,WATCH,👀 WATCH,"Weekly RSI 68.43 > 50, but Hourly RSI has not touched 30 (current 52.53)"
2026-08-18 11:05:05,NSE:BAJAJ-AUTO,11695.0,71.98,72.09,-0.11,2026-08-18 11:00,48.68,44.04,4.65,YES,,,,,,,15m logic removed,,,,,WATCH,👀 WATCH,"Weekly RSI 71.98 > 50, but Hourly RSI has not touched 30 (current 48.68)"
2026-08-18 11:05:06,NSE:BALRAMCHIN,657.75,74.16,70.01,4.15,2026-08-18 11:00,73.68,72.74,0.94,YES,,,,,,,15m logic removed,,,,,WATCH,👀 WATCH,"Weekly RSI 74.16 > 50, but Hourly RSI has not touched 30 (current 73.68)"
2026-08-18 11:05:07,NSE:BDL,1367.5,52.4,54.59,-2.19,2026-08-18 11:00,51.58,59.46,-7.88,NO,,,,,,,15m logic removed,,,,,WATCH,👀 WATCH,"Weekly RSI 52.40 > 50, but Hourly RSI has not touched 30 (current 51.58)"
2026-08-18 11:05:09,NSE:BEML,1937.2,59.0,55.85,3.15,2026-08-18 11:00,66.36,57.48,8.88,YES,,,,,,,15m logic removed,,,,,WATCH,👀 WATCH,"Weekly RSI 59.00 > 50, but Hourly RSI has not touched 30 (current 66.36)"
2026-08-18 11:05:10,NSE:BHARATFORG,2081.8,58.28,57.47,0.81,2026-08-18 11:00,47.13,52.12,-4.99,NO,,,,,,,15m logic removed,,,,,WATCH,👀 WATCH,"Weekly RSI 58.28 > 50, but Hourly RSI has not touched 30 (current 47.13)"
2026-08-18 11:05:12,NSE:BHEL,427.55,66.51,65.48,1.03,2026-08-18 11:00,56.08,70.96,-14.88,NO,,,,,,,15m logic removed,,,,,WATCH,👀 WATCH,"Weekly RSI 66.51 > 50, but Hourly RSI has not touched 30 (current 56.08)"
2026-08-18 11:05:13,NSE:BOSCHLTD,47735.0,73.91,72.96,0.95,2026-08-18 11:00,70.4,60.0,10.4,YES,,,,,,,15m logic removed,,,,,WATCH,👀 WATCH,"Weekly RSI 73.91 > 50, but Hourly RSI has not touched 30 (current 70.40)"
2026-08-18 11:05:15,NSE:BRIGADE,593.1,55.1,54.87,0.23,2026-08-18 11:00,51.97,50.54,1.43,YES,,,,,,,15m logic removed,,,,,WATCH,👀 WATCH,"Weekly RSI 55.10 > 50, but Hourly RSI has not touched 30 (current 51.97)"
2026-08-18 11:05:16,NSE:CAPLIPOINT,2542.0,67.55,65.36,2.19,2026-08-18 11:00,58.6,55.11,3.5,YES,,,,,,,15m logic removed,,,,,WATCH,👀 WATCH,"Weekly RSI 67.55 > 50, but Hourly RSI has not touched 30 (current 58.60)"
2026-08-18 11:05:18,NSE:CGPOWER,893.15,58.71,58.34,0.37,2026-08-18 11:00,57.1,67.68,-10.58,NO,,,,,,,15m logic removed,,,,,WATCH,👀 WATCH,"Weekly RSI 58.71 > 50, but Hourly RSI has not touched 30 (current 57.10)"
2026-08-18 11:05:19,NSE:CHENNPETRO,1451.2,75.47,69.87,5.6,2026-08-18 11:00,77.94,64.69,13.24,YES,,,,,,,15m logic removed,,,,,WATCH,👀 WATCH,"Weekly RSI 75.47 > 50, but Hourly RSI has not touched 30 (current 77.94)"
2026-08-18 11:05:21,NSE:COHANCE,453.45,50.91,48.61,2.3,2026-08-18 11:00,63.71,55.0,8.71,YES,,,,,,,15m logic removed,,,,,WATCH,👀 WATCH,"Weekly RSI 50.91 > 50, but Hourly RSI has not touched 30 (current 63.71)"
2026-08-18 11:05:22,NSE:CYIENTDLM,745.8,86.49,84.24,2.25,2026-08-18 11:00,71.76,69.29,2.47,YES,,,,,,,15m logic removed,,,,,WATCH,👀 WATCH,"Weekly RSI 86.49 > 50, but Hourly RSI has not touched 30 (current 71.76)"
2026-08-18 11:05:24,NSE:DATAPATTNS,4645.0,63.11,60.33,2.78,2026-08-18 11:00,71.58,58.21,13.37,YES,,,,,,,15m logic removed,,,,,WATCH,👀 WATCH,"Weekly RSI 63.11 > 50, but Hourly RSI has not touched 30 (current 71.58)"
2026-08-18 11:05:25,NSE:DIVISLAB,8592.5,84.22,83.43,0.79,2026-08-18 11:00,62.07,49.68,12.39,YES,,,,,,,15m logic removed,,,,,WATCH,👀 WATCH,"Weekly RSI 84.22 > 50, but Hourly RSI has not touched 30 (current 62.07)"
2026-08-18 11:05:27,NSE:DLF,666.9,56.16,55.85,0.31,2026-08-18 11:00,54.16,60.92,-6.75,NO,,,,,,,15m logic removed,,,,,WATCH,👀 WATCH,"Weekly RSI 56.16 > 50, but Hourly RSI has not touched 30 (current 54.16)"
2026-08-18 11:05:28,NSE:DYNAMATECH,11331.0,57.45,56.53,0.92,2026-08-18 11:00,66.51,56.51,10.0,YES,,,,,,,15m logic removed,,,,,WATCH,👀 WATCH,"Weekly RSI 57.45 > 50, but Hourly RSI has not touched 30 (current 66.51)"
2026-08-18 11:05:29,NSE:EICHERMOT,8057.0,64.3,64.56,-0.26,2026-08-18 11:00,48.83,47.13,1.7,YES,,,,,,,15m logic removed,,,,,WATCH,👀 WATCH,"Weekly RSI 64.30 > 50, but Hourly RSI has not touched 30 (current 48.83)"
2026-08-18 11:05:31,NSE:ENRIN,3620.1,57.32,55.76,1.56,2026-08-18 11:00,63.4,62.01,1.4,YES,,,,,,,15m logic removed,,,,,WATCH,👀 WATCH,"Weekly RSI 57.32 > 50, but Hourly RSI has not touched 30 (current 63.40)"
2026-08-18 11:05:32,NSE:EXIDEIND,467.85,69.48,72.73,-3.24,2026-08-18 11:00,31.58,41.47,-9.89,NO,,,,,,,15m logic removed,,,,,WATCH,👀 WATCH,"Weekly RSI 69.48 > 50, but Hourly RSI has not touched 30 (current 31.58)"
2026-08-18 11:05:34,NSE:GLAND,2903.0,75.67,79.58,-3.91,2026-08-18 11:00,49.02,48.81,0.21,YES,,,,,,,15m logic removed,,,,,WATCH,👀 WATCH,"Weekly RSI 75.67 > 50, but Hourly RSI has not touched 30 (current 49.02)"
2026-08-18 11:05:35,NSE:GODREJPROP,2014.9,55.79,54.63,1.16,2026-08-18 11:00,48.73,62.29,-13.55,NO,,,,,,,15m logic removed,,,,,WATCH,👀 WATCH,"Weekly RSI 55.79 > 50, but Hourly RSI has not touched 30 (current 48.73)"
2026-08-18 11:05:37,NSE:GRANULES,852.9,65.38,66.44,-1.06,2026-08-18 11:00,43.74,53.96,-10.22,NO,,,,,,,15m logic removed,,,,,WATCH,👀 WATCH,"Weekly RSI 65.38 > 50, but Hourly RSI has not touched 30 (current 43.74)"
2026-08-18 11:05:38,NSE:HAL,5097.8,68.67,67.39,1.28,2026-08-18 11:00,69.67,63.95,5.72,YES,,,,,,,15m logic removed,,,,,WATCH,👀 WATCH,"Weekly RSI 68.67 > 50, but Hourly RSI has not touched 30 (current 69.67)"
2026-08-18 11:05:40,NSE:HEROMOTOCO,5707.5,61.35,63.8,-2.45,2026-08-18 11:00,36.05,40.81,-4.76,NO,,,,,,,15m logic removed,,,,,WATCH,👀 WATCH,"Weekly RSI 61.35 > 50, but Hourly RSI has not touched 30 (current 36.05)"
2026-08-18 11:05:42,NSE:HFCL,230.25,77.72,76.42,1.3,2026-08-18 11:00,65.26,43.81,21.45,YES,,,,,,,15m logic removed,,,,,WATCH,👀 WATCH,"Weekly RSI 77.72 > 50, but Hourly RSI has not touched 30 (current 65.26)"
2026-08-18 11:05:44,NSE:HONASA,473.85,68.53,79.49,-10.96,2026-08-18 11:00,39.91,45.33,-5.42,NO,,,,,,,15m logic removed,,,,,WATCH,👀 WATCH,"Weekly RSI 68.53 > 50, but Hourly RSI has not touched 30 (current 39.91)"
2026-08-18 11:05:45,NSE:HSCL,775.5,71.21,72.38,-1.18,2026-08-18 11:00,47.22,57.99,-10.76,NO,,,,,,,15m logic removed,,,,,WATCH,👀 WATCH,"Weekly RSI 71.21 > 50, but Hourly RSI has not touched 30 (current 47.22)"
2026-08-18 11:05:47,NSE:IFCI,80.7,61.7,58.71,2.99,2026-08-18 11:00,71.8,64.85,6.94,YES,,,,,,,15m logic removed,,,,,WATCH,👀 WATCH,"Weekly RSI 61.70 > 50, but Hourly RSI has not touched 30 (current 71.80)"
2026-08-18 11:05:48,NSE:INOXINDIA,1946.3,72.95,72.82,0.13,2026-08-18 11:00,51.12,51.54,-0.42,NO,,,,,,,15m logic removed,,,,,WATCH,👀 WATCH,"Weekly RSI 72.95 > 50, but Hourly RSI has not touched 30 (current 51.12)"
2026-08-18 11:05:49,NSE:IPCALAB,1876.6,65.34,57.98,7.36,2026-08-18 11:00,69.0,68.79,0.21,YES,,,,,,,15m logic removed,,,,,WATCH,👀 WATCH,"Weekly RSI 65.34 > 50, but Hourly RSI has not touched 30 (current 69.00)"
2026-08-18 11:05:52,NSE:JINDALSAW,266.8,61.15,61.29,-0.14,2026-08-18 11:00,45.67,58.05,-12.38,NO,,,,,,,15m logic removed,,,,,WATCH,👀 WATCH,"Weekly RSI 61.15 > 50, but Hourly RSI has not touched 30 (current 45.67)"
2026-08-18 11:05:53,NSE:KIRLOSENG,2087.8,58.47,58.99,-0.52,2026-08-18 11:00,47.26,50.77,-3.51,NO,,,,,,,15m logic removed,,,,,WATCH,👀 WATCH,"Weekly RSI 58.47 > 50, but Hourly RSI has not touched 30 (current 47.26)"
2026-08-18 11:05:54,NSE:LALPATHLAB,1888.5,69.62,72.68,-3.06,2026-08-18 11:00,33.79,19.65,14.15,YES,,,,,,,15m logic removed,,,,,WATCH,👀 WATCH,Weekly RSI 69.62 > 50 + Hourly RSI touched 30 + 15m price confirmation failed (Close 1888.5 <= Previous High 1892.7)
2026-08-18 11:05:56,NSE:LAURUSLABS,1814.0,80.39,79.62,0.77,2026-08-18 11:00,48.77,46.24,2.54,YES,,,,,,,15m logic removed,,,,,WATCH,👀 WATCH,"Weekly RSI 80.39 > 50, but Hourly RSI has not touched 30 (current 48.77)"
2026-08-18 11:05:57,NSE:LLOYDSME,1920.3,63.44,63.36,0.07,2026-08-18 11:00,42.28,50.05,-7.77,NO,,,,,,,15m logic removed,,,,,WATCH,👀 WATCH,"Weekly RSI 63.44 > 50, but Hourly RSI has not touched 30 (current 42.28)"
2026-08-18 11:05:59,NSE:LODHA,1226.0,62.25,63.8,-1.55,2026-08-18 11:00,45.81,60.92,-15.1,NO,,,,,,,15m logic removed,,,,,WATCH,👀 WATCH,"Weekly RSI 62.25 > 50, but Hourly RSI has not touched 30 (current 45.81)"
2026-08-18 11:06:00,NSE:M&M,3422.7,57.39,57.66,-0.28,2026-08-18 11:00,51.45,39.7,11.75,YES,,,,,,,15m logic removed,,,,,WATCH,👀 WATCH,"Weekly RSI 57.39 > 50, but Hourly RSI has not touched 30 (current 51.45)"
2026-08-18 11:06:02,NSE:MAZDOCK,2574.0,54.45,54.76,-0.3,2026-08-18 11:00,54.54,52.67,1.88,YES,,,,,,,15m logic removed,,,,,WATCH,👀 WATCH,"Weekly RSI 54.45 > 50, but Hourly RSI has not touched 30 (current 54.54)"
2026-08-18 11:06:03,NSE:MIDHANI,431.95,58.78,55.61,3.17,2026-08-18 11:00,54.37,51.38,2.99,YES,,,,,,,15m logic removed,,,,,WATCH,👀 WATCH,"Weekly RSI 58.78 > 50, but Hourly RSI has not touched 30 (current 54.37)"
2026-08-18 11:06:04,NSE:MOTHERSON,169.73,74.7,74.11,0.58,2026-08-18 11:00,62.89,50.12,12.78,YES,,,,,,,15m logic removed,,,,,WATCH,👀 WATCH,"Weekly RSI 74.70 > 50, but Hourly RSI has not touched 30 (current 62.89)"
2026-08-18 11:06:06,NSE:MTARTECH,7176.0,61.12,60.33,0.79,2026-08-18 11:00,56.62,49.9,6.72,YES,,,,,,,15m logic removed,,,,,WATCH,👀 WATCH,"Weekly RSI 61.12 > 50, but Hourly RSI has not touched 30 (current 56.62)"
2026-08-18 11:06:08,NSE:NETWEB,5288.7,66.91,63.88,3.03,2026-08-18 11:00,71.3,66.61,4.7,YES,,,,,,,15m logic removed,,,,,WATCH,👀 WATCH,"Weekly RSI 66.91 > 50, but Hourly RSI has not touched 30 (current 71.30)"
2026-08-18 11:06:10,NSE:NEULANDLAB,23448.0,77.75,77.48,0.27,2026-08-18 11:00,58.28,67.9,-9.62,NO,,,,,,,15m logic removed,,,,,WATCH,👀 WATCH,"Weekly RSI 77.75 > 50, but Hourly RSI has not touched 30 (current 58.28)"
2026-08-18 11:06:11,NSE:OBEROIRLTY,1910.0,62.61,59.06,3.55,2026-08-18 11:00,65.36,74.06,-8.7,NO,,,,,,,15m logic removed,,,,,WATCH,👀 WATCH,"Weekly RSI 62.61 > 50, but Hourly RSI has not touched 30 (current 65.36)"
2026-08-18 11:06:13,NSE:PARAS,1482.0,73.04,69.95,3.09,2026-08-18 11:00,84.8,69.69,15.11,YES,,,,,,,15m logic removed,,,,,WATCH,👀 WATCH,"Weekly RSI 73.04 > 50, but Hourly RSI has not touched 30 (current 84.80)"
2026-08-18 11:06:15,NSE:PHOENIXLTD,1917.0,55.23,53.56,1.67,2026-08-18 11:00,56.0,62.59,-6.58,NO,,,,,,,15m logic removed,,,,,WATCH,👀 WATCH,"Weekly RSI 55.23 > 50, but Hourly RSI has not touched 30 (current 56.00)"
2026-08-18 11:06:16,NSE:POLYMED,1761.1,58.9,60.69,-1.79,2026-08-18 11:00,44.38,37.37,7.01,YES,,,,,,,15m logic removed,,,,,WATCH,👀 WATCH,"Weekly RSI 58.90 > 50, but Hourly RSI has not touched 30 (current 44.38)"
2026-08-18 11:06:18,NSE:POWERINDIA,35400.0,61.47,62.34,-0.87,2026-08-18 11:00,49.58,51.15,-1.57,NO,,,,,,,15m logic removed,,,,,WATCH,👀 WATCH,"Weekly RSI 61.47 > 50, but Hourly RSI has not touched 30 (current 49.58)"
2026-08-18 11:06:19,NSE:PRESTIGE,1600.2,55.9,55.42,0.48,2026-08-18 11:00,54.44,50.69,3.75,YES,,,,,,,15m logic removed,,,,,WATCH,👀 WATCH,"Weekly RSI 55.90 > 50, but Hourly RSI has not touched 30 (current 54.44)"
2026-08-18 11:06:21,NSE:RADICO,4671.5,86.86,86.65,0.21,2026-08-18 11:00,62.93,70.69,-7.76,NO,,,,,,,15m logic removed,,,,,WATCH,👀 WATCH,"Weekly RSI 86.86 > 50, but Hourly RSI has not touched 30 (current 62.93)"
2026-08-18 11:06:22,NSE:RKFORGE,749.3,73.79,72.41,1.39,2026-08-18 11:00,59.46,65.72,-6.27,NO,,,,,,,15m logic removed,,,,,WATCH,👀 WATCH,"Weekly RSI 73.79 > 50, but Hourly RSI has not touched 30 (current 59.46)"
2026-08-18 11:06:24,NSE:RRKABEL,2832.5,78.09,77.31,0.78,2026-08-18 11:00,63.48,44.81,18.67,YES,,,,,,,15m logic removed,,,,,WATCH,👀 WATCH,"Weekly RSI 78.09 > 50, but Hourly RSI has not touched 30 (current 63.48)"
2026-08-18 11:06:25,NSE:SAILIFE,1441.4,78.85,80.21,-1.37,2026-08-18 11:00,52.26,37.28,14.98,YES,,,,,,,15m logic removed,,,,,WATCH,👀 WATCH,"Weekly RSI 78.85 > 50, but Hourly RSI has not touched 30 (current 52.26)"
2026-08-18 11:06:27,NSE:SAREGAMA,516.3,69.3,73.51,-4.21,2026-08-18 11:00,42.3,45.51,-3.2,NO,,,,,,,15m logic removed,,,,,WATCH,👀 WATCH,"Weekly RSI 69.30 > 50, but Hourly RSI has not touched 30 (current 42.30)"
2026-08-18 11:06:29,NSE:SIGNATURE,804.8,45.4,45.82,-0.42,2026-08-18 11:00,47.16,41.59,5.58,YES,,,,,,,15m logic removed,,,,,IGNORE,❌ IGNORE,Weekly RSI 45.40 <= 50
2026-08-18 11:06:31,NSE:SOBHA,1323.1,43.79,44.17,-0.38,2026-08-18 11:00,45.24,44.16,1.08,YES,,,,,,,15m logic removed,,,,,IGNORE,❌ IGNORE,Weekly RSI 43.79 <= 50
2026-08-18 11:06:32,NSE:SOLARINDS,20080.0,71.74,71.31,0.42,2026-08-18 11:00,63.12,61.19,1.92,YES,,,,,,,15m logic removed,,,,,WATCH,👀 WATCH,"Weekly RSI 71.74 > 50, but Hourly RSI has not touched 30 (current 63.12)"
2026-08-18 11:06:34,NSE:SONACOMS,814.9,77.99,76.36,1.63,2026-08-18 11:00,63.93,54.21,9.73,YES,,,,,,,15m logic removed,,,,,WATCH,👀 WATCH,"Weekly RSI 77.99 > 50, but Hourly RSI has not touched 30 (current 63.93)"
2026-08-18 11:06:35,NSE:SYRMA,1496.4,70.52,69.38,1.14,2026-08-18 11:00,59.14,50.95,8.19,YES,,,,,,,15m logic removed,,,,,WATCH,👀 WATCH,"Weekly RSI 70.52 > 50, but Hourly RSI has not touched 30 (current 59.14)"
2026-08-18 11:06:37,NSE:TORNTPHARM,4972.0,64.27,61.07,3.2,2026-08-18 11:00,63.66,53.64,10.02,YES,,,,,,,15m logic removed,,,,,WATCH,👀 WATCH,"Weekly RSI 64.27 > 50, but Hourly RSI has not touched 30 (current 63.66)"
2026-08-18 11:06:38,NSE:TVSMOTOR,4374.8,68.46,67.22,1.24,2026-08-18 11:00,54.14,57.39,-3.25,NO,,,,,,,15m logic removed,,,,,WATCH,👀 WATCH,"Weekly RSI 68.46 > 50, but Hourly RSI has not touched 30 (current 54.14)"
2026-08-18 11:06:40,NSE:UNIMECH,1513.1,75.1,76.02,-0.92,2026-08-18 11:00,61.96,60.47,1.49,YES,,,,,,,15m logic removed,,,,,WATCH,👀 WATCH,"Weekly RSI 75.10 > 50, but Hourly RSI has not touched 30 (current 61.96)"
2026-08-18 11:06:41,NSE:UNOMINDA,1271.4,60.9,58.5,2.39,2026-08-18 11:00,65.57,64.62,0.95,YES,,,,,,,15m logic removed,,,,,WATCH,👀 WATCH,"Weekly RSI 60.90 > 50, but Hourly RSI has not touched 30 (current 65.57)"
2026-08-18 11:06:43,NSE:VIJAYA,1511.3,71.33,69.58,1.74,2026-08-18 11:00,63.62,63.24,0.39,YES,,,,,,,15m logic removed,,,,,WATCH,👀 WATCH,"Weekly RSI 71.33 > 50, but Hourly RSI has not touched 30 (current 63.62)"
2026-08-18 11:06:44,NSE:WELCORP,1898.0,88.86,88.47,0.4,2026-08-18 11:00,66.23,59.84,6.39,YES,,,,,,,15m logic removed,,,,,WATCH,👀 WATCH,"Weekly RSI 88.86 > 50, but Hourly RSI has not touched 30 (current 66.23)"
2026-08-18 11:06:46,NSE:WOCKPHARMA,1864.6,56.86,60.66,-3.81,2026-08-18 11:00,33.35,42.6,-9.25,NO,,,,,,,15m logic removed,,,,,WATCH,👀 WATCH,"Weekly RSI 56.86 > 50, but Hourly RSI has not touched 30 (current 33.35)"
2026-08-18 11:06:47,NSE:ZENTEC,1966.6,62.65,58.95,3.7,2026-08-18 11:00,81.56,63.11,18.44,YES,,,,,,,15m logic removed,,,,,WATCH,👀 WATCH,"Weekly RSI 62.65 > 50, but Hourly RSI has not touched 30 (current 81.56)"
2026-08-18 11:06:49,NSE:ZYDUSLIFE,1140.5,65.98,65.38,0.59,2026-08-18 11:00,44.82,38.01,6.81,YES,,,,,,,15m logic removed,,,,,WATCH,👀 WATCH,"Weekly RSI 65.98 > 50, but Hourly RSI has not touched 30 (current 44.82)"
2026-08-18 11:19:27,NSE:LGEINDIA,1661.0,55.61,60.65,-5.05,2026-08-18 11:00,54.55,55.5,-0.95,NO,,,,,,,15m logic removed,,,,,WATCH,👀 WATCH,"Weekly RSI 55.61 > 50, but Hourly RSI has not touched 30 (current 54.55)"
2026-08-18 11:19:28,NSE:ASTRAL,1523.6,52.05,54.81,-2.75,2026-08-18 11:00,45.76,54.86,-9.09,NO,,,,,,,15m logic removed,,,,,WATCH,👀 WATCH,"Weekly RSI 52.05 > 50, but Hourly RSI has not touched 30 (current 45.76)"
2026-08-18 11:19:29,NSE:FINCABLES,1319.0,68.85,65.92,2.94,2026-08-18 11:00,73.98,73.98,0.0,NO,,,,,,,15m logic removed,,,,,WATCH,👀 WATCH,"Weekly RSI 68.85 > 50, but Hourly RSI has not touched 30 (current 73.98)"
2026-08-18 11:19:31,NSE:GODREJAGRO,590.05,52.31,50.07,2.24,2026-08-18 11:00,69.01,74.36,-5.35,NO,,,,,,,15m logic removed,,,,,WATCH,👀 WATCH,"Weekly RSI 52.31 > 50, but Hourly RSI has not touched 30 (current 69.01)"
2026-08-18 11:19:32,NSE:HAPPSTMNDS,419.5,57.28,57.5,-0.22,2026-08-18 11:00,57.37,66.54,-9.17,NO,,,,,,,15m logic removed,,,,,WATCH,👀 WATCH,"Weekly RSI 57.28 > 50, but Hourly RSI has not touched 30 (current 57.37)"
2026-08-18 11:19:33,NSE:NAZARA,355.1,72.31,72.74,-0.43,2026-08-18 11:00,53.11,36.05,17.06,YES,,,,,,,15m logic removed,,,,,WATCH,👀 WATCH,"Weekly RSI 72.31 > 50, but Hourly RSI has not touched 30 (current 53.11)"
2026-08-18 11:19:34,NSE:OFSS,11800.0,67.66,68.0,-0.34,2026-08-18 11:00,56.09,55.31,0.79,YES,,,,,,,15m logic removed,,,,,WATCH,👀 WATCH,"Weekly RSI 67.66 > 50, but Hourly RSI has not touched 30 (current 56.09)"
2026-08-18 11:19:36,NSE:REDINGTON,327.55,63.09,64.98,-1.88,2026-08-18 11:00,28.36,36.71,-8.34,NO,,,,,,,15m logic removed,,,,,WATCH,👀 WATCH,Weekly RSI 63.09 > 50 + Hourly RSI touched 30 + 15m price confirmation failed (Close 327.9 <= Previous High 329.5)
2026-08-18 11:19:37,NSE:AARTIIND,527.25,64.14,66.18,-2.04,2026-08-18 11:00,51.75,49.76,2.0,YES,,,,,,,15m logic removed,,,,,WATCH,👀 WATCH,"Weekly RSI 64.14 > 50, but Hourly RSI has not touched 30 (current 51.75)"
2026-08-18 11:19:38,NSE:ABB,7624.0,62.9,63.4,-0.5,2026-08-18 11:00,41.35,46.3,-4.96,NO,,,,,,,15m logic removed,,,,,WATCH,👀 WATCH,"Weekly RSI 62.90 > 50, but Hourly RSI has not touched 30 (current 41.35)"
2026-08-18 11:19:39,NSE:ACMESOLAR,364.35,62.1,65.76,-3.65,2026-08-18 11:00,35.65,36.88,-1.23,NO,,,,,,,15m logic removed,,,,,WATCH,👀 WATCH,"Weekly RSI 62.10 > 50, but Hourly RSI has not touched 30 (current 35.65)"
2026-08-18 11:19:40,NSE:ADANIENSOL,1613.5,65.85,66.1,-0.24,2026-08-18 11:00,55.88,42.84,13.05,YES,,,,,,,15m logic removed,,,,,WATCH,👀 WATCH,"Weekly RSI 65.85 > 50, but Hourly RSI has not touched 30 (current 55.88)"
2026-08-18 11:19:41,NSE:AEGISLOG,1353.5,69.91,66.7,3.21,2026-08-18 11:00,74.64,53.03,21.61,YES,,,,,,,15m logic removed,,,,,WATCH,👀 WATCH,"Weekly RSI 69.91 > 50, but Hourly RSI has not touched 30 (current 74.64)"
2026-08-18 11:19:43,NSE:AJANTPHARM,3732.6,75.67,74.36,1.31,2026-08-18 11:00,79.8,78.51,1.3,YES,,,,,,,15m logic removed,,,,,WATCH,👀 WATCH,"Weekly RSI 75.67 > 50, but Hourly RSI has not touched 30 (current 79.80)"
2026-08-18 11:19:44,NSE:AKUMS,752.0,72.89,70.82,2.07,2026-08-18 11:00,59.55,53.28,6.27,YES,,,,,,,15m logic removed,,,,,WATCH,👀 WATCH,"Weekly RSI 72.89 > 50, but Hourly RSI has not touched 30 (current 59.55)"
2026-08-18 11:19:45,NSE:ALIVUS,1390.9,78.58,78.41,0.17,2026-08-18 11:00,56.45,59.17,-2.72,NO,,,,,,,15m logic removed,,,,,WATCH,👀 WATCH,"Weekly RSI 78.58 > 50, but Hourly RSI has not touched 30 (current 56.45)"
2026-08-18 11:19:46,NSE:ANANDRATHI,2188.2,75.44,74.94,0.5,2026-08-18 11:00,59.58,50.24,9.34,YES,,,,,,,15m logic removed,,,,,WATCH,👀 WATCH,"Weekly RSI 75.44 > 50, but Hourly RSI has not touched 30 (current 59.58)"
2026-08-18 11:19:47,NSE:ANANTRAJ,630.4,61.63,61.58,0.05,2026-08-18 11:00,61.4,54.63,6.76,YES,,,,,,,15m logic removed,,,,,WATCH,👀 WATCH,"Weekly RSI 61.63 > 50, but Hourly RSI has not touched 30 (current 61.40)"
2026-08-18 11:19:48,NSE:APARINDS,16687.0,71.46,71.5,-0.03,2026-08-18 11:00,46.97,42.37,4.6,YES,,,,,,,15m logic removed,,,,,WATCH,👀 WATCH,"Weekly RSI 71.46 > 50, but Hourly RSI has not touched 30 (current 46.97)"
2026-08-18 11:19:50,NSE:ASHOKLEY,175.42,55.85,54.11,1.74,2026-08-18 11:00,48.73,53.92,-5.19,NO,,,,,,,15m logic removed,,,,,WATCH,👀 WATCH,"Weekly RSI 55.85 > 50, but Hourly RSI has not touched 30 (current 48.73)"
2026-08-18 11:19:51,NSE:ASTERDM,818.0,59.85,60.6,-0.75,2026-08-18 11:00,34.99,36.57,-1.57,NO,,,,,,,15m logic removed,,,,,WATCH,👀 WATCH,"Weekly RSI 59.85 > 50, but Hourly RSI has not touched 30 (current 34.99)"
2026-08-18 11:19:52,NSE:ASTRAMICRO,1747.5,68.03,67.72,0.3,2026-08-18 11:00,59.51,42.97,16.54,YES,,,,,,,15m logic removed,,,,,WATCH,👀 WATCH,"Weekly RSI 68.03 > 50, but Hourly RSI has not touched 30 (current 59.51)"
2026-08-18 11:19:53,NSE:ATHERENERG,1465.3,76.26,80.74,-4.48,2026-08-18 11:00,30.4,35.93,-5.54,NO,,,,,,,15m logic removed,,,,,WATCH,👀 WATCH,"Weekly RSI 76.26 > 50, but Hourly RSI has not touched 30 (current 30.40)"
2026-08-18 11:19:54,NSE:AUROPHARMA,1636.4,68.0,67.08,0.92,2026-08-18 11:00,49.2,44.03,5.16,YES,,,,,,,15m logic removed,,,,,WATCH,👀 WATCH,"Weekly RSI 68.00 > 50, but Hourly RSI has not touched 30 (current 49.20)"
2026-08-18 11:19:55,NSE:BAJAJ-AUTO,11690.0,71.87,72.09,-0.22,2026-08-18 11:00,48.01,44.04,3.97,YES,,,,,,,15m logic removed,,,,,WATCH,👀 WATCH,"Weekly RSI 71.87 > 50, but Hourly RSI has not touched 30 (current 48.01)"
2026-08-18 11:19:56,NSE:BALRAMCHIN,662.45,74.66,70.01,4.65,2026-08-18 11:00,75.91,72.74,3.17,YES,,,,,,,15m logic removed,,,,,WATCH,👀 WATCH,"Weekly RSI 74.66 > 50, but Hourly RSI has not touched 30 (current 75.91)"
2026-08-18 11:19:58,NSE:BDL,1367.6,52.4,54.59,-2.18,2026-08-18 11:00,51.63,59.46,-7.83,NO,,,,,,,15m logic removed,,,,,WATCH,👀 WATCH,"Weekly RSI 52.40 > 50, but Hourly RSI has not touched 30 (current 51.63)"
2026-08-18 11:19:59,NSE:BEML,1936.0,58.95,55.85,3.1,2026-08-18 11:00,66.06,57.48,8.58,YES,,,,,,,15m logic removed,,,,,WATCH,👀 WATCH,"Weekly RSI 58.95 > 50, but Hourly RSI has not touched 30 (current 66.06)"
2026-08-18 11:20:00,NSE:BHARATFORG,2084.0,58.39,57.47,0.92,2026-08-18 11:00,48.04,52.12,-4.08,NO,,,,,,,15m logic removed,,,,,WATCH,👀 WATCH,"Weekly RSI 58.39 > 50, but Hourly RSI has not touched 30 (current 48.04)"
2026-08-18 11:20:01,NSE:BHEL,427.2,66.45,65.48,0.97,2026-08-18 11:00,55.59,70.96,-15.37,NO,,,,,,,15m logic removed,,,,,WATCH,👀 WATCH,"Weekly RSI 66.45 > 50, but Hourly RSI has not touched 30 (current 55.59)"
2026-08-18 11:20:02,NSE:BOSCHLTD,47820.0,74.03,72.96,1.08,2026-08-18 11:00,71.23,60.0,11.23,YES,,,,,,,15m logic removed,,,,,WATCH,👀 WATCH,"Weekly RSI 74.03 > 50, but Hourly RSI has not touched 30 (current 71.23)"
2026-08-18 11:20:04,NSE:BRIGADE,594.15,55.26,54.87,0.39,2026-08-18 11:00,53.32,50.54,2.78,YES,,,,,,,15m logic removed,,,,,WATCH,👀 WATCH,"Weekly RSI 55.26 > 50, but Hourly RSI has not touched 30 (current 53.32)"
2026-08-18 11:20:05,NSE:CAPLIPOINT,2541.2,67.52,65.36,2.16,2026-08-18 11:00,58.45,55.11,3.34,YES,,,,,,,15m logic removed,,,,,WATCH,👀 WATCH,"Weekly RSI 67.52 > 50, but Hourly RSI has not touched 30 (current 58.45)"
2026-08-18 11:20:06,NSE:CGPOWER,893.65,58.77,58.34,0.43,2026-08-18 11:00,57.9,67.68,-9.78,NO,,,,,,,15m logic removed,,,,,WATCH,👀 WATCH,"Weekly RSI 58.77 > 50, but Hourly RSI has not touched 30 (current 57.90)"
2026-08-18 11:20:07,NSE:CHENNPETRO,1436.9,74.95,69.87,5.08,2026-08-18 11:00,76.08,64.69,11.39,YES,,,,,,,15m logic removed,,,,,WATCH,👀 WATCH,"Weekly RSI 74.95 > 50, but Hourly RSI has not touched 30 (current 76.08)"
2026-08-18 11:20:09,NSE:COHANCE,452.35,50.72,48.61,2.11,2026-08-18 11:00,62.47,55.0,7.47,YES,,,,,,,15m logic removed,,,,,WATCH,👀 WATCH,"Weekly RSI 50.72 > 50, but Hourly RSI has not touched 30 (current 62.47)"
2026-08-18 11:20:10,NSE:CYIENTDLM,747.25,86.55,84.24,2.31,2026-08-18 11:00,72.31,69.29,3.03,YES,,,,,,,15m logic removed,,,,,WATCH,👀 WATCH,"Weekly RSI 86.55 > 50, but Hourly RSI has not touched 30 (current 72.31)"
2026-08-18 11:20:11,NSE:DATAPATTNS,4641.9,63.07,60.33,2.73,2026-08-18 11:00,71.33,58.21,13.11,YES,,,,,,,15m logic removed,,,,,WATCH,👀 WATCH,"Weekly RSI 63.07 > 50, but Hourly RSI has not touched 30 (current 71.33)"
2026-08-18 11:20:12,NSE:DIVISLAB,8591.0,84.21,83.43,0.78,2026-08-18 11:00,61.95,49.68,12.27,YES,,,,,,,15m logic removed,,,,,WATCH,👀 WATCH,"Weekly RSI 84.21 > 50, but Hourly RSI has not touched 30 (current 61.95)"
2026-08-18 11:20:13,NSE:DLF,671.5,56.89,55.85,1.05,2026-08-18 11:00,61.5,60.92,0.59,YES,,,,,,,15m logic removed,,,,,WATCH,👀 WATCH,"Weekly RSI 56.89 > 50, but Hourly RSI has not touched 30 (current 61.50)"
2026-08-18 11:20:14,NSE:DYNAMATECH,11350.0,57.57,56.53,1.04,2026-08-18 11:00,67.2,56.51,10.69,YES,,,,,,,15m logic removed,,,,,WATCH,👀 WATCH,"Weekly RSI 57.57 > 50, but Hourly RSI has not touched 30 (current 67.20)"
2026-08-18 11:20:16,NSE:EICHERMOT,8054.0,64.22,64.56,-0.35,2026-08-18 11:00,48.12,47.13,0.99,YES,,,,,,,15m logic removed,,,,,WATCH,👀 WATCH,"Weekly RSI 64.22 > 50, but Hourly RSI has not touched 30 (current 48.12)"
2026-08-18 11:20:17,NSE:ENRIN,3619.6,57.32,55.76,1.55,2026-08-18 11:00,63.32,62.01,1.31,YES,,,,,,,15m logic removed,,,,,WATCH,👀 WATCH,"Weekly RSI 57.32 > 50, but Hourly RSI has not touched 30 (current 63.32)"
2026-08-18 11:20:18,NSE:EXIDEIND,468.0,69.54,72.73,-3.19,2026-08-18 11:00,31.74,41.47,-9.73,NO,,,,,,,15m logic removed,,,,,WATCH,👀 WATCH,"Weekly RSI 69.54 > 50, but Hourly RSI has not touched 30 (current 31.74)"
2026-08-18 11:20:19,NSE:GLAND,2907.7,75.93,79.58,-3.65,2026-08-18 11:00,50.01,48.81,1.2,YES,,,,,,,15m logic removed,,,,,WATCH,👀 WATCH,"Weekly RSI 75.93 > 50, but Hourly RSI has not touched 30 (current 50.01)"
2026-08-18 11:20:21,NSE:GODREJPROP,2025.5,56.27,54.63,1.63,2026-08-18 11:00,51.79,62.29,-10.5,NO,,,,,,,15m logic removed,,,,,WATCH,👀 WATCH,"Weekly RSI 56.27 > 50, but Hourly RSI has not touched 30 (current 51.79)"
2026-08-18 11:20:22,NSE:GRANULES,857.2,66.21,66.44,-0.24,2026-08-18 11:00,49.23,53.96,-4.73,NO,,,,,,,15m logic removed,,,,,WATCH,👀 WATCH,"Weekly RSI 66.21 > 50, but Hourly RSI has not touched 30 (current 49.23)"
2026-08-18 11:20:23,NSE:HAL,5102.0,68.74,67.39,1.35,2026-08-18 11:00,70.19,63.95,6.24,YES,,,,,,,15m logic removed,,,,,WATCH,👀 WATCH,"Weekly RSI 68.74 > 50, but Hourly RSI has not touched 30 (current 70.19)"
2026-08-18 11:20:25,NSE:HEROMOTOCO,5725.5,61.87,63.8,-1.93,2026-08-18 11:00,38.19,40.81,-2.62,NO,,,,,,,15m logic removed,,,,,WATCH,👀 WATCH,"Weekly RSI 61.87 > 50, but Hourly RSI has not touched 30 (current 38.19)"
2026-08-18 11:20:26,NSE:HFCL,229.75,77.64,76.42,1.21,2026-08-18 11:00,64.66,43.81,20.85,YES,,,,,,,15m logic removed,,,,,WATCH,👀 WATCH,"Weekly RSI 77.64 > 50, but Hourly RSI has not touched 30 (current 64.66)"
2026-08-18 11:20:27,NSE:HONASA,474.65,68.79,79.49,-10.7,2026-08-18 11:00,40.54,45.33,-4.79,NO,,,,,,,15m logic removed,,,,,WATCH,👀 WATCH,"Weekly RSI 68.79 > 50, but Hourly RSI has not touched 30 (current 40.54)"
2026-08-18 11:20:28,NSE:HSCL,776.0,71.31,72.38,-1.07,2026-08-18 11:00,47.74,57.99,-10.24,NO,,,,,,,15m logic removed,,,,,WATCH,👀 WATCH,"Weekly RSI 71.31 > 50, but Hourly RSI has not touched 30 (current 47.74)"
2026-08-18 11:20:30,NSE:IFCI,80.42,61.49,58.71,2.78,2026-08-18 11:00,70.86,64.85,6.01,YES,,,,,,,15m logic removed,,,,,WATCH,👀 WATCH,"Weekly RSI 61.49 > 50, but Hourly RSI has not touched 30 (current 70.86)"
2026-08-18 11:20:31,NSE:INOXINDIA,1941.3,72.63,72.82,-0.18,2026-08-18 11:00,48.32,51.54,-3.23,NO,,,,,,,15m logic removed,,,,,WATCH,👀 WATCH,"Weekly RSI 72.63 > 50, but Hourly RSI has not touched 30 (current 48.32)"
2026-08-18 11:20:32,NSE:IPCALAB,1876.0,65.31,57.98,7.33,2026-08-18 11:00,68.91,68.79,0.12,YES,,,,,,,15m logic removed,,,,,WATCH,👀 WATCH,"Weekly RSI 65.31 > 50, but Hourly RSI has not touched 30 (current 68.91)"
2026-08-18 11:20:34,NSE:JINDALSAW,266.7,61.1,61.29,-0.18,2026-08-18 11:00,45.41,58.05,-12.63,NO,,,,,,,15m logic removed,,,,,WATCH,👀 WATCH,"Weekly RSI 61.10 > 50, but Hourly RSI has not touched 30 (current 45.41)"
2026-08-18 11:20:35,NSE:KIRLOSENG,2089.0,58.52,58.99,-0.47,2026-08-18 11:00,47.65,50.77,-3.12,NO,,,,,,,15m logic removed,,,,,WATCH,👀 WATCH,"Weekly RSI 58.52 > 50, but Hourly RSI has not touched 30 (current 47.65)"
2026-08-18 11:20:35,NSE:LALPATHLAB,1875.3,68.26,72.68,-4.42,2026-08-18 11:00,22.94,19.65,3.29,YES,,,,,,,15m logic removed,,,,,WATCH,👀 WATCH,Weekly RSI 68.26 > 50 + Hourly RSI touched 30 + 15m price confirmation failed (Close 1888.0 <= Previous High 1891.6)
2026-08-18 11:20:36,NSE:LAURUSLABS,1818.9,80.52,79.62,0.9,2026-08-18 11:00,51.39,46.24,5.15,YES,,,,,,,15m logic removed,,,,,WATCH,👀 WATCH,"Weekly RSI 80.52 > 50, but Hourly RSI has not touched 30 (current 51.39)"
2026-08-18 11:20:37,NSE:LLOYDSME,1923.2,63.57,63.36,0.2,2026-08-18 11:00,43.45,50.05,-6.6,NO,,,,,,,15m logic removed,,,,,WATCH,👀 WATCH,"Weekly RSI 63.57 > 50, but Hourly RSI has not touched 30 (current 43.45)"
2026-08-18 11:20:38,NSE:LODHA,1232.7,62.82,63.8,-0.98,2026-08-18 11:00,48.7,60.92,-12.21,NO,,,,,,,15m logic removed,,,,,WATCH,👀 WATCH,"Weekly RSI 62.82 > 50, but Hourly RSI has not touched 30 (current 48.70)"
2026-08-18 11:20:40,NSE:M&M,3421.3,57.32,57.66,-0.35,2026-08-18 11:00,51.04,39.7,11.34,YES,,,,,,,15m logic removed,,,,,WATCH,👀 WATCH,"Weekly RSI 57.32 > 50, but Hourly RSI has not touched 30 (current 51.04)"
2026-08-18 11:20:41,NSE:MAZDOCK,2576.8,54.59,54.76,-0.16,2026-08-18 11:00,55.69,52.67,3.02,YES,,,,,,,15m logic removed,,,,,WATCH,👀 WATCH,"Weekly RSI 54.59 > 50, but Hourly RSI has not touched 30 (current 55.69)"
2026-08-18 11:20:42,NSE:MIDHANI,431.95,58.78,55.61,3.17,2026-08-18 11:00,54.37,51.38,2.99,YES,,,,,,,15m logic removed,,,,,WATCH,👀 WATCH,"Weekly RSI 58.78 > 50, but Hourly RSI has not touched 30 (current 54.37)"
2026-08-18 11:20:43,NSE:MOTHERSON,169.95,74.78,74.11,0.67,2026-08-18 11:00,64.1,50.12,13.99,YES,,,,,,,15m logic removed,,,,,WATCH,👀 WATCH,"Weekly RSI 74.78 > 50, but Hourly RSI has not touched 30 (current 64.10)"
2026-08-18 11:20:44,NSE:MTARTECH,7177.0,61.13,60.33,0.8,2026-08-18 11:00,56.67,49.9,6.78,YES,,,,,,,15m logic removed,,,,,WATCH,👀 WATCH,"Weekly RSI 61.13 > 50, but Hourly RSI has not touched 30 (current 56.67)"
2026-08-18 11:20:45,NSE:NETWEB,5263.4,66.66,63.88,2.78,2026-08-18 11:00,69.76,66.61,3.15,YES,,,,,,,15m logic removed,,,,,WATCH,👀 WATCH,"Weekly RSI 66.66 > 50, but Hourly RSI has not touched 30 (current 69.76)"
2026-08-18 11:20:46,NSE:NEULANDLAB,23472.0,77.8,77.48,0.31,2026-08-18 11:00,59.28,67.9,-8.62,NO,,,,,,,15m logic removed,,,,,WATCH,👀 WATCH,"Weekly RSI 77.80 > 50, but Hourly RSI has not touched 30 (current 59.28)"
2026-08-18 11:20:47,NSE:OBEROIRLTY,1924.4,63.33,59.06,4.27,2026-08-18 11:00,71.09,74.06,-2.98,NO,,,,,,,15m logic removed,,,,,WATCH,👀 WATCH,"Weekly RSI 63.33 > 50, but Hourly RSI has not touched 30 (current 71.09)"
2026-08-18 11:20:48,NSE:PARAS,1489.5,73.24,69.95,3.29,2026-08-18 11:00,85.38,69.69,15.69,YES,,,,,,,15m logic removed,,,,,WATCH,👀 WATCH,"Weekly RSI 73.24 > 50, but Hourly RSI has not touched 30 (current 85.38)"
2026-08-18 11:20:49,NSE:PHOENIXLTD,1914.4,55.07,53.56,1.51,2026-08-18 11:00,54.83,62.59,-7.75,NO,,,,,,,15m logic removed,,,,,WATCH,👀 WATCH,"Weekly RSI 55.07 > 50, but Hourly RSI has not touched 30 (current 54.83)"
2026-08-18 11:20:50,NSE:POLYMED,1780.5,60.27,60.69,-0.42,2026-08-18 11:00,49.8,37.37,12.43,YES,,,,,,,15m logic removed,,,,,WATCH,👀 WATCH,"Weekly RSI 60.27 > 50, but Hourly RSI has not touched 30 (current 49.80)"
2026-08-18 11:20:51,NSE:POWERINDIA,35330.0,61.27,62.34,-1.07,2026-08-18 11:00,47.54,51.15,-3.61,NO,,,,,,,15m logic removed,,,,,WATCH,👀 WATCH,"Weekly RSI 61.27 > 50, but Hourly RSI has not touched 30 (current 47.54)"
2026-08-18 11:20:52,NSE:PRESTIGE,1607.0,56.31,55.42,0.89,2026-08-18 11:00,57.11,50.69,6.43,YES,,,,,,,15m logic removed,,,,,WATCH,👀 WATCH,"Weekly RSI 56.31 > 50, but Hourly RSI has not touched 30 (current 57.11)"
2026-08-18 11:20:53,NSE:RADICO,4670.9,86.85,86.65,0.2,2026-08-18 11:00,62.74,70.69,-7.95,NO,,,,,,,15m logic removed,,,,,WATCH,👀 WATCH,"Weekly RSI 86.85 > 50, but Hourly RSI has not touched 30 (current 62.74)"
2026-08-18 11:20:54,NSE:RKFORGE,754.4,74.19,72.41,1.78,2026-08-18 11:00,66.43,65.72,0.71,YES,,,,,,,15m logic removed,,,,,WATCH,👀 WATCH,"Weekly RSI 74.19 > 50, but Hourly RSI has not touched 30 (current 66.43)"
2026-08-18 11:20:55,NSE:RRKABEL,2811.3,77.75,77.31,0.43,2026-08-18 11:00,59.65,44.81,14.84,YES,,,,,,,15m logic removed,,,,,WATCH,👀 WATCH,"Weekly RSI 77.75 > 50, but Hourly RSI has not touched 30 (current 59.65)"
2026-08-18 11:20:56,NSE:SAILIFE,1443.5,79.18,80.21,-1.04,2026-08-18 11:00,53.36,37.28,16.08,YES,,,,,,,15m logic removed,,,,,WATCH,👀 WATCH,"Weekly RSI 79.18 > 50, but Hourly RSI has not touched 30 (current 53.36)"
2026-08-18 11:20:57,NSE:SAREGAMA,515.1,68.87,73.51,-4.64,2026-08-18 11:00,41.38,45.51,-4.12,NO,,,,,,,15m logic removed,,,,,WATCH,👀 WATCH,"Weekly RSI 68.87 > 50, but Hourly RSI has not touched 30 (current 41.38)"
2026-08-18 11:20:58,NSE:SIGNATURE,803.45,45.28,45.82,-0.54,2026-08-18 11:00,45.2,41.59,3.61,YES,,,,,,,15m logic removed,,,,,IGNORE,❌ IGNORE,Weekly RSI 45.28 <= 50
2026-08-18 11:20:59,NSE:SOBHA,1322.9,43.78,44.17,-0.39,2026-08-18 11:00,45.05,44.16,0.89,YES,,,,,,,15m logic removed,,,,,IGNORE,❌ IGNORE,Weekly RSI 43.78 <= 50
2026-08-18 11:21:00,NSE:SOLARINDS,20105.0,71.83,71.31,0.52,2026-08-18 11:00,63.68,61.19,2.48,YES,,,,,,,15m logic removed,,,,,WATCH,👀 WATCH,"Weekly RSI 71.83 > 50, but Hourly RSI has not touched 30 (current 63.68)"
2026-08-18 11:21:01,NSE:SONACOMS,812.85,77.85,76.36,1.49,2026-08-18 11:00,62.26,54.21,8.05,YES,,,,,,,15m logic removed,,,,,WATCH,👀 WATCH,"Weekly RSI 77.85 > 50, but Hourly RSI has not touched 30 (current 62.26)"
2026-08-18 11:21:02,NSE:SYRMA,1497.4,70.56,69.38,1.18,2026-08-18 11:00,59.42,50.95,8.47,YES,,,,,,,15m logic removed,,,,,WATCH,👀 WATCH,"Weekly RSI 70.56 > 50, but Hourly RSI has not touched 30 (current 59.42)"
2026-08-18 11:21:03,NSE:TORNTPHARM,4977.5,64.39,61.07,3.32,2026-08-18 11:00,64.25,53.64,10.61,YES,,,,,,,15m logic removed,,,,,WATCH,👀 WATCH,"Weekly RSI 64.39 > 50, but Hourly RSI has not touched 30 (current 64.25)"
2026-08-18 11:21:04,NSE:TVSMOTOR,4377.4,68.51,67.22,1.28,2026-08-18 11:00,54.86,57.39,-2.52,NO,,,,,,,15m logic removed,,,,,WATCH,👀 WATCH,"Weekly RSI 68.51 > 50, but Hourly RSI has not touched 30 (current 54.86)"
2026-08-18 11:21:06,NSE:UNIMECH,1502.1,74.06,76.02,-1.96,2026-08-18 11:00,57.84,60.47,-2.62,NO,,,,,,,15m logic removed,,,,,WATCH,👀 WATCH,"Weekly RSI 74.06 > 50, but Hourly RSI has not touched 30 (current 57.84)"
2026-08-18 11:21:07,NSE:UNOMINDA,1271.3,60.89,58.5,2.39,2026-08-18 11:00,65.51,64.62,0.89,YES,,,,,,,15m logic removed,,,,,WATCH,👀 WATCH,"Weekly RSI 60.89 > 50, but Hourly RSI has not touched 30 (current 65.51)"
2026-08-18 11:21:08,NSE:VIJAYA,1508.9,71.22,69.58,1.64,2026-08-18 11:00,62.68,63.24,-0.56,NO,,,,,,,15m logic removed,,,,,WATCH,👀 WATCH,"Weekly RSI 71.22 > 50, but Hourly RSI has not touched 30 (current 62.68)"
2026-08-18 11:21:09,NSE:WELCORP,1899.8,88.89,88.47,0.42,2026-08-18 11:00,66.88,59.84,7.05,YES,,,,,,,15m logic removed,,,,,WATCH,👀 WATCH,"Weekly RSI 88.89 > 50, but Hourly RSI has not touched 30 (current 66.88)"
2026-08-18 11:21:10,NSE:WOCKPHARMA,1869.5,57.11,60.66,-3.55,2026-08-18 11:00,34.49,42.6,-8.12,NO,,,,,,,15m logic removed,,,,,WATCH,👀 WATCH,"Weekly RSI 57.11 > 50, but Hourly RSI has not touched 30 (current 34.49)"
2026-08-18 11:21:11,NSE:ZENTEC,1960.1,62.45,58.95,3.5,2026-08-18 11:00,80.94,63.11,17.83,YES,,,,,,,15m logic removed,,,,,WATCH,👀 WATCH,"Weekly RSI 62.45 > 50, but Hourly RSI has not touched 30 (current 80.94)"
2026-08-18 11:21:12,NSE:ZYDUSLIFE,1136.9,65.57,65.38,0.19,2026-08-18 11:00,42.28,38.01,4.27,YES,,,,,,,15m logic removed,,,,,WATCH,👀 WATCH,"Weekly RSI 65.57 > 50, but Hourly RSI has not touched 30 (current 42.28)"
2026-08-18 11:34:29,NSE:LGEINDIA,1661.3,55.63,60.65,-5.03,2026-08-18 11:00,54.66,55.5,-0.84,NO,,,,,,,15m logic removed,,,,,WATCH,👀 WATCH,"Weekly RSI 55.63 > 50, but Hourly RSI has not touched 30 (current 54.66)"
2026-08-18 11:34:31,NSE:ASTRAL,1525.0,52.17,54.81,-2.64,2026-08-18 11:00,46.5,54.86,-8.36,NO,,,,,,,15m logic removed,,,,,WATCH,👀 WATCH,"Weekly RSI 52.17 > 50, but Hourly RSI has not touched 30 (current 46.50)"
2026-08-18 11:34:32,NSE:FINCABLES,1317.3,68.79,65.92,2.87,2026-08-18 11:00,73.01,73.98,-0.97,NO,,,,,,,15m logic removed,,,,,WATCH,👀 WATCH,"Weekly RSI 68.79 > 50, but Hourly RSI has not touched 30 (current 73.01)"
2026-08-18 11:34:33,NSE:GODREJAGRO,589.45,52.18,50.07,2.11,2026-08-18 11:00,68.02,74.36,-6.34,NO,,,,,,,15m logic removed,,,,,WATCH,👀 WATCH,"Weekly RSI 52.18 > 50, but Hourly RSI has not touched 30 (current 68.02)"
2026-08-18 11:34:35,NSE:HAPPSTMNDS,418.85,57.07,57.5,-0.42,2026-08-18 11:00,56.73,66.54,-9.81,NO,,,,,,,15m logic removed,,,,,WATCH,👀 WATCH,"Weekly RSI 57.07 > 50, but Hourly RSI has not touched 30 (current 56.73)"
2026-08-18 11:34:36,NSE:NAZARA,355.4,72.48,72.74,-0.27,2026-08-18 11:00,53.75,36.05,17.7,YES,,,,,,,15m logic removed,,,,,WATCH,👀 WATCH,"Weekly RSI 72.48 > 50, but Hourly RSI has not touched 30 (current 53.75)"
2026-08-18 11:34:37,NSE:OFSS,11802.0,67.69,68.0,-0.31,2026-08-18 11:00,56.23,55.31,0.93,YES,,,,,,,15m logic removed,,,,,WATCH,👀 WATCH,"Weekly RSI 67.69 > 50, but Hourly RSI has not touched 30 (current 56.23)"
2026-08-18 11:34:39,NSE:REDINGTON,327.75,63.15,64.98,-1.83,2026-08-18 11:00,28.57,36.71,-8.14,NO,,,,,,,15m logic removed,,,,,WATCH,👀 WATCH,Weekly RSI 63.15 > 50 + Hourly RSI touched 30 + 15m price confirmation failed (Close 327.45 <= Previous High 329.4)
2026-08-18 11:34:40,NSE:AARTIIND,527.5,64.22,66.18,-1.97,2026-08-18 11:00,51.99,49.76,2.23,YES,,,,,,,15m logic removed,,,,,WATCH,👀 WATCH,"Weekly RSI 64.22 > 50, but Hourly RSI has not touched 30 (current 51.99)"
2026-08-18 11:34:42,NSE:ABB,7605.0,62.52,63.4,-0.88,2026-08-18 11:00,39.14,46.3,-7.17,NO,,,,,,,15m logic removed,,,,,WATCH,👀 WATCH,"Weekly RSI 62.52 > 50, but Hourly RSI has not touched 30 (current 39.14)"
2026-08-18 11:34:43,NSE:ACMESOLAR,363.95,61.96,65.76,-3.79,2026-08-18 11:00,34.93,36.88,-1.94,NO,,,,,,,15m logic removed,,,,,WATCH,👀 WATCH,"Weekly RSI 61.96 > 50, but Hourly RSI has not touched 30 (current 34.93)"
2026-08-18 11:34:45,NSE:ADANIENSOL,1599.3,64.49,66.1,-1.6,2026-08-18 11:00,49.12,42.84,6.29,YES,,,,,,,15m logic removed,,,,,WATCH,👀 WATCH,"Weekly RSI 64.49 > 50, but Hourly RSI has not touched 30 (current 49.12)"
2026-08-18 11:34:46,NSE:AEGISLOG,1349.8,69.79,66.7,3.09,2026-08-18 11:00,73.96,53.03,20.93,YES,,,,,,,15m logic removed,,,,,WATCH,👀 WATCH,"Weekly RSI 69.79 > 50, but Hourly RSI has not touched 30 (current 73.96)"
2026-08-18 11:34:47,NSE:AJANTPHARM,3719.0,75.38,74.36,1.03,2026-08-18 11:00,76.09,78.51,-2.41,NO,,,,,,,15m logic removed,,,,,WATCH,👀 WATCH,"Weekly RSI 75.38 > 50, but Hourly RSI has not touched 30 (current 76.09)"
2026-08-18 11:34:49,NSE:AKUMS,750.3,72.76,70.82,1.94,2026-08-18 11:00,58.5,53.28,5.22,YES,,,,,,,15m logic removed,,,,,WATCH,👀 WATCH,"Weekly RSI 72.76 > 50, but Hourly RSI has not touched 30 (current 58.50)"
2026-08-18 11:34:50,NSE:ALIVUS,1387.8,78.46,78.41,0.05,2026-08-18 11:00,54.55,59.17,-4.61,NO,,,,,,,15m logic removed,,,,,WATCH,👀 WATCH,"Weekly RSI 78.46 > 50, but Hourly RSI has not touched 30 (current 54.55)"
2026-08-18 11:34:51,NSE:ANANDRATHI,2183.9,75.28,74.94,0.34,2026-08-18 11:00,57.22,50.24,6.97,YES,,,,,,,15m logic removed,,,,,WATCH,👀 WATCH,"Weekly RSI 75.28 > 50, but Hourly RSI has not touched 30 (current 57.22)"
2026-08-18 11:34:53,NSE:ANANTRAJ,627.45,61.11,61.58,-0.47,2026-08-18 11:00,58.11,54.63,3.47,YES,,,,,,,15m logic removed,,,,,WATCH,👀 WATCH,"Weekly RSI 61.11 > 50, but Hourly RSI has not touched 30 (current 58.11)"
2026-08-18 11:34:54,NSE:APARINDS,16734.0,71.64,71.5,0.15,2026-08-18 11:00,48.61,42.37,6.24,YES,,,,,,,15m logic removed,,,,,WATCH,👀 WATCH,"Weekly RSI 71.64 > 50, but Hourly RSI has not touched 30 (current 48.61)"
2026-08-18 11:34:55,NSE:ASHOKLEY,175.68,55.96,54.11,1.85,2026-08-18 11:00,49.46,53.92,-4.46,NO,,,,,,,15m logic removed,,,,,WATCH,👀 WATCH,"Weekly RSI 55.96 > 50, but Hourly RSI has not touched 30 (current 49.46)"
2026-08-18 11:34:57,NSE:ASTERDM,817.9,59.83,60.6,-0.76,2026-08-18 11:00,34.9,36.57,-1.67,NO,,,,,,,15m logic removed,,,,,WATCH,👀 WATCH,"Weekly RSI 59.83 > 50, but Hourly RSI has not touched 30 (current 34.90)"
2026-08-18 11:34:58,NSE:ASTRAMICRO,1745.8,67.96,67.72,0.24,2026-08-18 11:00,59.04,42.97,16.06,YES,,,,,,,15m logic removed,,,,,WATCH,👀 WATCH,"Weekly RSI 67.96 > 50, but Hourly RSI has not touched 30 (current 59.04)"
2026-08-18 11:34:59,NSE:ATHERENERG,1460.6,75.83,80.74,-4.91,2026-08-18 11:00,29.13,35.93,-6.8,NO,,,,,,,15m logic removed,,,,,WATCH,👀 WATCH,Weekly RSI 75.83 > 50 + Hourly RSI touched 30 + 15m price confirmation failed (Close 1465.8 <= Previous High 1471.0)
2026-08-18 11:35:01,NSE:AUROPHARMA,1638.8,68.15,67.08,1.07,2026-08-18 11:00,50.39,44.03,6.36,YES,,,,,,,15m logic removed,,,,,WATCH,👀 WATCH,"Weekly RSI 68.15 > 50, but Hourly RSI has not touched 30 (current 50.39)"
2026-08-18 11:35:02,NSE:BAJAJ-AUTO,11690.0,71.87,72.09,-0.22,2026-08-18 11:00,48.01,44.04,3.97,YES,,,,,,,15m logic removed,,,,,WATCH,👀 WATCH,"Weekly RSI 71.87 > 50, but Hourly RSI has not touched 30 (current 48.01)"
2026-08-18 11:35:03,NSE:BALRAMCHIN,662.7,74.69,70.01,4.68,2026-08-18 11:00,76.02,72.74,3.28,YES,,,,,,,15m logic removed,,,,,WATCH,👀 WATCH,"Weekly RSI 74.69 > 50, but Hourly RSI has not touched 30 (current 76.02)"
2026-08-18 11:35:05,NSE:BDL,1359.1,51.83,54.59,-2.76,2026-08-18 11:00,47.36,59.46,-12.1,NO,,,,,,,15m logic removed,,,,,WATCH,👀 WATCH,"Weekly RSI 51.83 > 50, but Hourly RSI has not touched 30 (current 47.36)"
2026-08-18 11:35:06,NSE:BEML,1938.7,59.07,55.85,3.22,2026-08-18 11:00,66.74,57.48,9.26,YES,,,,,,,15m logic removed,,,,,WATCH,👀 WATCH,"Weekly RSI 59.07 > 50, but Hourly RSI has not touched 30 (current 66.74)"
2026-08-18 11:35:07,NSE:BHARATFORG,2085.5,58.46,57.47,0.99,2026-08-18 11:00,48.67,52.12,-3.45,NO,,,,,,,15m logic removed,,,,,WATCH,👀 WATCH,"Weekly RSI 58.46 > 50, but Hourly RSI has not touched 30 (current 48.67)"
2026-08-18 11:35:09,NSE:BHEL,426.25,66.29,65.48,0.81,2026-08-18 11:00,54.31,70.96,-16.64,NO,,,,,,,15m logic removed,,,,,WATCH,👀 WATCH,"Weekly RSI 66.29 > 50, but Hourly RSI has not touched 30 (current 54.31)"
2026-08-18 11:35:10,NSE:BOSCHLTD,47845.0,74.07,72.96,1.11,2026-08-18 11:00,71.47,60.0,11.46,YES,,,,,,,15m logic removed,,,,,WATCH,👀 WATCH,"Weekly RSI 74.07 > 50, but Hourly RSI has not touched 30 (current 71.47)"
2026-08-18 11:35:11,NSE:BRIGADE,593.5,55.16,54.87,0.3,2026-08-18 11:00,52.49,50.54,1.95,YES,,,,,,,15m logic removed,,,,,WATCH,👀 WATCH,"Weekly RSI 55.16 > 50, but Hourly RSI has not touched 30 (current 52.49)"
2026-08-18 11:35:13,NSE:CAPLIPOINT,2538.2,67.42,65.36,2.06,2026-08-18 11:00,57.87,55.11,2.76,YES,,,,,,,15m logic removed,,,,,WATCH,👀 WATCH,"Weekly RSI 67.42 > 50, but Hourly RSI has not touched 30 (current 57.87)"
2026-08-18 11:35:14,NSE:CGPOWER,894.85,58.91,58.34,0.57,2026-08-18 11:00,59.92,67.68,-7.76,NO,,,,,,,15m logic removed,,,,,WATCH,👀 WATCH,"Weekly RSI 58.91 > 50, but Hourly RSI has not touched 30 (current 59.92)"
2026-08-18 11:35:16,NSE:CHENNPETRO,1427.0,74.58,69.87,4.71,2026-08-18 11:00,74.6,64.69,9.91,YES,,,,,,,15m logic removed,,,,,WATCH,👀 WATCH,"Weekly RSI 74.58 > 50, but Hourly RSI has not touched 30 (current 74.60)"
2026-08-18 11:35:17,NSE:COHANCE,453.1,50.85,48.61,2.24,2026-08-18 11:00,63.32,55.0,8.32,YES,,,,,,,15m logic removed,,,,,WATCH,👀 WATCH,"Weekly RSI 50.85 > 50, but Hourly RSI has not touched 30 (current 63.32)"
2026-08-18 11:35:18,NSE:CYIENTDLM,746.2,86.51,84.24,2.27,2026-08-18 11:00,71.91,69.29,2.62,YES,,,,,,,15m logic removed,,,,,WATCH,👀 WATCH,"Weekly RSI 86.51 > 50, but Hourly RSI has not touched 30 (current 71.91)"
2026-08-18 11:35:20,NSE:DATAPATTNS,4626.5,62.85,60.33,2.52,2026-08-18 11:00,69.97,58.21,11.75,YES,,,,,,,15m logic removed,,,,,WATCH,👀 WATCH,"Weekly RSI 62.85 > 50, but Hourly RSI has not touched 30 (current 69.97)"
2026-08-18 11:35:21,NSE:DIVISLAB,8592.0,84.21,83.43,0.79,2026-08-18 11:00,62.03,49.68,12.35,YES,,,,,,,15m logic removed,,,,,WATCH,👀 WATCH,"Weekly RSI 84.21 > 50, but Hourly RSI has not touched 30 (current 62.03)"
2026-08-18 11:35:22,NSE:DLF,669.5,56.58,55.85,0.73,2026-08-18 11:00,58.26,60.92,-2.66,NO,,,,,,,15m logic removed,,,,,WATCH,👀 WATCH,"Weekly RSI 56.58 > 50, but Hourly RSI has not touched 30 (current 58.26)"
2026-08-18 11:35:24,NSE:DYNAMATECH,11380.0,57.76,56.53,1.23,2026-08-18 11:00,68.24,56.51,11.72,YES,,,,,,,15m logic removed,,,,,WATCH,👀 WATCH,"Weekly RSI 57.76 > 50, but Hourly RSI has not touched 30 (current 68.24)"
2026-08-18 11:35:25,NSE:EICHERMOT,8068.0,64.58,64.56,0.02,2026-08-18 11:00,51.29,47.13,4.16,YES,,,,,,,15m logic removed,,,,,WATCH,👀 WATCH,"Weekly RSI 64.58 > 50, but Hourly RSI has not touched 30 (current 51.29)"
2026-08-18 11:35:27,NSE:ENRIN,3614.5,57.22,55.76,1.46,2026-08-18 11:00,62.47,62.01,0.47,YES,,,,,,,15m logic removed,,,,,WATCH,👀 WATCH,"Weekly RSI 57.22 > 50, but Hourly RSI has not touched 30 (current 62.47)"
2026-08-18 11:35:28,NSE:EXIDEIND,466.8,69.09,72.73,-3.63,2026-08-18 11:00,30.51,41.47,-10.96,NO,,,,,,,15m logic removed,,,,,WATCH,👀 WATCH,"Weekly RSI 69.09 > 50, but Hourly RSI has not touched 30 (current 30.51)"
2026-08-18 11:35:29,NSE:GLAND,2906.0,75.84,79.58,-3.74,2026-08-18 11:00,49.66,48.81,0.85,YES,,,,,,,15m logic removed,,,,,WATCH,👀 WATCH,"Weekly RSI 75.84 > 50, but Hourly RSI has not touched 30 (current 49.66)"
2026-08-18 11:35:31,NSE:GODREJPROP,2016.0,55.84,54.63,1.21,2026-08-18 11:00,49.03,62.29,-13.25,NO,,,,,,,15m logic removed,,,,,WATCH,👀 WATCH,"Weekly RSI 55.84 > 50, but Hourly RSI has not touched 30 (current 49.03)"
2026-08-18 11:35:32,NSE:GRANULES,854.75,65.73,66.44,-0.71,2026-08-18 11:00,45.94,53.96,-8.01,NO,,,,,,,15m logic removed,,,,,WATCH,👀 WATCH,"Weekly RSI 65.73 > 50, but Hourly RSI has not touched 30 (current 45.94)"
2026-08-18 11:35:33,NSE:HAL,5094.1,68.6,67.39,1.21,2026-08-18 11:00,69.21,63.95,5.26,YES,,,,,,,15m logic removed,,,,,WATCH,👀 WATCH,"Weekly RSI 68.60 > 50, but Hourly RSI has not touched 30 (current 69.21)"
2026-08-18 11:35:34,NSE:HEROMOTOCO,5715.5,61.58,63.8,-2.22,2026-08-18 11:00,36.97,40.81,-3.84,NO,,,,,,,15m logic removed,,,,,WATCH,👀 WATCH,"Weekly RSI 61.58 > 50, but Hourly RSI has not touched 30 (current 36.97)"
2026-08-18 11:35:36,NSE:HFCL,229.8,77.64,76.42,1.22,2026-08-18 11:00,64.72,43.81,20.91,YES,,,,,,,15m logic removed,,,,,WATCH,👀 WATCH,"Weekly RSI 77.64 > 50, but Hourly RSI has not touched 30 (current 64.72)"
2026-08-18 11:35:38,NSE:HONASA,477.1,69.61,79.49,-9.89,2026-08-18 11:00,42.6,45.33,-2.73,NO,,,,,,,15m logic removed,,,,,WATCH,👀 WATCH,"Weekly RSI 69.61 > 50, but Hourly RSI has not touched 30 (current 42.60)"
2026-08-18 11:35:39,NSE:HSCL,775.4,71.19,72.38,-1.2,2026-08-18 11:00,47.12,57.99,-10.87,NO,,,,,,,15m logic removed,,,,,WATCH,👀 WATCH,"Weekly RSI 71.19 > 50, but Hourly RSI has not touched 30 (current 47.12)"
2026-08-18 11:35:41,NSE:IFCI,80.21,61.33,58.71,2.62,2026-08-18 11:00,70.12,64.85,5.27,YES,,,,,,,15m logic removed,,,,,WATCH,👀 WATCH,"Weekly RSI 61.33 > 50, but Hourly RSI has not touched 30 (current 70.12)"
2026-08-18 11:35:42,NSE:INOXINDIA,1946.8,72.97,72.82,0.15,2026-08-18 11:00,51.42,51.54,-0.12,NO,,,,,,,15m logic removed,,,,,WATCH,👀 WATCH,"Weekly RSI 72.97 > 50, but Hourly RSI has not touched 30 (current 51.42)"
2026-08-18 11:35:43,NSE:IPCALAB,1878.3,65.41,57.98,7.43,2026-08-18 11:00,69.26,68.79,0.47,YES,,,,,,,15m logic removed,,,,,WATCH,👀 WATCH,"Weekly RSI 65.41 > 50, but Hourly RSI has not touched 30 (current 69.26)"
2026-08-18 11:35:45,NSE:JINDALSAW,266.9,61.19,61.29,-0.09,2026-08-18 11:00,45.92,58.05,-12.12,NO,,,,,,,15m logic removed,,,,,WATCH,👀 WATCH,"Weekly RSI 61.19 > 50, but Hourly RSI has not touched 30 (current 45.92)"
2026-08-18 11:35:47,NSE:KIRLOSENG,2091.2,58.61,58.99,-0.38,2026-08-18 11:00,48.38,50.77,-2.39,NO,,,,,,,15m logic removed,,,,,WATCH,👀 WATCH,"Weekly RSI 58.61 > 50, but Hourly RSI has not touched 30 (current 48.38)"
2026-08-18 11:35:48,NSE:LALPATHLAB,1903.4,71.23,72.68,-1.45,2026-08-18 11:00,42.88,19.65,23.23,YES,,,,,,,15m logic removed,,,,,WATCH,👀 WATCH,Weekly RSI 71.23 > 50 + Hourly RSI touched 30 + 15m price confirmation failed (Close 1886.5 <= Previous High 1892.6)
2026-08-18 11:35:50,NSE:LAURUSLABS,1823.3,80.64,79.62,1.02,2026-08-18 11:00,53.52,46.24,7.28,YES,,,,,,,15m logic removed,,,,,WATCH,👀 WATCH,"Weekly RSI 80.64 > 50, but Hourly RSI has not touched 30 (current 53.52)"
2026-08-18 11:35:51,NSE:LLOYDSME,1926.9,63.73,63.36,0.36,2026-08-18 11:00,45.04,50.05,-5.0,NO,,,,,,,15m logic removed,,,,,WATCH,👀 WATCH,"Weekly RSI 63.73 > 50, but Hourly RSI has not touched 30 (current 45.04)"
2026-08-18 11:35:53,NSE:LODHA,1225.8,62.23,63.8,-1.57,2026-08-18 11:00,45.73,60.92,-15.18,NO,,,,,,,15m logic removed,,,,,WATCH,👀 WATCH,"Weekly RSI 62.23 > 50, but Hourly RSI has not touched 30 (current 45.73)"
2026-08-18 11:35:54,NSE:M&M,3428.8,57.68,57.66,0.02,2026-08-18 11:00,53.18,39.7,13.47,YES,,,,,,,15m logic removed,,,,,WATCH,👀 WATCH,"Weekly RSI 57.68 > 50, but Hourly RSI has not touched 30 (current 53.18)"
2026-08-18 11:35:55,NSE:MAZDOCK,2573.0,54.4,54.76,-0.35,2026-08-18 11:00,54.12,52.67,1.45,YES,,,,,,,15m logic removed,,,,,WATCH,👀 WATCH,"Weekly RSI 54.40 > 50, but Hourly RSI has not touched 30 (current 54.12)"
2026-08-18 11:35:57,NSE:MIDHANI,430.85,58.56,55.61,2.95,2026-08-18 11:00,53.56,51.38,2.19,YES,,,,,,,15m logic removed,,,,,WATCH,👀 WATCH,"Weekly RSI 58.56 > 50, but Hourly RSI has not touched 30 (current 53.56)"
2026-08-18 11:35:58,NSE:MOTHERSON,169.63,74.66,74.11,0.54,2026-08-18 11:00,62.32,50.12,12.2,YES,,,,,,,15m logic removed,,,,,WATCH,👀 WATCH,"Weekly RSI 74.66 > 50, but Hourly RSI has not touched 30 (current 62.32)"
2026-08-18 11:35:59,NSE:MTARTECH,7173.0,61.1,60.33,0.77,2026-08-18 11:00,56.44,49.9,6.54,YES,,,,,,,15m logic removed,,,,,WATCH,👀 WATCH,"Weekly RSI 61.10 > 50, but Hourly RSI has not touched 30 (current 56.44)"
2026-08-18 11:36:01,NSE:NETWEB,5321.6,67.23,63.88,3.35,2026-08-18 11:00,73.09,66.61,6.49,YES,,,,,,,15m logic removed,,,,,WATCH,👀 WATCH,"Weekly RSI 67.23 > 50, but Hourly RSI has not touched 30 (current 73.09)"
2026-08-18 11:36:02,NSE:NEULANDLAB,23490.0,77.84,77.48,0.35,2026-08-18 11:00,60.05,67.9,-7.85,NO,,,,,,,15m logic removed,,,,,WATCH,👀 WATCH,"Weekly RSI 77.84 > 50, but Hourly RSI has not touched 30 (current 60.05)"
2026-08-18 11:36:03,NSE:OBEROIRLTY,1908.4,62.53,59.06,3.47,2026-08-18 11:00,64.78,74.06,-9.28,NO,,,,,,,15m logic removed,,,,,WATCH,👀 WATCH,"Weekly RSI 62.53 > 50, but Hourly RSI has not touched 30 (current 64.78)"
2026-08-18 11:36:05,NSE:PARAS,1479.0,72.96,69.95,3.01,2026-08-18 11:00,84.56,69.69,14.87,YES,,,,,,,15m logic removed,,,,,WATCH,👀 WATCH,"Weekly RSI 72.96 > 50, but Hourly RSI has not touched 30 (current 84.56)"
2026-08-18 11:36:06,NSE:PHOENIXLTD,1911.0,54.87,53.56,1.31,2026-08-18 11:00,53.37,62.59,-9.21,NO,,,,,,,15m logic removed,,,,,WATCH,👀 WATCH,"Weekly RSI 54.87 > 50, but Hourly RSI has not touched 30 (current 53.37)"
2026-08-18 11:36:07,NSE:POLYMED,1783.5,60.49,60.69,-0.2,2026-08-18 11:00,50.54,37.37,13.18,YES,,,,,,,15m logic removed,,,,,WATCH,👀 WATCH,"Weekly RSI 60.49 > 50, but Hourly RSI has not touched 30 (current 50.54)"
2026-08-18 11:36:09,NSE:POWERINDIA,35305.0,61.2,62.34,-1.14,2026-08-18 11:00,46.85,51.15,-4.3,NO,,,,,,,15m logic removed,,,,,WATCH,👀 WATCH,"Weekly RSI 61.20 > 50, but Hourly RSI has not touched 30 (current 46.85)"
2026-08-18 11:36:10,NSE:PRESTIGE,1602.1,56.02,55.42,0.6,2026-08-18 11:00,55.22,50.69,4.53,YES,,,,,,,15m logic removed,,,,,WATCH,👀 WATCH,"Weekly RSI 56.02 > 50, but Hourly RSI has not touched 30 (current 55.22)"
2026-08-18 11:36:11,NSE:RADICO,4668.8,86.83,86.65,0.18,2026-08-18 11:00,62.09,70.69,-8.6,NO,,,,,,,15m logic removed,,,,,WATCH,👀 WATCH,"Weekly RSI 86.83 > 50, but Hourly RSI has not touched 30 (current 62.09)"
2026-08-18 11:36:13,NSE:RKFORGE,752.1,74.01,72.41,1.61,2026-08-18 11:00,63.44,65.72,-2.28,NO,,,,,,,15m logic removed,,,,,WATCH,👀 WATCH,"Weekly RSI 74.01 > 50, but Hourly RSI has not touched 30 (current 63.44)"
2026-08-18 11:36:14,NSE:RRKABEL,2815.5,77.81,77.31,0.5,2026-08-18 11:00,60.47,44.81,15.66,YES,,,,,,,15m logic removed,,,,,WATCH,👀 WATCH,"Weekly RSI 77.81 > 50, but Hourly RSI has not touched 30 (current 60.47)"
2026-08-18 11:36:15,NSE:SAILIFE,1444.8,79.39,80.21,-0.83,2026-08-18 11:00,54.01,37.28,16.73,YES,,,,,,,15m logic removed,,,,,WATCH,👀 WATCH,"Weekly RSI 79.39 > 50, but Hourly RSI has not touched 30 (current 54.01)"
2026-08-18 11:36:17,NSE:SAREGAMA,515.2,68.9,73.51,-4.6,2026-08-18 11:00,41.46,45.51,-4.05,NO,,,,,,,15m logic removed,,,,,WATCH,👀 WATCH,"Weekly RSI 68.90 > 50, but Hourly RSI has not touched 30 (current 41.46)"
2026-08-18 11:36:18,NSE:SIGNATURE,802.9,45.23,45.82,-0.6,2026-08-18 11:00,44.36,41.59,2.77,YES,,,,,,,15m logic removed,,,,,IGNORE,❌ IGNORE,Weekly RSI 45.23 <= 50
2026-08-18 11:36:20,NSE:SOBHA,1318.7,43.47,44.17,-0.7,2026-08-18 11:00,41.68,44.16,-2.48,NO,,,,,,,15m logic removed,,,,,IGNORE,❌ IGNORE,Weekly RSI 43.47 <= 50
2026-08-18 11:36:21,NSE:SOLARINDS,20059.0,71.66,71.31,0.34,2026-08-18 11:00,62.63,61.19,1.44,YES,,,,,,,15m logic removed,,,,,WATCH,👀 WATCH,"Weekly RSI 71.66 > 50, but Hourly RSI has not touched 30 (current 62.63)"
2026-08-18 11:36:23,NSE:SONACOMS,816.0,78.06,76.36,1.7,2026-08-18 11:00,64.77,54.21,10.57,YES,,,,,,,15m logic removed,,,,,WATCH,👀 WATCH,"Weekly RSI 78.06 > 50, but Hourly RSI has not touched 30 (current 64.77)"
2026-08-18 11:36:24,NSE:SYRMA,1501.4,70.7,69.38,1.32,2026-08-18 11:00,60.49,50.95,9.54,YES,,,,,,,15m logic removed,,,,,WATCH,👀 WATCH,"Weekly RSI 70.70 > 50, but Hourly RSI has not touched 30 (current 60.49)"
2026-08-18 11:36:26,NSE:TORNTPHARM,4989.0,64.63,61.07,3.56,2026-08-18 11:00,65.42,53.64,11.78,YES,,,,,,,15m logic removed,,,,,WATCH,👀 WATCH,"Weekly RSI 64.63 > 50, but Hourly RSI has not touched 30 (current 65.42)"
2026-08-18 11:36:27,NSE:TVSMOTOR,4374.6,68.46,67.22,1.23,2026-08-18 11:00,54.08,57.39,-3.31,NO,,,,,,,15m logic removed,,,,,WATCH,👀 WATCH,"Weekly RSI 68.46 > 50, but Hourly RSI has not touched 30 (current 54.08)"
2026-08-18 11:36:28,NSE:UNIMECH,1503.2,74.16,76.02,-1.86,2026-08-18 11:00,58.31,60.47,-2.15,NO,,,,,,,15m logic removed,,,,,WATCH,👀 WATCH,"Weekly RSI 74.16 > 50, but Hourly RSI has not touched 30 (current 58.31)"
2026-08-18 11:36:30,NSE:UNOMINDA,1269.2,60.74,58.5,2.23,2026-08-18 11:00,63.8,64.62,-0.82,NO,,,,,,,15m logic removed,,,,,WATCH,👀 WATCH,"Weekly RSI 60.74 > 50, but Hourly RSI has not touched 30 (current 63.80)"
2026-08-18 11:36:31,NSE:VIJAYA,1509.4,71.24,69.58,1.66,2026-08-18 11:00,62.93,63.24,-0.31,NO,,,,,,,15m logic removed,,,,,WATCH,👀 WATCH,"Weekly RSI 71.24 > 50, but Hourly RSI has not touched 30 (current 62.93)"
2026-08-18 11:36:32,NSE:WELCORP,1898.8,88.88,88.47,0.41,2026-08-18 11:00,66.52,59.84,6.69,YES,,,,,,,15m logic removed,,,,,WATCH,👀 WATCH,"Weekly RSI 88.88 > 50, but Hourly RSI has not touched 30 (current 66.52)"
2026-08-18 11:36:34,NSE:WOCKPHARMA,1870.5,57.17,60.66,-3.5,2026-08-18 11:00,34.73,42.6,-7.87,NO,,,,,,,15m logic removed,,,,,WATCH,👀 WATCH,"Weekly RSI 57.17 > 50, but Hourly RSI has not touched 30 (current 34.73)"
2026-08-18 11:36:35,NSE:ZENTEC,1957.2,62.36,58.95,3.41,2026-08-18 11:00,80.65,63.11,17.54,YES,,,,,,,15m logic removed,,,,,WATCH,👀 WATCH,"Weekly RSI 62.36 > 50, but Hourly RSI has not touched 30 (current 80.65)"
2026-08-18 11:36:36,NSE:ZYDUSLIFE,1132.2,64.74,65.38,-0.64,2026-08-18 11:00,38.6,38.01,0.59,YES,,,,,,,15m logic removed,,,,,WATCH,👀 WATCH,"Weekly RSI 64.74 > 50, but Hourly RSI has not touched 30 (current 38.60)"
2026-08-18 11:49:31,NSE:LGEINDIA,1660.0,55.54,60.65,-5.11,2026-08-18 11:00,54.16,55.5,-1.34,NO,,,,,,,15m logic removed,,,,,WATCH,👀 WATCH,"Weekly RSI 55.54 > 50, but Hourly RSI has not touched 30 (current 54.16)"
2026-08-18 11:49:32,NSE:ASTRAL,1521.7,51.9,54.81,-2.91,2026-08-18 11:00,44.81,54.86,-10.05,NO,,,,,,,15m logic removed,,,,,WATCH,👀 WATCH,"Weekly RSI 51.90 > 50, but Hourly RSI has not touched 30 (current 44.81)"
2026-08-18 11:49:34,NSE:FINCABLES,1316.0,68.74,65.92,2.82,2026-08-18 11:00,72.28,73.98,-1.7,NO,,,,,,,15m logic removed,,,,,WATCH,👀 WATCH,"Weekly RSI 68.74 > 50, but Hourly RSI has not touched 30 (current 72.28)"
2026-08-18 11:49:35,NSE:GODREJAGRO,590.05,52.31,50.07,2.24,2026-08-18 11:00,69.01,74.36,-5.35,NO,,,,,,,15m logic removed,,,,,WATCH,👀 WATCH,"Weekly RSI 52.31 > 50, but Hourly RSI has not touched 30 (current 69.01)"
2026-08-18 11:49:36,NSE:HAPPSTMNDS,419.1,57.15,57.5,-0.35,2026-08-18 11:00,56.98,66.54,-9.56,NO,,,,,,,15m logic removed,,,,,WATCH,👀 WATCH,"Weekly RSI 57.15 > 50, but Hourly RSI has not touched 30 (current 56.98)"
2026-08-18 11:49:37,NSE:NAZARA,354.9,72.21,72.74,-0.54,2026-08-18 11:00,52.67,36.05,16.63,YES,,,,,,,15m logic removed,,,,,WATCH,👀 WATCH,"Weekly RSI 72.21 > 50, but Hourly RSI has not touched 30 (current 52.67)"
2026-08-18 11:49:39,NSE:OFSS,11804.0,67.71,68.0,-0.29,2026-08-18 11:00,56.37,55.31,1.07,YES,,,,,,,15m logic removed,,,,,WATCH,👀 WATCH,"Weekly RSI 67.71 > 50, but Hourly RSI has not touched 30 (current 56.37)"
2026-08-18 11:49:40,NSE:REDINGTON,329.6,63.68,64.98,-1.3,2026-08-18 11:00,30.65,36.71,-6.06,NO,,,,,,,15m logic removed,,,,,SETUP,🔥 SETUP,Weekly RSI 63.68 > 50 + Hourly RSI touched 30 + 15m Close > Previous 15m High
2026-08-18 11:49:41,NSE:AARTIIND,527.25,64.14,66.18,-2.04,2026-08-18 11:00,51.75,49.76,2.0,YES,,,,,,,15m logic removed,,,,,WATCH,👀 WATCH,"Weekly RSI 64.14 > 50, but Hourly RSI has not touched 30 (current 51.75)"
2026-08-18 11:49:43,NSE:ABB,7605.5,62.53,63.4,-0.87,2026-08-18 11:00,39.19,46.3,-7.11,NO,,,,,,,15m logic removed,,,,,WATCH,👀 WATCH,"Weekly RSI 62.53 > 50, but Hourly RSI has not touched 30 (current 39.19)"
2026-08-18 11:49:44,NSE:ACMESOLAR,364.45,62.14,65.76,-3.62,2026-08-18 11:00,35.83,36.88,-1.04,NO,,,,,,,15m logic removed,,,,,WATCH,👀 WATCH,"Weekly RSI 62.14 > 50, but Hourly RSI has not touched 30 (current 35.83)"
2026-08-18 11:49:45,NSE:ADANIENSOL,1603.8,64.92,66.1,-1.18,2026-08-18 11:00,51.48,42.84,8.64,YES,,,,,,,15m logic removed,,,,,WATCH,👀 WATCH,"Weekly RSI 64.92 > 50, but Hourly RSI has not touched 30 (current 51.48)"
2026-08-18 11:49:46,NSE:AEGISLOG,1349.9,69.79,66.7,3.09,2026-08-18 11:00,73.98,53.03,20.95,YES,,,,,,,15m logic removed,,,,,WATCH,👀 WATCH,"Weekly RSI 69.79 > 50, but Hourly RSI has not touched 30 (current 73.98)"
2026-08-18 11:49:48,NSE:AJANTPHARM,3721.3,75.43,74.36,1.07,2026-08-18 11:00,77.31,78.51,-1.2,NO,,,,,,,15m logic removed,,,,,WATCH,👀 WATCH,"Weekly RSI 75.43 > 50, but Hourly RSI has not touched 30 (current 77.31)"
2026-08-18 11:49:49,NSE:AKUMS,750.0,72.73,70.82,1.91,2026-08-18 11:00,58.31,53.28,5.03,YES,,,,,,,15m logic removed,,,,,WATCH,👀 WATCH,"Weekly RSI 72.73 > 50, but Hourly RSI has not touched 30 (current 58.31)"
2026-08-18 11:49:50,NSE:ALIVUS,1387.7,78.45,78.41,0.04,2026-08-18 11:00,54.49,59.17,-4.67,NO,,,,,,,15m logic removed,,,,,WATCH,👀 WATCH,"Weekly RSI 78.45 > 50, but Hourly RSI has not touched 30 (current 54.49)"
2026-08-18 11:49:51,NSE:ANANDRATHI,2187.2,75.4,74.94,0.47,2026-08-18 11:00,59.05,50.24,8.81,YES,,,,,,,15m logic removed,,,,,WATCH,👀 WATCH,"Weekly RSI 75.40 > 50, but Hourly RSI has not touched 30 (current 59.05)"
2026-08-18 11:49:52,NSE:ANANTRAJ,627.8,61.17,61.58,-0.4,2026-08-18 11:00,58.53,54.63,3.89,YES,,,,,,,15m logic removed,,,,,WATCH,👀 WATCH,"Weekly RSI 61.17 > 50, but Hourly RSI has not touched 30 (current 58.53)"
2026-08-18 11:49:54,NSE:APARINDS,16795.0,71.85,71.5,0.35,2026-08-18 11:00,50.6,42.37,8.23,YES,,,,,,,15m logic removed,,,,,WATCH,👀 WATCH,"Weekly RSI 71.85 > 50, but Hourly RSI has not touched 30 (current 50.60)"
2026-08-18 11:49:55,NSE:ASHOKLEY,176.48,56.31,54.11,2.2,2026-08-18 11:00,51.88,53.92,-2.04,NO,,,,,,,15m logic removed,,,,,WATCH,👀 WATCH,"Weekly RSI 56.31 > 50, but Hourly RSI has not touched 30 (current 51.88)"
2026-08-18 11:49:56,NSE:ASTRAMICRO,1742.8,67.85,67.72,0.13,2026-08-18 11:00,58.17,42.97,15.2,YES,,,,,,,15m logic removed,,,,,WATCH,👀 WATCH,"Weekly RSI 67.85 > 50, but Hourly RSI has not touched 30 (current 58.17)"
2026-08-18 11:49:57,NSE:ATHERENERG,1460.0,75.77,80.74,-4.96,2026-08-18 11:00,28.98,35.93,-6.95,NO,,,,,,,15m logic removed,,,,,WATCH,👀 WATCH,Weekly RSI 75.77 > 50 + Hourly RSI touched 30 + 15m price confirmation failed (Close 1459.3 <= Previous High 1471.0)
2026-08-18 11:49:58,NSE:AUROPHARMA,1636.7,68.02,67.08,0.94,2026-08-18 11:00,49.35,44.03,5.32,YES,,,,,,,15m logic removed,,,,,WATCH,👀 WATCH,"Weekly RSI 68.02 > 50, but Hourly RSI has not touched 30 (current 49.35)"
2026-08-18 11:50:00,NSE:BAJAJ-AUTO,11650.0,71.0,72.09,-1.09,2026-08-18 11:00,42.47,44.04,-1.56,NO,,,,,,,15m logic removed,,,,,WATCH,👀 WATCH,"Weekly RSI 71.00 > 50, but Hourly RSI has not touched 30 (current 42.47)"
2026-08-18 11:50:01,NSE:BALRAMCHIN,667.5,75.18,70.01,5.17,2026-08-18 11:00,77.93,72.74,5.19,YES,,,,,,,15m logic removed,,,,,WATCH,👀 WATCH,"Weekly RSI 75.18 > 50, but Hourly RSI has not touched 30 (current 77.93)"
2026-08-18 11:50:03,NSE:BDL,1357.9,51.75,54.59,-2.84,2026-08-18 11:00,46.81,59.46,-12.65,NO,,,,,,,15m logic removed,,,,,WATCH,👀 WATCH,"Weekly RSI 51.75 > 50, but Hourly RSI has not touched 30 (current 46.81)"
2026-08-18 11:50:04,NSE:BEML,1936.2,58.96,55.85,3.11,2026-08-18 11:00,66.11,57.48,8.63,YES,,,,,,,15m logic removed,,,,,WATCH,👀 WATCH,"Weekly RSI 58.96 > 50, but Hourly RSI has not touched 30 (current 66.11)"
2026-08-18 11:50:05,NSE:BHARATFORG,2087.7,58.56,57.47,1.09,2026-08-18 11:00,49.63,52.12,-2.48,NO,,,,,,,15m logic removed,,,,,WATCH,👀 WATCH,"Weekly RSI 58.56 > 50, but Hourly RSI has not touched 30 (current 49.63)"
2026-08-18 11:50:07,NSE:BHEL,425.6,66.17,65.48,0.69,2026-08-18 11:00,53.47,70.96,-17.48,NO,,,,,,,15m logic removed,,,,,WATCH,👀 WATCH,"Weekly RSI 66.17 > 50, but Hourly RSI has not touched 30 (current 53.47)"
2026-08-18 11:50:08,NSE:BOSCHLTD,48255.0,74.64,72.96,1.68,2026-08-18 11:00,74.84,60.0,14.84,YES,,,,,,,15m logic removed,,,,,WATCH,👀 WATCH,"Weekly RSI 74.64 > 50, but Hourly RSI has not touched 30 (current 74.84)"
2026-08-18 11:50:09,NSE:BRIGADE,593.9,55.22,54.87,0.36,2026-08-18 11:00,53.0,50.54,2.46,YES,,,,,,,15m logic removed,,,,,WATCH,👀 WATCH,"Weekly RSI 55.22 > 50, but Hourly RSI has not touched 30 (current 53.00)"
2026-08-18 11:50:10,NSE:CAPLIPOINT,2538.1,67.42,65.36,2.06,2026-08-18 11:00,57.85,55.11,2.74,YES,,,,,,,15m logic removed,,,,,WATCH,👀 WATCH,"Weekly RSI 67.42 > 50, but Hourly RSI has not touched 30 (current 57.85)"
2026-08-18 11:50:12,NSE:CGPOWER,895.25,58.96,58.34,0.62,2026-08-18 11:00,60.62,67.68,-7.05,NO,,,,,,,15m logic removed,,,,,WATCH,👀 WATCH,"Weekly RSI 58.96 > 50, but Hourly RSI has not touched 30 (current 60.62)"
2026-08-18 11:50:13,NSE:CHENNPETRO,1423.5,74.45,69.87,4.58,2026-08-18 11:00,74.04,64.69,9.35,YES,,,,,,,15m logic removed,,,,,WATCH,👀 WATCH,"Weekly RSI 74.45 > 50, but Hourly RSI has not touched 30 (current 74.04)"
2026-08-18 11:50:14,NSE:COHANCE,453.05,50.84,48.61,2.23,2026-08-18 11:00,63.27,55.0,8.27,YES,,,,,,,15m logic removed,,,,,WATCH,👀 WATCH,"Weekly RSI 50.84 > 50, but Hourly RSI has not touched 30 (current 63.27)"
2026-08-18 11:50:15,NSE:CYIENTDLM,745.55,86.48,84.24,2.24,2026-08-18 11:00,71.66,69.29,2.37,YES,,,,,,,15m logic removed,,,,,WATCH,👀 WATCH,"Weekly RSI 86.48 > 50, but Hourly RSI has not touched 30 (current 71.66)"
2026-08-18 11:50:16,NSE:DATAPATTNS,4657.8,63.28,60.33,2.95,2026-08-18 11:00,72.6,58.21,14.39,YES,,,,,,,15m logic removed,,,,,WATCH,👀 WATCH,"Weekly RSI 63.28 > 50, but Hourly RSI has not touched 30 (current 72.60)"
2026-08-18 11:50:18,NSE:DIVISLAB,8584.5,84.16,83.43,0.74,2026-08-18 11:00,61.39,49.68,11.71,YES,,,,,,,15m logic removed,,,,,WATCH,👀 WATCH,"Weekly RSI 84.16 > 50, but Hourly RSI has not touched 30 (current 61.39)"
2026-08-18 11:50:19,NSE:DLF,674.55,57.37,55.85,1.52,2026-08-18 11:00,64.73,60.92,3.81,YES,,,,,,,15m logic removed,,,,,WATCH,👀 WATCH,"Weekly RSI 57.37 > 50, but Hourly RSI has not touched 30 (current 64.73)"
2026-08-18 11:50:21,NSE:DYNAMATECH,11365.0,57.67,56.53,1.14,2026-08-18 11:00,67.73,56.51,11.22,YES,,,,,,,15m logic removed,,,,,WATCH,👀 WATCH,"Weekly RSI 57.67 > 50, but Hourly RSI has not touched 30 (current 67.73)"
2026-08-18 11:50:22,NSE:EICHERMOT,8075.0,64.69,64.56,0.13,2026-08-18 11:00,52.74,47.13,5.61,YES,,,,,,,15m logic removed,,,,,WATCH,👀 WATCH,"Weekly RSI 64.69 > 50, but Hourly RSI has not touched 30 (current 52.74)"
2026-08-18 11:50:23,NSE:ENRIN,3611.3,57.17,55.76,1.4,2026-08-18 11:00,61.87,62.01,-0.14,NO,,,,,,,15m logic removed,,,,,WATCH,👀 WATCH,"Weekly RSI 57.17 > 50, but Hourly RSI has not touched 30 (current 61.87)"
2026-08-18 11:50:25,NSE:EXIDEIND,466.45,68.96,72.73,-3.76,2026-08-18 11:00,30.17,41.47,-11.3,NO,,,,,,,15m logic removed,,,,,WATCH,👀 WATCH,"Weekly RSI 68.96 > 50, but Hourly RSI has not touched 30 (current 30.17)"
2026-08-18 11:50:26,NSE:GLAND,2900.0,75.5,79.58,-4.08,2026-08-18 11:00,48.4,48.81,-0.41,NO,,,,,,,15m logic removed,,,,,WATCH,👀 WATCH,"Weekly RSI 75.50 > 50, but Hourly RSI has not touched 30 (current 48.40)"
2026-08-18 11:50:27,NSE:GODREJPROP,2023.0,56.15,54.63,1.52,2026-08-18 11:00,51.03,62.29,-11.25,NO,,,,,,,15m logic removed,,,,,WATCH,👀 WATCH,"Weekly RSI 56.15 > 50, but Hourly RSI has not touched 30 (current 51.03)"
2026-08-18 11:50:28,NSE:GRANULES,854.75,65.73,66.44,-0.71,2026-08-18 11:00,45.94,53.96,-8.01,NO,,,,,,,15m logic removed,,,,,WATCH,👀 WATCH,"Weekly RSI 65.73 > 50, but Hourly RSI has not touched 30 (current 45.94)"
2026-08-18 11:50:30,NSE:HAL,5094.4,68.61,67.39,1.22,2026-08-18 11:00,69.25,63.95,5.3,YES,,,,,,,15m logic removed,,,,,WATCH,👀 WATCH,"Weekly RSI 68.61 > 50, but Hourly RSI has not touched 30 (current 69.25)"
2026-08-18 11:50:31,NSE:HEROMOTOCO,5707.5,61.35,63.8,-2.45,2026-08-18 11:00,36.05,40.81,-4.76,NO,,,,,,,15m logic removed,,,,,WATCH,👀 WATCH,"Weekly RSI 61.35 > 50, but Hourly RSI has not touched 30 (current 36.05)"
2026-08-18 11:50:33,NSE:HFCL,228.75,77.46,76.42,1.04,2026-08-18 11:00,63.4,43.81,19.59,YES,,,,,,,15m logic removed,,,,,WATCH,👀 WATCH,"Weekly RSI 77.46 > 50, but Hourly RSI has not touched 30 (current 63.40)"
2026-08-18 11:50:34,NSE:HONASA,479.25,70.34,79.49,-9.15,2026-08-18 11:00,44.59,45.33,-0.74,NO,,,,,,,15m logic removed,,,,,WATCH,👀 WATCH,"Weekly RSI 70.34 > 50, but Hourly RSI has not touched 30 (current 44.59)"
2026-08-18 11:50:35,NSE:HSCL,776.8,71.48,72.38,-0.9,2026-08-18 11:00,48.6,57.99,-9.38,NO,,,,,,,15m logic removed,,,,,WATCH,👀 WATCH,"Weekly RSI 71.48 > 50, but Hourly RSI has not touched 30 (current 48.60)"
2026-08-18 11:50:36,NSE:IFCI,80.33,61.42,58.71,2.71,2026-08-18 11:00,70.55,64.85,5.7,YES,,,,,,,15m logic removed,,,,,WATCH,👀 WATCH,"Weekly RSI 61.42 > 50, but Hourly RSI has not touched 30 (current 70.55)"
2026-08-18 11:50:37,NSE:INOXINDIA,1950.3,73.11,72.82,0.29,2026-08-18 11:00,53.35,51.54,1.8,YES,,,,,,,15m logic removed,,,,,WATCH,👀 WATCH,"Weekly RSI 73.11 > 50, but Hourly RSI has not touched 30 (current 53.35)"
2026-08-18 11:50:39,NSE:IPCALAB,1882.4,65.58,57.98,7.6,2026-08-18 11:00,69.86,68.79,1.07,YES,,,,,,,15m logic removed,,,,,WATCH,👀 WATCH,"Weekly RSI 65.58 > 50, but Hourly RSI has not touched 30 (current 69.86)"
2026-08-18 11:50:40,NSE:JINDALSAW,266.65,61.08,61.29,-0.21,2026-08-18 11:00,45.29,58.05,-12.76,NO,,,,,,,15m logic removed,,,,,WATCH,👀 WATCH,"Weekly RSI 61.08 > 50, but Hourly RSI has not touched 30 (current 45.29)"
2026-08-18 11:50:41,NSE:KIRLOSENG,2108.7,59.24,58.99,0.25,2026-08-18 11:00,54.33,50.77,3.55,YES,,,,,,,15m logic removed,,,,,WATCH,👀 WATCH,"Weekly RSI 59.24 > 50, but Hourly RSI has not touched 30 (current 54.33)"
2026-08-18 11:50:43,NSE:LALPATHLAB,1897.8,70.62,72.68,-2.07,2026-08-18 11:00,39.77,19.65,20.12,YES,,,,,,,15m logic removed,,,,,SETUP,🔥 SETUP,Weekly RSI 70.62 > 50 + Hourly RSI touched 30 + 15m Close > Previous 15m High
2026-08-18 11:50:45,NSE:LAURUSLABS,1819.7,80.54,79.62,0.92,2026-08-18 11:00,51.79,46.24,5.55,YES,,,,,,,15m logic removed,,,,,WATCH,👀 WATCH,"Weekly RSI 80.54 > 50, but Hourly RSI has not touched 30 (current 51.79)"
2026-08-18 11:50:46,NSE:LLOYDSME,1933.0,63.99,63.36,0.62,2026-08-18 11:00,47.94,50.05,-2.11,NO,,,,,,,15m logic removed,,,,,WATCH,👀 WATCH,"Weekly RSI 63.99 > 50, but Hourly RSI has not touched 30 (current 47.94)"
2026-08-18 11:50:47,NSE:LODHA,1230.7,62.65,63.8,-1.15,2026-08-18 11:00,47.8,60.92,-13.11,NO,,,,,,,15m logic removed,,,,,WATCH,👀 WATCH,"Weekly RSI 62.65 > 50, but Hourly RSI has not touched 30 (current 47.80)"
2026-08-18 11:50:48,NSE:M&M,3427.1,57.6,57.66,-0.06,2026-08-18 11:00,52.71,39.7,13.01,YES,,,,,,,15m logic removed,,,,,WATCH,👀 WATCH,"Weekly RSI 57.60 > 50, but Hourly RSI has not touched 30 (current 52.71)"
2026-08-18 11:50:49,NSE:MAZDOCK,2578.8,54.69,54.76,-0.06,2026-08-18 11:00,56.47,52.67,3.8,YES,,,,,,,15m logic removed,,,,,WATCH,👀 WATCH,"Weekly RSI 54.69 > 50, but Hourly RSI has not touched 30 (current 56.47)"
2026-08-18 11:50:51,NSE:MIDHANI,431.25,58.64,55.61,3.03,2026-08-18 11:00,53.86,51.38,2.48,YES,,,,,,,15m logic removed,,,,,WATCH,👀 WATCH,"Weekly RSI 58.64 > 50, but Hourly RSI has not touched 30 (current 53.86)"
2026-08-18 11:50:52,NSE:MOTHERSON,170.0,74.8,74.11,0.69,2026-08-18 11:00,64.37,50.12,14.25,YES,,,,,,,15m logic removed,,,,,WATCH,👀 WATCH,"Weekly RSI 74.80 > 50, but Hourly RSI has not touched 30 (current 64.37)"
2026-08-18 11:50:53,NSE:MTARTECH,7172.0,61.1,60.33,0.77,2026-08-18 11:00,56.39,49.9,6.49,YES,,,,,,,15m logic removed,,,,,WATCH,👀 WATCH,"Weekly RSI 61.10 > 50, but Hourly RSI has not touched 30 (current 56.39)"
2026-08-18 11:50:54,NSE:NETWEB,5322.0,67.23,63.88,3.35,2026-08-18 11:00,73.11,66.61,6.51,YES,,,,,,,15m logic removed,,,,,WATCH,👀 WATCH,"Weekly RSI 67.23 > 50, but Hourly RSI has not touched 30 (current 73.11)"
2026-08-18 11:50:56,NSE:NEULANDLAB,23498.0,77.85,77.48,0.37,2026-08-18 11:00,60.4,67.9,-7.5,NO,,,,,,,15m logic removed,,,,,WATCH,👀 WATCH,"Weekly RSI 77.85 > 50, but Hourly RSI has not touched 30 (current 60.40)"
2026-08-18 11:50:57,NSE:OBEROIRLTY,1913.4,62.78,59.06,3.72,2026-08-18 11:00,66.63,74.06,-7.44,NO,,,,,,,15m logic removed,,,,,WATCH,👀 WATCH,"Weekly RSI 62.78 > 50, but Hourly RSI has not touched 30 (current 66.63)"
2026-08-18 11:50:58,NSE:PARAS,1486.7,73.17,69.95,3.22,2026-08-18 11:00,85.17,69.69,15.48,YES,,,,,,,15m logic removed,,,,,WATCH,👀 WATCH,"Weekly RSI 73.17 > 50, but Hourly RSI has not touched 30 (current 85.17)"
2026-08-18 11:51:00,NSE:PHOENIXLTD,1912.1,54.93,53.56,1.38,2026-08-18 11:00,53.83,62.59,-8.75,NO,,,,,,,15m logic removed,,,,,WATCH,👀 WATCH,"Weekly RSI 54.93 > 50, but Hourly RSI has not touched 30 (current 53.83)"
2026-08-18 11:51:01,NSE:POLYMED,1780.1,60.25,60.69,-0.44,2026-08-18 11:00,49.7,37.37,12.33,YES,,,,,,,15m logic removed,,,,,WATCH,👀 WATCH,"Weekly RSI 60.25 > 50, but Hourly RSI has not touched 30 (current 49.70)"
2026-08-18 11:51:02,NSE:POWERINDIA,35345.0,61.32,62.34,-1.02,2026-08-18 11:00,47.96,51.15,-3.19,NO,,,,,,,15m logic removed,,,,,WATCH,👀 WATCH,"Weekly RSI 61.32 > 50, but Hourly RSI has not touched 30 (current 47.96)"
2026-08-18 11:51:04,NSE:PPLPHARMA,209.59,69.9,68.8,1.1,2026-08-18 11:00,54.38,36.42,17.97,YES,,,,,,,15m logic removed,,,,,WATCH,👀 WATCH,"Weekly RSI 69.90 > 50, but Hourly RSI has not touched 30 (current 54.38)"
2026-08-18 11:51:05,NSE:PRESTIGE,1602.0,56.01,55.42,0.59,2026-08-18 11:00,55.18,50.69,4.49,YES,,,,,,,15m logic removed,,,,,WATCH,👀 WATCH,"Weekly RSI 56.01 > 50, but Hourly RSI has not touched 30 (current 55.18)"
2026-08-18 11:51:06,NSE:RADICO,4670.7,86.85,86.65,0.2,2026-08-18 11:00,62.68,70.69,-8.01,NO,,,,,,,15m logic removed,,,,,WATCH,👀 WATCH,"Weekly RSI 86.85 > 50, but Hourly RSI has not touched 30 (current 62.68)"
2026-08-18 11:51:08,NSE:RKFORGE,751.45,73.96,72.41,1.55,2026-08-18 11:00,62.47,65.72,-3.25,NO,,,,,,,15m logic removed,,,,,WATCH,👀 WATCH,"Weekly RSI 73.96 > 50, but Hourly RSI has not touched 30 (current 62.47)"
2026-08-18 11:51:09,NSE:RRKABEL,2813.6,77.78,77.31,0.47,2026-08-18 11:00,60.11,44.81,15.29,YES,,,,,,,15m logic removed,,,,,WATCH,👀 WATCH,"Weekly RSI 77.78 > 50, but Hourly RSI has not touched 30 (current 60.11)"
2026-08-18 11:51:10,NSE:SAILIFE,1444.6,79.36,80.21,-0.86,2026-08-18 11:00,53.91,37.28,16.63,YES,,,,,,,15m logic removed,,,,,WATCH,👀 WATCH,"Weekly RSI 79.36 > 50, but Hourly RSI has not touched 30 (current 53.91)"
2026-08-18 11:51:12,NSE:SAREGAMA,513.7,68.37,73.51,-5.13,2026-08-18 11:00,40.36,45.51,-5.15,NO,,,,,,,15m logic removed,,,,,WATCH,👀 WATCH,"Weekly RSI 68.37 > 50, but Hourly RSI has not touched 30 (current 40.36)"
2026-08-18 11:51:13,NSE:SIGNATURE,805.6,45.48,45.82,-0.34,2026-08-18 11:00,48.26,41.59,6.67,YES,,,,,,,15m logic removed,,,,,IGNORE,❌ IGNORE,Weekly RSI 45.48 <= 50
2026-08-18 11:51:14,NSE:SOBHA,1318.7,43.47,44.17,-0.7,2026-08-18 11:00,41.68,44.16,-2.48,NO,,,,,,,15m logic removed,,,,,IGNORE,❌ IGNORE,Weekly RSI 43.47 <= 50
2026-08-18 11:51:15,NSE:SOLARINDS,20095.0,71.79,71.31,0.48,2026-08-18 11:00,63.46,61.19,2.26,YES,,,,,,,15m logic removed,,,,,WATCH,👀 WATCH,"Weekly RSI 71.79 > 50, but Hourly RSI has not touched 30 (current 63.46)"
2026-08-18 11:51:17,NSE:SONACOMS,817.05,78.13,76.36,1.77,2026-08-18 11:00,65.54,54.21,11.33,YES,,,,,,,15m logic removed,,,,,WATCH,👀 WATCH,"Weekly RSI 78.13 > 50, but Hourly RSI has not touched 30 (current 65.54)"
2026-08-18 11:51:18,NSE:SYRMA,1498.0,70.58,69.38,1.2,2026-08-18 11:00,59.58,50.95,8.63,YES,,,,,,,15m logic removed,,,,,WATCH,👀 WATCH,"Weekly RSI 70.58 > 50, but Hourly RSI has not touched 30 (current 59.58)"
2026-08-18 11:51:19,NSE:TORNTPHARM,4989.5,64.64,61.07,3.57,2026-08-18 11:00,65.47,53.64,11.83,YES,,,,,,,15m logic removed,,,,,WATCH,👀 WATCH,"Weekly RSI 64.64 > 50, but Hourly RSI has not touched 30 (current 65.47)"
2026-08-18 11:51:21,NSE:TVSMOTOR,4373.0,68.43,67.22,1.21,2026-08-18 11:00,53.64,57.39,-3.75,NO,,,,,,,15m logic removed,,,,,WATCH,👀 WATCH,"Weekly RSI 68.43 > 50, but Hourly RSI has not touched 30 (current 53.64)"
2026-08-18 11:51:22,NSE:UNIMECH,1508.5,74.66,76.02,-1.36,2026-08-18 11:00,60.62,60.47,0.15,YES,,,,,,,15m logic removed,,,,,WATCH,👀 WATCH,"Weekly RSI 74.66 > 50, but Hourly RSI has not touched 30 (current 60.62)"
2026-08-18 11:51:23,NSE:UNOMINDA,1270.5,60.83,58.5,2.33,2026-08-18 11:00,65.01,64.62,0.39,YES,,,,,,,15m logic removed,,,,,WATCH,👀 WATCH,"Weekly RSI 60.83 > 50, but Hourly RSI has not touched 30 (current 65.01)"
2026-08-18 11:51:24,NSE:VIJAYA,1509.6,71.25,69.58,1.67,2026-08-18 11:00,63.03,63.24,-0.21,NO,,,,,,,15m logic removed,,,,,WATCH,👀 WATCH,"Weekly RSI 71.25 > 50, but Hourly RSI has not touched 30 (current 63.03)"
2026-08-18 11:51:26,NSE:WELCORP,1899.1,88.88,88.47,0.41,2026-08-18 11:00,66.63,59.84,6.8,YES,,,,,,,15m logic removed,,,,,WATCH,👀 WATCH,"Weekly RSI 88.88 > 50, but Hourly RSI has not touched 30 (current 66.63)"
2026-08-18 11:51:27,NSE:WOCKPHARMA,1868.5,57.06,60.66,-3.6,2026-08-18 11:00,34.25,42.6,-8.35,NO,,,,,,,15m logic removed,,,,,WATCH,👀 WATCH,"Weekly RSI 57.06 > 50, but Hourly RSI has not touched 30 (current 34.25)"
2026-08-18 11:51:28,NSE:ZENTEC,1966.8,62.65,58.95,3.7,2026-08-18 11:00,81.58,63.11,18.46,YES,,,,,,,15m logic removed,,,,,WATCH,👀 WATCH,"Weekly RSI 62.65 > 50, but Hourly RSI has not touched 30 (current 81.58)"
2026-08-18 11:51:30,NSE:ZYDUSLIFE,1131.8,64.66,65.38,-0.72,2026-08-18 11:00,38.26,38.01,0.25,YES,,,,,,,15m logic removed,,,,,WATCH,👀 WATCH,"Weekly RSI 64.66 > 50, but Hourly RSI has not touched 30 (current 38.26)"
2026-08-18 11:51:31,PARAS,1487.1,73.18,69.95,3.23,2026-08-18 11:00,85.2,69.69,15.51,YES,,,,,,,15m logic removed,,,,,WATCH,👀 WATCH,"Weekly RSI 73.18 > 50, but Hourly RSI has not touched 30 (current 85.20)"
2026-08-18 11:51:33,KALYANKJIL,604.1,70.91,71.82,-0.91,2026-08-18 11:00,44.8,51.96,-7.16,NO,,,,,,,15m logic removed,,,,,WATCH,👀 WATCH,"Weekly RSI 70.91 > 50, but Hourly RSI has not touched 30 (current 44.80)"
2026-08-18 11:51:34,CYIENTDLM,745.55,86.48,84.24,2.24,2026-08-18 11:00,71.66,69.29,2.37,YES,,,,,,,15m logic removed,,,,,WATCH,👀 WATCH,"Weekly RSI 86.48 > 50, but Hourly RSI has not touched 30 (current 71.66)"
2026-08-18 11:51:35,UNIMECH,1507.1,74.53,76.02,-1.49,2026-08-18 11:00,60.05,60.47,-0.42,NO,,,,,,,15m logic removed,,,,,WATCH,👀 WATCH,"Weekly RSI 74.53 > 50, but Hourly RSI has not touched 30 (current 60.05)"
2026-08-18 11:51:36,SYRMA,1498.7,70.6,69.38,1.23,2026-08-18 11:00,59.77,50.95,8.82,YES,,,,,,,15m logic removed,,,,,WATCH,👀 WATCH,"Weekly RSI 70.60 > 50, but Hourly RSI has not touched 30 (current 59.77)"
2026-08-18 11:51:37,HFCL,228.62,77.44,76.42,1.01,2026-08-18 11:00,63.23,43.81,19.42,YES,,,,,,,15m logic removed,,,,,WATCH,👀 WATCH,"Weekly RSI 77.44 > 50, but Hourly RSI has not touched 30 (current 63.23)"
2026-08-18 11:51:38,WELCORP,1899.1,88.88,88.47,0.41,2026-08-18 11:00,66.63,59.84,6.8,YES,,,,,,,15m logic removed,,,,,WATCH,👀 WATCH,"Weekly RSI 88.88 > 50, but Hourly RSI has not touched 30 (current 66.63)"
2026-08-18 11:51:40,TBOTEK,1714.1,68.29,64.85,3.45,2026-08-18 11:00,74.01,71.12,2.89,YES,,,,,,,15m logic removed,,,,,WATCH,👀 WATCH,"Weekly RSI 68.29 > 50, but Hourly RSI has not touched 30 (current 74.01)"
2026-08-18 11:51:41,NAUKRI,1360.8,71.2,70.25,0.95,2026-08-18 11:00,59.09,56.44,2.65,YES,,,,,,,15m logic removed,,,,,WATCH,👀 WATCH,"Weekly RSI 71.20 > 50, but Hourly RSI has not touched 30 (current 59.09)"
2026-08-18 11:51:43,AKUMS,750.45,72.77,70.82,1.95,2026-08-18 11:00,58.6,53.28,5.31,YES,,,,,,,15m logic removed,,,,,WATCH,👀 WATCH,"Weekly RSI 72.77 > 50, but Hourly RSI has not touched 30 (current 58.60)"
2026-08-18 12:04:28,NSE:LGEINDIA,1660.2,55.55,60.65,-5.1,2026-08-18 12:00,54.23,55.5,-1.26,NO,,,,,,,15m logic removed,,,,,WATCH,👀 WATCH,"Weekly RSI 55.55 > 50, but Hourly RSI has not touched 30 (current 54.23)"
2026-08-18 12:04:29,NSE:ASTRAL,1520.1,51.78,54.81,-3.03,2026-08-18 12:00,44.03,54.86,-10.83,NO,,,,,,,15m logic removed,,,,,WATCH,👀 WATCH,"Weekly RSI 51.78 > 50, but Hourly RSI has not touched 30 (current 44.03)"
2026-08-18 12:04:30,NSE:FINCABLES,1311.4,68.57,65.92,2.65,2026-08-18 12:00,69.82,73.98,-4.16,NO,,,,,,,15m logic removed,,,,,WATCH,👀 WATCH,"Weekly RSI 68.57 > 50, but Hourly RSI has not touched 30 (current 69.82)"
2026-08-18 12:04:31,NSE:GODREJAGRO,591.05,52.54,50.07,2.47,2026-08-18 12:00,70.74,74.36,-3.62,NO,,,,,,,15m logic removed,,,,,WATCH,👀 WATCH,"Weekly RSI 52.54 > 50, but Hourly RSI has not touched 30 (current 70.74)"
2026-08-18 12:04:33,NSE:HAPPSTMNDS,418.45,56.95,57.5,-0.55,2026-08-18 12:00,56.35,66.54,-10.19,NO,,,,,,,15m logic removed,,,,,WATCH,👀 WATCH,"Weekly RSI 56.95 > 50, but Hourly RSI has not touched 30 (current 56.35)"
2026-08-18 12:04:34,NSE:NAZARA,354.55,72.02,72.74,-0.72,2026-08-18 12:00,51.89,36.05,15.85,YES,,,,,,,15m logic removed,,,,,WATCH,👀 WATCH,"Weekly RSI 72.02 > 50, but Hourly RSI has not touched 30 (current 51.89)"
2026-08-18 12:04:35,NSE:OFSS,11761.0,67.2,68.0,-0.8,2026-08-18 12:00,52.9,55.31,-2.41,NO,,,,,,,15m logic removed,,,,,WATCH,👀 WATCH,"Weekly RSI 67.20 > 50, but Hourly RSI has not touched 30 (current 52.90)"
2026-08-18 12:04:37,NSE:REDINGTON,328.65,63.41,64.98,-1.57,2026-08-18 12:00,29.54,36.71,-7.16,NO,,,,,,,15m logic removed,,,,,SETUP,🔥 SETUP,Weekly RSI 63.41 > 50 + Hourly RSI touched 30 + 15m Close > Previous 15m High
2026-08-18 12:04:38,NSE:AARTIIND,524.6,63.39,66.18,-2.79,2026-08-18 12:00,49.16,49.76,-0.6,NO,,,,,,,15m logic removed,,,,,WATCH,👀 WATCH,"Weekly RSI 63.39 > 50, but Hourly RSI has not touched 30 (current 49.16)"
2026-08-18 12:04:39,NSE:ABB,7597.0,62.36,63.4,-1.04,2026-08-18 12:00,38.27,46.3,-8.03,NO,,,,,,,15m logic removed,,,,,WATCH,👀 WATCH,"Weekly RSI 62.36 > 50, but Hourly RSI has not touched 30 (current 38.27)"
2026-08-18 12:04:40,NSE:ACMESOLAR,365.4,62.48,65.76,-3.28,2026-08-18 12:00,38.19,36.88,1.31,YES,,,,,,,15m logic removed,,,,,WATCH,👀 WATCH,"Weekly RSI 62.48 > 50, but Hourly RSI has not touched 30 (current 38.19)"
2026-08-18 12:04:42,NSE:ADANIENSOL,1604.3,64.97,66.1,-1.13,2026-08-18 12:00,51.73,42.84,8.89,YES,,,,,,,15m logic removed,,,,,WATCH,👀 WATCH,"Weekly RSI 64.97 > 50, but Hourly RSI has not touched 30 (current 51.73)"
2026-08-18 12:04:43,NSE:AEGISLOG,1340.7,69.48,66.7,2.78,2026-08-18 12:00,72.13,53.03,19.1,YES,,,,,,,15m logic removed,,,,,WATCH,👀 WATCH,"Weekly RSI 69.48 > 50, but Hourly RSI has not touched 30 (current 72.13)"
2026-08-18 12:04:44,NSE:AJANTPHARM,3723.2,75.47,74.36,1.11,2026-08-18 12:00,78.34,78.51,-0.17,NO,,,,,,,15m logic removed,,,,,WATCH,👀 WATCH,"Weekly RSI 75.47 > 50, but Hourly RSI has not touched 30 (current 78.34)"
2026-08-18 12:04:47,NSE:AKUMS,749.6,72.7,70.82,1.88,2026-08-18 12:00,58.06,53.28,4.77,YES,,,,,,,15m logic removed,,,,,WATCH,👀 WATCH,"Weekly RSI 72.70 > 50, but Hourly RSI has not touched 30 (current 58.06)"
2026-08-18 12:04:48,NSE:ALIVUS,1385.0,78.15,78.41,-0.26,2026-08-18 12:00,52.95,59.17,-6.22,NO,,,,,,,15m logic removed,,,,,WATCH,👀 WATCH,"Weekly RSI 78.15 > 50, but Hourly RSI has not touched 30 (current 52.95)"
2026-08-18 12:04:50,NSE:ANANDRATHI,2187.4,75.41,74.94,0.47,2026-08-18 12:00,59.16,50.24,8.92,YES,,,,,,,15m logic removed,,,,,WATCH,👀 WATCH,"Weekly RSI 75.41 > 50, but Hourly RSI has not touched 30 (current 59.16)"
2026-08-18 12:04:51,NSE:ANANTRAJ,629.8,61.55,61.58,-0.03,2026-08-18 12:00,60.77,54.63,6.14,YES,,,,,,,15m logic removed,,,,,WATCH,👀 WATCH,"Weekly RSI 61.55 > 50, but Hourly RSI has not touched 30 (current 60.77)"
2026-08-18 12:04:52,NSE:APARINDS,16855.0,72.04,71.5,0.55,2026-08-18 12:00,52.41,42.37,10.04,YES,,,,,,,15m logic removed,,,,,WATCH,👀 WATCH,"Weekly RSI 72.04 > 50, but Hourly RSI has not touched 30 (current 52.41)"
2026-08-18 12:04:54,NSE:ASHOKLEY,176.9,56.49,54.11,2.38,2026-08-18 12:00,53.24,53.92,-0.68,NO,,,,,,,15m logic removed,,,,,WATCH,👀 WATCH,"Weekly RSI 56.49 > 50, but Hourly RSI has not touched 30 (current 53.24)"
2026-08-18 12:04:55,NSE:ASTRAMICRO,1746.0,67.97,67.72,0.25,2026-08-18 12:00,59.09,42.97,16.12,YES,,,,,,,15m logic removed,,,,,WATCH,👀 WATCH,"Weekly RSI 67.97 > 50, but Hourly RSI has not touched 30 (current 59.09)"
2026-08-18 12:04:56,NSE:ATHERENERG,1459.8,75.76,80.74,-4.98,2026-08-18 12:00,28.93,35.93,-7.0,NO,,,,,,,15m logic removed,,,,,WATCH,👀 WATCH,Weekly RSI 75.76 > 50 + Hourly RSI touched 30 + 15m price confirmation failed (Close 1459.4 <= Previous High 1466.3)
2026-08-18 12:04:57,NSE:AUROPHARMA,1636.0,67.98,67.08,0.89,2026-08-18 12:00,48.99,44.03,4.96,YES,,,,,,,15m logic removed,,,,,WATCH,👀 WATCH,"Weekly RSI 67.98 > 50, but Hourly RSI has not touched 30 (current 48.99)"
2026-08-18 12:04:58,NSE:BAJAJ-AUTO,11651.0,71.02,72.09,-1.07,2026-08-18 12:00,42.59,44.04,-1.45,NO,,,,,,,15m logic removed,,,,,WATCH,👀 WATCH,"Weekly RSI 71.02 > 50, but Hourly RSI has not touched 30 (current 42.59)"
2026-08-18 12:04:59,NSE:BALRAMCHIN,664.7,74.89,70.01,4.88,2026-08-18 12:00,76.85,72.74,4.11,YES,,,,,,,15m logic removed,,,,,WATCH,👀 WATCH,"Weekly RSI 74.89 > 50, but Hourly RSI has not touched 30 (current 76.85)"
2026-08-18 12:05:01,NSE:BDL,1373.0,52.78,54.59,-1.81,2026-08-18 12:00,54.77,59.46,-4.69,NO,,,,,,,15m logic removed,,,,,WATCH,👀 WATCH,"Weekly RSI 52.78 > 50, but Hourly RSI has not touched 30 (current 54.77)"
2026-08-18 12:05:02,NSE:BEML,1936.0,58.95,55.85,3.1,2026-08-18 12:00,66.06,57.48,8.58,YES,,,,,,,15m logic removed,,,,,WATCH,👀 WATCH,"Weekly RSI 58.95 > 50, but Hourly RSI has not touched 30 (current 66.06)"
2026-08-18 12:05:03,NSE:BHARATFORG,2088.3,58.59,57.47,1.12,2026-08-18 12:00,49.9,52.12,-2.22,NO,,,,,,,15m logic removed,,,,,WATCH,👀 WATCH,"Weekly RSI 58.59 > 50, but Hourly RSI has not touched 30 (current 49.90)"
2026-08-18 12:05:04,NSE:BHEL,427.25,66.46,65.48,0.98,2026-08-18 12:00,55.66,70.96,-15.3,NO,,,,,,,15m logic removed,,,,,WATCH,👀 WATCH,"Weekly RSI 66.46 > 50, but Hourly RSI has not touched 30 (current 55.66)"
2026-08-18 12:05:06,NSE:BOSCHLTD,48295.0,74.7,72.96,1.74,2026-08-18 12:00,75.13,60.0,15.13,YES,,,,,,,15m logic removed,,,,,WATCH,👀 WATCH,"Weekly RSI 74.70 > 50, but Hourly RSI has not touched 30 (current 75.13)"
2026-08-18 12:05:07,NSE:BRIGADE,593.9,55.22,54.87,0.36,2026-08-18 12:00,53.0,50.54,2.46,YES,,,,,,,15m logic removed,,,,,WATCH,👀 WATCH,"Weekly RSI 55.22 > 50, but Hourly RSI has not touched 30 (current 53.00)"
2026-08-18 12:05:08,NSE:CAPLIPOINT,2538.1,67.42,65.36,2.06,2026-08-18 12:00,57.85,55.11,2.74,YES,,,,,,,15m logic removed,,,,,WATCH,👀 WATCH,"Weekly RSI 67.42 > 50, but Hourly RSI has not touched 30 (current 57.85)"
2026-08-18 12:05:10,NSE:CGPOWER,894.4,58.86,58.34,0.52,2026-08-18 12:00,59.15,67.68,-8.53,NO,,,,,,,15m logic removed,,,,,WATCH,👀 WATCH,"Weekly RSI 58.86 > 50, but Hourly RSI has not touched 30 (current 59.15)"
2026-08-18 12:05:11,NSE:CHENNPETRO,1422.7,74.42,69.87,4.55,2026-08-18 12:00,73.9,64.69,9.21,YES,,,,,,,15m logic removed,,,,,WATCH,👀 WATCH,"Weekly RSI 74.42 > 50, but Hourly RSI has not touched 30 (current 73.90)"
2026-08-18 12:05:12,NSE:COHANCE,451.8,50.62,48.61,2.02,2026-08-18 12:00,61.82,55.0,6.82,YES,,,,,,,15m logic removed,,,,,WATCH,👀 WATCH,"Weekly RSI 50.62 > 50, but Hourly RSI has not touched 30 (current 61.82)"
2026-08-18 12:05:13,NSE:CYIENTDLM,746.0,86.5,84.24,2.26,2026-08-18 12:00,71.84,69.29,2.55,YES,,,,,,,15m logic removed,,,,,WATCH,👀 WATCH,"Weekly RSI 86.50 > 50, but Hourly RSI has not touched 30 (current 71.84)"
2026-08-18 12:05:15,NSE:DATAPATTNS,4663.4,63.36,60.33,3.03,2026-08-18 12:00,73.03,58.21,14.81,YES,,,,,,,15m logic removed,,,,,WATCH,👀 WATCH,"Weekly RSI 63.36 > 50, but Hourly RSI has not touched 30 (current 73.03)"
2026-08-18 12:05:16,NSE:DIVISLAB,8566.5,84.05,83.43,0.62,2026-08-18 12:00,59.75,49.68,10.07,YES,,,,,,,15m logic removed,,,,,WATCH,👀 WATCH,"Weekly RSI 84.05 > 50, but Hourly RSI has not touched 30 (current 59.75)"
2026-08-18 12:05:17,NSE:DLF,676.1,57.61,55.85,1.76,2026-08-18 12:00,66.17,60.92,5.25,YES,,,,,,,15m logic removed,,,,,WATCH,👀 WATCH,"Weekly RSI 57.61 > 50, but Hourly RSI has not touched 30 (current 66.17)"
2026-08-18 12:05:18,NSE:DYNAMATECH,11349.0,57.57,56.53,1.04,2026-08-18 12:00,67.17,56.51,10.66,YES,,,,,,,15m logic removed,,,,,WATCH,👀 WATCH,"Weekly RSI 57.57 > 50, but Hourly RSI has not touched 30 (current 67.17)"
2026-08-18 12:05:19,NSE:EICHERMOT,8076.5,64.71,64.56,0.15,2026-08-18 12:00,53.04,47.13,5.91,YES,,,,,,,15m logic removed,,,,,WATCH,👀 WATCH,"Weekly RSI 64.71 > 50, but Hourly RSI has not touched 30 (current 53.04)"
2026-08-18 12:05:20,NSE:ENRIN,3611.0,57.16,55.76,1.4,2026-08-18 12:00,61.78,62.01,-0.23,NO,,,,,,,15m logic removed,,,,,WATCH,👀 WATCH,"Weekly RSI 57.16 > 50, but Hourly RSI has not touched 30 (current 61.78)"
2026-08-18 12:05:21,NSE:EXIDEIND,467.25,69.26,72.73,-3.47,2026-08-18 12:00,30.96,41.47,-10.51,NO,,,,,,,15m logic removed,,,,,WATCH,👀 WATCH,"Weekly RSI 69.26 > 50, but Hourly RSI has not touched 30 (current 30.96)"
2026-08-18 12:05:23,NSE:GLAND,2895.1,75.23,79.58,-4.35,2026-08-18 12:00,47.43,48.81,-1.38,NO,,,,,,,15m logic removed,,,,,WATCH,👀 WATCH,"Weekly RSI 75.23 > 50, but Hourly RSI has not touched 30 (current 47.43)"
2026-08-18 12:05:24,NSE:GODREJPROP,2023.3,56.17,54.63,1.54,2026-08-18 12:00,51.12,62.29,-11.16,NO,,,,,,,15m logic removed,,,,,WATCH,👀 WATCH,"Weekly RSI 56.17 > 50, but Hourly RSI has not touched 30 (current 51.12)"
2026-08-18 12:05:25,NSE:GRANULES,852.6,65.32,66.44,-1.12,2026-08-18 12:00,43.4,53.96,-10.56,NO,,,,,,,15m logic removed,,,,,WATCH,👀 WATCH,"Weekly RSI 65.32 > 50, but Hourly RSI has not touched 30 (current 43.40)"
2026-08-18 12:05:26,NSE:HAL,5099.7,68.7,67.39,1.31,2026-08-18 12:00,69.91,63.95,5.96,YES,,,,,,,15m logic removed,,,,,WATCH,👀 WATCH,"Weekly RSI 68.70 > 50, but Hourly RSI has not touched 30 (current 69.91)"
2026-08-18 12:05:27,NSE:HEROMOTOCO,5713.0,61.51,63.8,-2.29,2026-08-18 12:00,36.68,40.81,-4.13,NO,,,,,,,15m logic removed,,,,,WATCH,👀 WATCH,"Weekly RSI 61.51 > 50, but Hourly RSI has not touched 30 (current 36.68)"
2026-08-18 12:05:29,NSE:HFCL,229.09,77.52,76.42,1.1,2026-08-18 12:00,63.84,43.81,20.03,YES,,,,,,,15m logic removed,,,,,WATCH,👀 WATCH,"Weekly RSI 77.52 > 50, but Hourly RSI has not touched 30 (current 63.84)"
2026-08-18 12:05:30,NSE:HONASA,479.75,70.51,79.49,-8.98,2026-08-18 12:00,45.08,45.33,-0.25,NO,,,,,,,15m logic removed,,,,,WATCH,👀 WATCH,"Weekly RSI 70.51 > 50, but Hourly RSI has not touched 30 (current 45.08)"
2026-08-18 12:05:31,NSE:HSCL,776.4,71.4,72.38,-0.99,2026-08-18 12:00,48.17,57.99,-9.82,NO,,,,,,,15m logic removed,,,,,WATCH,👀 WATCH,"Weekly RSI 71.40 > 50, but Hourly RSI has not touched 30 (current 48.17)"
2026-08-18 12:05:33,NSE:IFCI,80.69,61.69,58.71,2.98,2026-08-18 12:00,71.76,64.85,6.91,YES,,,,,,,15m logic removed,,,,,WATCH,👀 WATCH,"Weekly RSI 61.69 > 50, but Hourly RSI has not touched 30 (current 71.76)"
2026-08-18 12:05:34,NSE:INOXINDIA,1949.5,73.08,72.82,0.26,2026-08-18 12:00,52.92,51.54,1.38,YES,,,,,,,15m logic removed,,,,,WATCH,👀 WATCH,"Weekly RSI 73.08 > 50, but Hourly RSI has not touched 30 (current 52.92)"
2026-08-18 12:05:35,NSE:IPCALAB,1876.0,65.31,57.98,7.33,2026-08-18 12:00,68.91,68.79,0.12,YES,,,,,,,15m logic removed,,,,,WATCH,👀 WATCH,"Weekly RSI 65.31 > 50, but Hourly RSI has not touched 30 (current 68.91)"
2026-08-18 12:05:38,NSE:JINDALSAW,266.6,61.06,61.29,-0.23,2026-08-18 12:00,45.17,58.05,-12.88,NO,,,,,,,15m logic removed,,,,,WATCH,👀 WATCH,"Weekly RSI 61.06 > 50, but Hourly RSI has not touched 30 (current 45.17)"
2026-08-18 12:05:39,NSE:KIRLOSENG,2111.0,59.31,58.99,0.32,2026-08-18 12:00,55.02,50.77,4.25,YES,,,,,,,15m logic removed,,,,,WATCH,👀 WATCH,"Weekly RSI 59.31 > 50, but Hourly RSI has not touched 30 (current 55.02)"
2026-08-18 12:05:40,NSE:LALPATHLAB,1891.1,69.9,72.68,-2.79,2026-08-18 12:00,35.58,19.65,15.93,YES,,,,,,,15m logic removed,,,,,WATCH,👀 WATCH,Weekly RSI 69.90 > 50 + Hourly RSI touched 30 + 15m price confirmation failed (Close 1892.3 <= Previous High 1912.0)
2026-08-18 12:05:41,NSE:LAURUSLABS,1820.2,80.56,79.62,0.93,2026-08-18 12:00,52.04,46.24,5.8,YES,,,,,,,15m logic removed,,,,,WATCH,👀 WATCH,"Weekly RSI 80.56 > 50, but Hourly RSI has not touched 30 (current 52.04)"
2026-08-18 12:05:43,NSE:LLOYDSME,1932.0,63.95,63.36,0.58,2026-08-18 12:00,47.44,50.05,-2.61,NO,,,,,,,15m logic removed,,,,,WATCH,👀 WATCH,"Weekly RSI 63.95 > 50, but Hourly RSI has not touched 30 (current 47.44)"
2026-08-18 12:05:44,NSE:LODHA,1236.4,63.14,63.8,-0.66,2026-08-18 12:00,50.46,60.92,-10.46,NO,,,,,,,15m logic removed,,,,,WATCH,👀 WATCH,"Weekly RSI 63.14 > 50, but Hourly RSI has not touched 30 (current 50.46)"
2026-08-18 12:05:45,NSE:M&M,3429.5,57.71,57.66,0.04,2026-08-18 12:00,53.37,39.7,13.66,YES,,,,,,,15m logic removed,,,,,WATCH,👀 WATCH,"Weekly RSI 57.71 > 50, but Hourly RSI has not touched 30 (current 53.37)"
2026-08-18 12:05:46,NSE:MAZDOCK,2582.6,54.86,54.76,0.11,2026-08-18 12:00,57.88,52.67,5.22,YES,,,,,,,15m logic removed,,,,,WATCH,👀 WATCH,"Weekly RSI 54.86 > 50, but Hourly RSI has not touched 30 (current 57.88)"
2026-08-18 12:05:47,NSE:MIDHANI,433.15,59.01,55.61,3.4,2026-08-18 12:00,55.22,51.38,3.84,YES,,,,,,,15m logic removed,,,,,WATCH,👀 WATCH,"Weekly RSI 59.01 > 50, but Hourly RSI has not touched 30 (current 55.22)"
2026-08-18 12:05:48,NSE:MOTHERSON,169.94,74.78,74.11,0.66,2026-08-18 12:00,64.05,50.12,13.93,YES,,,,,,,15m logic removed,,,,,WATCH,👀 WATCH,"Weekly RSI 74.78 > 50, but Hourly RSI has not touched 30 (current 64.05)"
2026-08-18 12:05:50,NSE:MTARTECH,7174.0,61.11,60.33,0.78,2026-08-18 12:00,56.5,49.9,6.6,YES,,,,,,,15m logic removed,,,,,WATCH,👀 WATCH,"Weekly RSI 61.11 > 50, but Hourly RSI has not touched 30 (current 56.50)"
2026-08-18 12:05:51,NSE:NETWEB,5320.0,67.22,63.88,3.34,2026-08-18 12:00,73.01,66.61,6.4,YES,,,,,,,15m logic removed,,,,,WATCH,👀 WATCH,"Weekly RSI 67.22 > 50, but Hourly RSI has not touched 30 (current 73.01)"
2026-08-18 12:05:52,NSE:NEULANDLAB,23375.0,77.6,77.48,0.11,2026-08-18 12:00,55.44,67.9,-12.46,NO,,,,,,,15m logic removed,,,,,WATCH,👀 WATCH,"Weekly RSI 77.60 > 50, but Hourly RSI has not touched 30 (current 55.44)"
2026-08-18 12:05:53,NSE:OBEROIRLTY,1918.3,63.03,59.06,3.97,2026-08-18 12:00,68.54,74.06,-5.52,NO,,,,,,,15m logic removed,,,,,WATCH,👀 WATCH,"Weekly RSI 63.03 > 50, but Hourly RSI has not touched 30 (current 68.54)"
2026-08-18 12:05:54,NSE:PARAS,1492.3,73.31,69.95,3.36,2026-08-18 12:00,85.58,69.69,15.89,YES,,,,,,,15m logic removed,,,,,WATCH,👀 WATCH,"Weekly RSI 73.31 > 50, but Hourly RSI has not touched 30 (current 85.58)"
2026-08-18 12:05:55,NSE:PHOENIXLTD,1927.7,55.86,53.56,2.3,2026-08-18 12:00,61.4,62.59,-1.18,NO,,,,,,,15m logic removed,,,,,WATCH,👀 WATCH,"Weekly RSI 55.86 > 50, but Hourly RSI has not touched 30 (current 61.40)"
2026-08-18 12:05:57,NSE:POLYMED,1779.9,60.23,60.69,-0.46,2026-08-18 12:00,49.65,37.37,12.28,YES,,,,,,,15m logic removed,,,,,WATCH,👀 WATCH,"Weekly RSI 60.23 > 50, but Hourly RSI has not touched 30 (current 49.65)"
2026-08-18 12:05:58,NSE:POWERINDIA,35370.0,61.39,62.34,-0.95,2026-08-18 12:00,48.68,51.15,-2.47,NO,,,,,,,15m logic removed,,,,,WATCH,👀 WATCH,"Weekly RSI 61.39 > 50, but Hourly RSI has not touched 30 (current 48.68)"
2026-08-18 12:06:00,NSE:PPLPHARMA,209.81,69.98,68.8,1.18,2026-08-18 12:00,54.96,36.42,18.54,YES,,,,,,,15m logic removed,,,,,WATCH,👀 WATCH,"Weekly RSI 69.98 > 50, but Hourly RSI has not touched 30 (current 54.96)"
2026-08-18 12:06:01,NSE:PRESTIGE,1605.2,56.2,55.42,0.79,2026-08-18 12:00,56.44,50.69,5.75,YES,,,,,,,15m logic removed,,,,,WATCH,👀 WATCH,"Weekly RSI 56.20 > 50, but Hourly RSI has not touched 30 (current 56.44)"
2026-08-18 12:06:02,NSE:RADICO,4670.9,86.85,86.65,0.2,2026-08-18 12:00,62.74,70.69,-7.95,NO,,,,,,,15m logic removed,,,,,WATCH,👀 WATCH,"Weekly RSI 86.85 > 50, but Hourly RSI has not touched 30 (current 62.74)"
2026-08-18 12:06:04,NSE:RKFORGE,753.15,74.09,72.41,1.69,2026-08-18 12:00,65.08,65.72,-0.65,NO,,,,,,,15m logic removed,,,,,WATCH,👀 WATCH,"Weekly RSI 74.09 > 50, but Hourly RSI has not touched 30 (current 65.08)"
2026-08-18 12:06:05,NSE:RRKABEL,2811.2,77.74,77.31,0.43,2026-08-18 12:00,59.63,44.81,14.82,YES,,,,,,,15m logic removed,,,,,WATCH,👀 WATCH,"Weekly RSI 77.74 > 50, but Hourly RSI has not touched 30 (current 59.63)"
2026-08-18 12:06:07,NSE:SAILIFE,1441.7,78.89,80.21,-1.32,2026-08-18 12:00,52.42,37.28,15.14,YES,,,,,,,15m logic removed,,,,,WATCH,👀 WATCH,"Weekly RSI 78.89 > 50, but Hourly RSI has not touched 30 (current 52.42)"
2026-08-18 12:06:08,NSE:SAREGAMA,513.85,68.42,73.51,-5.08,2026-08-18 12:00,40.47,45.51,-5.04,NO,,,,,,,15m logic removed,,,,,WATCH,👀 WATCH,"Weekly RSI 68.42 > 50, but Hourly RSI has not touched 30 (current 40.47)"
2026-08-18 12:06:09,NSE:SIGNATURE,808.55,45.75,45.82,-0.07,2026-08-18 12:00,51.94,41.59,10.35,YES,,,,,,,15m logic removed,,,,,IGNORE,❌ IGNORE,Weekly RSI 45.75 <= 50
2026-08-18 12:06:11,NSE:SOBHA,1318.8,43.48,44.17,-0.69,2026-08-18 12:00,41.75,44.16,-2.41,NO,,,,,,,15m logic removed,,,,,IGNORE,❌ IGNORE,Weekly RSI 43.48 <= 50
2026-08-18 12:06:12,NSE:SOLARINDS,20113.0,71.86,71.31,0.55,2026-08-18 12:00,63.86,61.19,2.66,YES,,,,,,,15m logic removed,,,,,WATCH,👀 WATCH,"Weekly RSI 71.86 > 50, but Hourly RSI has not touched 30 (current 63.86)"
2026-08-18 12:06:13,NSE:SONACOMS,817.3,78.15,76.36,1.79,2026-08-18 12:00,65.72,54.21,11.51,YES,,,,,,,15m logic removed,,,,,WATCH,👀 WATCH,"Weekly RSI 78.15 > 50, but Hourly RSI has not touched 30 (current 65.72)"
2026-08-18 12:06:14,NSE:SYRMA,1496.0,70.51,69.38,1.13,2026-08-18 12:00,59.03,50.95,8.08,YES,,,,,,,15m logic removed,,,,,WATCH,👀 WATCH,"Weekly RSI 70.51 > 50, but Hourly RSI has not touched 30 (current 59.03)"
2026-08-18 12:06:15,NSE:TORNTPHARM,4973.0,64.29,61.07,3.22,2026-08-18 12:00,63.76,53.64,10.13,YES,,,,,,,15m logic removed,,,,,WATCH,👀 WATCH,"Weekly RSI 64.29 > 50, but Hourly RSI has not touched 30 (current 63.76)"
2026-08-18 12:06:17,NSE:TVSMOTOR,4373.8,68.44,67.22,1.22,2026-08-18 12:00,53.86,57.39,-3.53,NO,,,,,,,15m logic removed,,,,,WATCH,👀 WATCH,"Weekly RSI 68.44 > 50, but Hourly RSI has not touched 30 (current 53.86)"
2026-08-18 12:06:18,NSE:UNIMECH,1503.0,74.14,76.02,-1.88,2026-08-18 12:00,58.23,60.47,-2.24,NO,,,,,,,15m logic removed,,,,,WATCH,👀 WATCH,"Weekly RSI 74.14 > 50, but Hourly RSI has not touched 30 (current 58.23)"
2026-08-18 12:06:19,NSE:UNOMINDA,1269.9,60.79,58.5,2.29,2026-08-18 12:00,64.62,64.62,0.0,NO,,,,,,,15m logic removed,,,,,WATCH,👀 WATCH,"Weekly RSI 60.79 > 50, but Hourly RSI has not touched 30 (current 64.62)"
2026-08-18 12:06:20,NSE:VIJAYA,1505.3,71.06,69.58,1.48,2026-08-18 12:00,60.9,63.24,-2.33,NO,,,,,,,15m logic removed,,,,,WATCH,👀 WATCH,"Weekly RSI 71.06 > 50, but Hourly RSI has not touched 30 (current 60.90)"
2026-08-18 12:06:22,NSE:WELCORP,1899.3,88.88,88.47,0.42,2026-08-18 12:00,66.71,59.84,6.87,YES,,,,,,,15m logic removed,,,,,WATCH,👀 WATCH,"Weekly RSI 88.88 > 50, but Hourly RSI has not touched 30 (current 66.71)"
2026-08-18 12:06:23,NSE:WOCKPHARMA,1868.9,57.08,60.66,-3.58,2026-08-18 12:00,34.34,42.6,-8.26,NO,,,,,,,15m logic removed,,,,,WATCH,👀 WATCH,"Weekly RSI 57.08 > 50, but Hourly RSI has not touched 30 (current 34.34)"
2026-08-18 12:06:24,NSE:ZENTEC,1966.0,62.63,58.95,3.68,2026-08-18 12:00,81.5,63.11,18.39,YES,,,,,,,15m logic removed,,,,,WATCH,👀 WATCH,"Weekly RSI 62.63 > 50, but Hourly RSI has not touched 30 (current 81.50)"
2026-08-18 12:06:25,NSE:ZYDUSLIFE,1127.6,63.78,65.38,-1.6,2026-08-18 12:00,36.08,38.01,-1.93,NO,,,,,,,15m logic removed,,,,,WATCH,👀 WATCH,"Weekly RSI 63.78 > 50, but Hourly RSI has not touched 30 (current 36.08)"
2026-08-18 12:06:26,PARAS,1492.3,73.31,69.95,3.36,2026-08-18 12:00,85.58,69.69,15.89,YES,,,,,,,15m logic removed,,,,,WATCH,👀 WATCH,"Weekly RSI 73.31 > 50, but Hourly RSI has not touched 30 (current 85.58)"
2026-08-18 12:06:28,KALYANKJIL,604.0,70.89,71.82,-0.93,2026-08-18 12:00,44.69,51.96,-7.27,NO,,,,,,,15m logic removed,,,,,WATCH,👀 WATCH,"Weekly RSI 70.89 > 50, but Hourly RSI has not touched 30 (current 44.69)"
2026-08-18 12:06:29,CYIENTDLM,747.2,86.55,84.24,2.31,2026-08-18 12:00,72.3,69.29,3.01,YES,,,,,,,15m logic removed,,,,,WATCH,👀 WATCH,"Weekly RSI 86.55 > 50, but Hourly RSI has not touched 30 (current 72.30)"
2026-08-18 12:06:30,UNIMECH,1504.1,74.25,76.02,-1.78,2026-08-18 12:00,58.71,60.47,-1.76,NO,,,,,,,15m logic removed,,,,,WATCH,👀 WATCH,"Weekly RSI 74.25 > 50, but Hourly RSI has not touched 30 (current 58.71)"
2026-08-18 12:06:31,SYRMA,1496.4,70.52,69.38,1.14,2026-08-18 12:00,59.14,50.95,8.19,YES,,,,,,,15m logic removed,,,,,WATCH,👀 WATCH,"Weekly RSI 70.52 > 50, but Hourly RSI has not touched 30 (current 59.14)"
2026-08-18 12:06:32,HFCL,228.02,77.33,76.42,0.91,2026-08-18 12:00,62.42,43.81,18.61,YES,,,,,,,15m logic removed,,,,,WATCH,👀 WATCH,"Weekly RSI 77.33 > 50, but Hourly RSI has not touched 30 (current 62.42)"
2026-08-18 12:06:33,WELCORP,1899.4,88.89,88.47,0.42,2026-08-18 12:00,66.74,59.84,6.9,YES,,,,,,,15m logic removed,,,,,WATCH,👀 WATCH,"Weekly RSI 88.89 > 50, but Hourly RSI has not touched 30 (current 66.74)"
2026-08-18 12:06:35,TBOTEK,1713.2,68.26,64.85,3.41,2026-08-18 12:00,73.84,71.12,2.72,YES,,,,,,,15m logic removed,,,,,WATCH,👀 WATCH,"Weekly RSI 68.26 > 50, but Hourly RSI has not touched 30 (current 73.84)"
2026-08-18 12:06:36,NAUKRI,1363.4,71.33,70.25,1.08,2026-08-18 12:00,60.34,56.44,3.9,YES,,,,,,,15m logic removed,,,,,WATCH,👀 WATCH,"Weekly RSI 71.33 > 50, but Hourly RSI has not touched 30 (current 60.34)"
2026-08-18 12:06:37,AKUMS,749.9,72.73,70.82,1.91,2026-08-18 12:00,58.25,53.28,4.97,YES,,,,,,,15m logic removed,,,,,WATCH,👀 WATCH,"Weekly RSI 72.73 > 50, but Hourly RSI has not touched 30 (current 58.25)"
2026-08-18 12:19:28,NSE:LGEINDIA,1654.7,55.19,60.65,-5.47,2026-08-18 12:00,52.19,55.5,-3.31,NO,,,,,,,15m logic removed,,,,,WATCH,👀 WATCH,"Weekly RSI 55.19 > 50, but Hourly RSI has not touched 30 (current 52.19)"
2026-08-18 12:19:29,NSE:ASTRAL,1521.9,51.92,54.81,-2.89,2026-08-18 12:00,44.9,54.86,-9.95,NO,,,,,,,15m logic removed,,,,,WATCH,👀 WATCH,"Weekly RSI 51.92 > 50, but Hourly RSI has not touched 30 (current 44.90)"
2026-08-18 12:19:31,NSE:FINCABLES,1312.0,68.59,65.92,2.67,2026-08-18 12:00,70.13,73.98,-3.85,NO,,,,,,,15m logic removed,,,,,WATCH,👀 WATCH,"Weekly RSI 68.59 > 50, but Hourly RSI has not touched 30 (current 70.13)"
2026-08-18 12:19:32,NSE:GODREJAGRO,590.2,52.35,50.07,2.28,2026-08-18 12:00,69.27,74.36,-5.09,NO,,,,,,,15m logic removed,,,,,WATCH,👀 WATCH,"Weekly RSI 52.35 > 50, but Hourly RSI has not touched 30 (current 69.27)"
2026-08-18 12:19:33,NSE:HAPPSTMNDS,419.0,57.12,57.5,-0.38,2026-08-18 12:00,56.88,66.54,-9.66,NO,,,,,,,15m logic removed,,,,,WATCH,👀 WATCH,"Weekly RSI 57.12 > 50, but Hourly RSI has not touched 30 (current 56.88)"
2026-08-18 12:19:35,NSE:NAZARA,354.25,71.86,72.74,-0.88,2026-08-18 12:00,51.2,36.05,15.16,YES,,,,,,,15m logic removed,,,,,WATCH,👀 WATCH,"Weekly RSI 71.86 > 50, but Hourly RSI has not touched 30 (current 51.20)"
2026-08-18 12:19:36,NSE:OFSS,11744.0,66.99,68.0,-1.01,2026-08-18 12:00,51.53,55.31,-3.78,NO,,,,,,,15m logic removed,,,,,WATCH,👀 WATCH,"Weekly RSI 66.99 > 50, but Hourly RSI has not touched 30 (current 51.53)"
2026-08-18 12:19:37,NSE:REDINGTON,328.65,63.41,64.98,-1.57,2026-08-18 12:00,29.54,36.71,-7.16,NO,,,,,,,15m logic removed,,,,,WATCH,👀 WATCH,Weekly RSI 63.41 > 50 + Hourly RSI touched 30 + 15m price confirmation failed (Close 328.95 <= Previous High 330.0)
2026-08-18 12:19:39,NSE:AARTIIND,523.65,63.12,66.18,-3.06,2026-08-18 12:00,48.25,49.76,-1.51,NO,,,,,,,15m logic removed,,,,,WATCH,👀 WATCH,"Weekly RSI 63.12 > 50, but Hourly RSI has not touched 30 (current 48.25)"
2026-08-18 12:19:40,NSE:ABB,7597.0,62.36,63.4,-1.04,2026-08-18 12:00,38.27,46.3,-8.03,NO,,,,,,,15m logic removed,,,,,WATCH,👀 WATCH,"Weekly RSI 62.36 > 50, but Hourly RSI has not touched 30 (current 38.27)"
2026-08-18 12:19:41,NSE:ACMESOLAR,364.4,62.12,65.76,-3.64,2026-08-18 12:00,35.74,36.88,-1.14,NO,,,,,,,15m logic removed,,,,,WATCH,👀 WATCH,"Weekly RSI 62.12 > 50, but Hourly RSI has not touched 30 (current 35.74)"
2026-08-18 12:19:42,NSE:ADANIENSOL,1603.3,64.87,66.1,-1.23,2026-08-18 12:00,51.23,42.84,8.39,YES,,,,,,,15m logic removed,,,,,WATCH,👀 WATCH,"Weekly RSI 64.87 > 50, but Hourly RSI has not touched 30 (current 51.23)"
2026-08-18 12:19:43,NSE:AEGISLOG,1342.0,69.53,66.7,2.83,2026-08-18 12:00,72.41,53.03,19.38,YES,,,,,,,15m logic removed,,,,,WATCH,👀 WATCH,"Weekly RSI 69.53 > 50, but Hourly RSI has not touched 30 (current 72.41)"
2026-08-18 12:19:45,NSE:AJANTPHARM,3724.6,75.5,74.36,1.14,2026-08-18 12:00,78.67,78.51,0.17,YES,,,,,,,15m logic removed,,,,,WATCH,👀 WATCH,"Weekly RSI 75.50 > 50, but Hourly RSI has not touched 30 (current 78.67)"
2026-08-18 12:19:46,NSE:AKUMS,750.0,72.73,70.82,1.91,2026-08-18 12:00,58.31,53.28,5.03,YES,,,,,,,15m logic removed,,,,,WATCH,👀 WATCH,"Weekly RSI 72.73 > 50, but Hourly RSI has not touched 30 (current 58.31)"
2026-08-18 12:19:47,NSE:ALIVUS,1385.7,78.26,78.41,-0.15,2026-08-18 12:00,53.34,59.17,-5.83,NO,,,,,,,15m logic removed,,,,,WATCH,👀 WATCH,"Weekly RSI 78.26 > 50, but Hourly RSI has not touched 30 (current 53.34)"
2026-08-18 12:19:48,NSE:ANANDRATHI,2186.0,75.36,74.94,0.42,2026-08-18 12:00,58.4,50.24,8.16,YES,,,,,,,15m logic removed,,,,,WATCH,👀 WATCH,"Weekly RSI 75.36 > 50, but Hourly RSI has not touched 30 (current 58.40)"
2026-08-18 12:19:50,NSE:ANANTRAJ,630.65,61.66,61.58,0.08,2026-08-18 12:00,61.65,54.63,7.02,YES,,,,,,,15m logic removed,,,,,WATCH,👀 WATCH,"Weekly RSI 61.66 > 50, but Hourly RSI has not touched 30 (current 61.65)"
2026-08-18 12:19:51,NSE:APARINDS,16874.0,72.11,71.5,0.61,2026-08-18 12:00,52.96,42.37,10.59,YES,,,,,,,15m logic removed,,,,,WATCH,👀 WATCH,"Weekly RSI 72.11 > 50, but Hourly RSI has not touched 30 (current 52.96)"
2026-08-18 12:19:53,NSE:ASHOKLEY,176.83,56.46,54.11,2.35,2026-08-18 12:00,53.01,53.92,-0.91,NO,,,,,,,15m logic removed,,,,,WATCH,👀 WATCH,"Weekly RSI 56.46 > 50, but Hourly RSI has not touched 30 (current 53.01)"
2026-08-18 12:19:54,NSE:ASTRAMICRO,1742.2,67.83,67.72,0.11,2026-08-18 12:00,57.99,42.97,15.02,YES,,,,,,,15m logic removed,,,,,WATCH,👀 WATCH,"Weekly RSI 67.83 > 50, but Hourly RSI has not touched 30 (current 57.99)"
2026-08-18 12:19:55,NSE:ATHERENERG,1468.2,76.52,80.74,-4.21,2026-08-18 12:00,31.23,35.93,-4.7,NO,,,,,,,15m logic removed,,,,,SETUP,🔥 SETUP,Weekly RSI 76.52 > 50 + Hourly RSI touched 30 + 15m Close > Previous 15m High
2026-08-18 12:19:57,NSE:AUROPHARMA,1636.0,67.98,67.08,0.89,2026-08-18 12:00,48.99,44.03,4.96,YES,,,,,,,15m logic removed,,,,,WATCH,👀 WATCH,"Weekly RSI 67.98 > 50, but Hourly RSI has not touched 30 (current 48.99)"
2026-08-18 12:19:58,NSE:BAJAJ-AUTO,11649.0,70.98,72.09,-1.11,2026-08-18 12:00,42.36,44.04,-1.68,NO,,,,,,,15m logic removed,,,,,WATCH,👀 WATCH,"Weekly RSI 70.98 > 50, but Hourly RSI has not touched 30 (current 42.36)"
2026-08-18 12:19:59,NSE:BALRAMCHIN,663.0,74.72,70.01,4.71,2026-08-18 12:00,76.15,72.74,3.41,YES,,,,,,,15m logic removed,,,,,WATCH,👀 WATCH,"Weekly RSI 74.72 > 50, but Hourly RSI has not touched 30 (current 76.15)"
2026-08-18 12:20:00,NSE:BDL,1376.8,53.05,54.59,-1.54,2026-08-18 12:00,57.22,59.46,-2.24,NO,,,,,,,15m logic removed,,,,,WATCH,👀 WATCH,"Weekly RSI 53.05 > 50, but Hourly RSI has not touched 30 (current 57.22)"
2026-08-18 12:20:01,NSE:BEML,1948.1,59.5,55.85,3.66,2026-08-18 12:00,68.9,57.48,11.42,YES,,,,,,,15m logic removed,,,,,WATCH,👀 WATCH,"Weekly RSI 59.50 > 50, but Hourly RSI has not touched 30 (current 68.90)"
2026-08-18 12:20:03,NSE:BHARATFORG,2089.2,58.63,57.47,1.16,2026-08-18 12:00,50.31,52.12,-1.81,NO,,,,,,,15m logic removed,,,,,WATCH,👀 WATCH,"Weekly RSI 58.63 > 50, but Hourly RSI has not touched 30 (current 50.31)"
2026-08-18 12:20:04,NSE:BHEL,426.6,66.35,65.48,0.87,2026-08-18 12:00,54.78,70.96,-16.18,NO,,,,,,,15m logic removed,,,,,WATCH,👀 WATCH,"Weekly RSI 66.35 > 50, but Hourly RSI has not touched 30 (current 54.78)"
2026-08-18 12:20:05,NSE:BOSCHLTD,48310.0,74.72,72.96,1.76,2026-08-18 12:00,75.24,60.0,15.24,YES,,,,,,,15m logic removed,,,,,WATCH,👀 WATCH,"Weekly RSI 74.72 > 50, but Hourly RSI has not touched 30 (current 75.24)"
2026-08-18 12:20:06,NSE:BRIGADE,596.6,55.62,54.87,0.76,2026-08-18 12:00,56.19,50.54,5.65,YES,,,,,,,15m logic removed,,,,,WATCH,👀 WATCH,"Weekly RSI 55.62 > 50, but Hourly RSI has not touched 30 (current 56.19)"
2026-08-18 12:20:07,NSE:CAPLIPOINT,2541.7,67.54,65.36,2.18,2026-08-18 12:00,58.55,55.11,3.44,YES,,,,,,,15m logic removed,,,,,WATCH,👀 WATCH,"Weekly RSI 67.54 > 50, but Hourly RSI has not touched 30 (current 58.55)"
2026-08-18 12:20:09,NSE:CGPOWER,895.0,58.93,58.34,0.59,2026-08-18 12:00,60.18,67.68,-7.5,NO,,,,,,,15m logic removed,,,,,WATCH,👀 WATCH,"Weekly RSI 58.93 > 50, but Hourly RSI has not touched 30 (current 60.18)"
2026-08-18 12:20:10,NSE:CHENNPETRO,1422.8,74.42,69.87,4.55,2026-08-18 12:00,73.92,64.69,9.23,YES,,,,,,,15m logic removed,,,,,WATCH,👀 WATCH,"Weekly RSI 74.42 > 50, but Hourly RSI has not touched 30 (current 73.92)"
2026-08-18 12:20:11,NSE:COHANCE,452.65,50.77,48.61,2.17,2026-08-18 12:00,62.82,55.0,7.81,YES,,,,,,,15m logic removed,,,,,WATCH,👀 WATCH,"Weekly RSI 50.77 > 50, but Hourly RSI has not touched 30 (current 62.82)"
2026-08-18 12:20:12,NSE:CYIENTDLM,747.8,86.57,84.24,2.33,2026-08-18 12:00,72.52,69.29,3.23,YES,,,,,,,15m logic removed,,,,,WATCH,👀 WATCH,"Weekly RSI 86.57 > 50, but Hourly RSI has not touched 30 (current 72.52)"
2026-08-18 12:20:14,NSE:DATAPATTNS,4660.7,63.32,60.33,2.99,2026-08-18 12:00,72.83,58.21,14.61,YES,,,,,,,15m logic removed,,,,,WATCH,👀 WATCH,"Weekly RSI 63.32 > 50, but Hourly RSI has not touched 30 (current 72.83)"
2026-08-18 12:20:15,NSE:DIVISLAB,8587.0,84.18,83.43,0.76,2026-08-18 12:00,61.6,49.68,11.93,YES,,,,,,,15m logic removed,,,,,WATCH,👀 WATCH,"Weekly RSI 84.18 > 50, but Hourly RSI has not touched 30 (current 61.60)"
2026-08-18 12:20:16,NSE:DLF,679.85,58.17,55.85,2.32,2026-08-18 12:00,69.21,60.92,8.29,YES,,,,,,,15m logic removed,,,,,WATCH,👀 WATCH,"Weekly RSI 58.17 > 50, but Hourly RSI has not touched 30 (current 69.21)"
2026-08-18 12:20:18,NSE:DYNAMATECH,11325.0,57.41,56.53,0.89,2026-08-18 12:00,66.29,56.51,9.78,YES,,,,,,,15m logic removed,,,,,WATCH,👀 WATCH,"Weekly RSI 57.41 > 50, but Hourly RSI has not touched 30 (current 66.29)"
2026-08-18 12:20:19,NSE:EICHERMOT,8088.5,64.89,64.56,0.33,2026-08-18 12:00,55.3,47.13,8.17,YES,,,,,,,15m logic removed,,,,,WATCH,👀 WATCH,"Weekly RSI 64.89 > 50, but Hourly RSI has not touched 30 (current 55.30)"
2026-08-18 12:20:20,NSE:ENRIN,3610.8,57.16,55.76,1.4,2026-08-18 12:00,61.73,62.01,-0.28,NO,,,,,,,15m logic removed,,,,,WATCH,👀 WATCH,"Weekly RSI 57.16 > 50, but Hourly RSI has not touched 30 (current 61.73)"
2026-08-18 12:20:21,NSE:EXIDEIND,466.8,69.09,72.73,-3.63,2026-08-18 12:00,30.51,41.47,-10.96,NO,,,,,,,15m logic removed,,,,,WATCH,👀 WATCH,"Weekly RSI 69.09 > 50, but Hourly RSI has not touched 30 (current 30.51)"
2026-08-18 12:20:23,NSE:GLAND,2897.4,75.36,79.58,-4.22,2026-08-18 12:00,47.88,48.81,-0.93,NO,,,,,,,15m logic removed,,,,,WATCH,👀 WATCH,"Weekly RSI 75.36 > 50, but Hourly RSI has not touched 30 (current 47.88)"
2026-08-18 12:20:24,NSE:GODREJPROP,2030.1,56.47,54.63,1.84,2026-08-18 12:00,53.24,62.29,-9.05,NO,,,,,,,15m logic removed,,,,,WATCH,👀 WATCH,"Weekly RSI 56.47 > 50, but Hourly RSI has not touched 30 (current 53.24)"
2026-08-18 12:20:25,NSE:GRANULES,852.85,65.37,66.44,-1.07,2026-08-18 12:00,43.68,53.96,-10.28,NO,,,,,,,15m logic removed,,,,,WATCH,👀 WATCH,"Weekly RSI 65.37 > 50, but Hourly RSI has not touched 30 (current 43.68)"
2026-08-18 12:20:27,NSE:HAL,5100.3,68.71,67.39,1.32,2026-08-18 12:00,69.98,63.95,6.03,YES,,,,,,,15m logic removed,,,,,WATCH,👀 WATCH,"Weekly RSI 68.71 > 50, but Hourly RSI has not touched 30 (current 69.98)"
2026-08-18 12:20:28,NSE:HEROMOTOCO,5715.5,61.58,63.8,-2.22,2026-08-18 12:00,36.97,40.81,-3.84,NO,,,,,,,15m logic removed,,,,,WATCH,👀 WATCH,"Weekly RSI 61.58 > 50, but Hourly RSI has not touched 30 (current 36.97)"
2026-08-18 12:20:30,NSE:HFCL,229.05,77.51,76.42,1.09,2026-08-18 12:00,63.79,43.81,19.98,YES,,,,,,,15m logic removed,,,,,WATCH,👀 WATCH,"Weekly RSI 77.51 > 50, but Hourly RSI has not touched 30 (current 63.79)"
2026-08-18 12:20:31,NSE:HONASA,473.65,68.46,79.49,-11.03,2026-08-18 12:00,39.76,45.33,-5.57,NO,,,,,,,15m logic removed,,,,,WATCH,👀 WATCH,"Weekly RSI 68.46 > 50, but Hourly RSI has not touched 30 (current 39.76)"
2026-08-18 12:20:32,NSE:HSCL,775.85,71.28,72.38,-1.1,2026-08-18 12:00,47.59,57.99,-10.4,NO,,,,,,,15m logic removed,,,,,WATCH,👀 WATCH,"Weekly RSI 71.28 > 50, but Hourly RSI has not touched 30 (current 47.59)"
2026-08-18 12:20:34,NSE:IFCI,80.98,61.9,58.71,3.19,2026-08-18 12:00,72.67,64.85,7.82,YES,,,,,,,15m logic removed,,,,,WATCH,👀 WATCH,"Weekly RSI 61.90 > 50, but Hourly RSI has not touched 30 (current 72.67)"
2026-08-18 12:20:35,NSE:INOXINDIA,1951.5,73.16,72.82,0.34,2026-08-18 12:00,53.97,51.54,2.43,YES,,,,,,,15m logic removed,,,,,WATCH,👀 WATCH,"Weekly RSI 73.16 > 50, but Hourly RSI has not touched 30 (current 53.97)"
2026-08-18 12:20:36,NSE:IPCALAB,1886.3,65.74,57.98,7.77,2026-08-18 12:00,70.41,68.79,1.62,YES,,,,,,,15m logic removed,,,,,WATCH,👀 WATCH,"Weekly RSI 65.74 > 50, but Hourly RSI has not touched 30 (current 70.41)"
2026-08-18 12:20:38,NSE:JINDALSAW,266.85,61.17,61.29,-0.12,2026-08-18 12:00,45.79,58.05,-12.25,NO,,,,,,,15m logic removed,,,,,WATCH,👀 WATCH,"Weekly RSI 61.17 > 50, but Hourly RSI has not touched 30 (current 45.79)"
2026-08-18 12:20:39,NSE:KIRLOSENG,2105.0,59.13,58.99,0.14,2026-08-18 12:00,53.16,50.77,2.39,YES,,,,,,,15m logic removed,,,,,WATCH,👀 WATCH,"Weekly RSI 59.13 > 50, but Hourly RSI has not touched 30 (current 53.16)"
2026-08-18 12:20:40,NSE:LALPATHLAB,1892.9,70.09,72.68,-2.59,2026-08-18 12:00,36.76,19.65,17.12,YES,,,,,,,15m logic removed,,,,,WATCH,👀 WATCH,Weekly RSI 70.09 > 50 + Hourly RSI touched 30 + 15m price confirmation failed (Close 1892.3 <= Previous High 1911.8)
2026-08-18 12:20:41,NSE:LAURUSLABS,1821.8,80.6,79.62,0.98,2026-08-18 12:00,52.81,46.24,6.57,YES,,,,,,,15m logic removed,,,,,WATCH,👀 WATCH,"Weekly RSI 80.60 > 50, but Hourly RSI has not touched 30 (current 52.81)"
2026-08-18 12:20:42,NSE:LLOYDSME,1931.0,63.9,63.36,0.54,2026-08-18 12:00,46.95,50.05,-3.1,NO,,,,,,,15m logic removed,,,,,WATCH,👀 WATCH,"Weekly RSI 63.90 > 50, but Hourly RSI has not touched 30 (current 46.95)"
2026-08-18 12:20:43,NSE:LODHA,1239.4,63.4,63.8,-0.4,2026-08-18 12:00,51.98,60.92,-8.94,NO,,,,,,,15m logic removed,,,,,WATCH,👀 WATCH,"Weekly RSI 63.40 > 50, but Hourly RSI has not touched 30 (current 51.98)"
2026-08-18 12:20:45,NSE:M&M,3429.8,57.72,57.66,0.05,2026-08-18 12:00,53.45,39.7,13.74,YES,,,,,,,15m logic removed,,,,,WATCH,👀 WATCH,"Weekly RSI 57.72 > 50, but Hourly RSI has not touched 30 (current 53.45)"
2026-08-18 12:20:46,NSE:MAZDOCK,2579.6,54.73,54.76,-0.02,2026-08-18 12:00,56.77,52.67,4.11,YES,,,,,,,15m logic removed,,,,,WATCH,👀 WATCH,"Weekly RSI 54.73 > 50, but Hourly RSI has not touched 30 (current 56.77)"
2026-08-18 12:20:47,NSE:MIDHANI,433.3,59.03,55.61,3.42,2026-08-18 12:00,55.32,51.38,3.95,YES,,,,,,,15m logic removed,,,,,WATCH,👀 WATCH,"Weekly RSI 59.03 > 50, but Hourly RSI has not touched 30 (current 55.32)"
2026-08-18 12:20:48,NSE:MOTHERSON,170.66,75.06,74.11,0.95,2026-08-18 12:00,67.53,50.12,17.41,YES,,,,,,,15m logic removed,,,,,WATCH,👀 WATCH,"Weekly RSI 75.06 > 50, but Hourly RSI has not touched 30 (current 67.53)"
2026-08-18 12:20:49,NSE:MTARTECH,7185.0,61.18,60.33,0.85,2026-08-18 12:00,57.13,49.9,7.23,YES,,,,,,,15m logic removed,,,,,WATCH,👀 WATCH,"Weekly RSI 61.18 > 50, but Hourly RSI has not touched 30 (current 57.13)"
2026-08-18 12:20:50,NSE:NETWEB,5334.0,67.35,63.88,3.47,2026-08-18 12:00,73.71,66.61,7.1,YES,,,,,,,15m logic removed,,,,,WATCH,👀 WATCH,"Weekly RSI 67.35 > 50, but Hourly RSI has not touched 30 (current 73.71)"
2026-08-18 12:20:52,NSE:NEULANDLAB,23425.0,77.7,77.48,0.22,2026-08-18 12:00,57.36,67.9,-10.54,NO,,,,,,,15m logic removed,,,,,WATCH,👀 WATCH,"Weekly RSI 77.70 > 50, but Hourly RSI has not touched 30 (current 57.36)"
2026-08-18 12:20:53,NSE:OBEROIRLTY,1920.6,63.14,59.06,4.08,2026-08-18 12:00,69.48,74.06,-4.58,NO,,,,,,,15m logic removed,,,,,WATCH,👀 WATCH,"Weekly RSI 63.14 > 50, but Hourly RSI has not touched 30 (current 69.48)"
2026-08-18 12:20:54,NSE:PARAS,1495.0,73.38,69.95,3.43,2026-08-18 12:00,85.77,69.69,16.08,YES,,,,,,,15m logic removed,,,,,WATCH,👀 WATCH,"Weekly RSI 73.38 > 50, but Hourly RSI has not touched 30 (current 85.77)"
2026-08-18 12:20:55,NSE:PHOENIXLTD,1931.8,56.09,53.56,2.54,2026-08-18 12:00,63.26,62.59,0.67,YES,,,,,,,15m logic removed,,,,,WATCH,👀 WATCH,"Weekly RSI 56.09 > 50, but Hourly RSI has not touched 30 (current 63.26)"
2026-08-18 12:20:57,NSE:POLYMED,1773.7,59.79,60.69,-0.9,2026-08-18 12:00,48.02,37.37,10.66,YES,,,,,,,15m logic removed,,,,,WATCH,👀 WATCH,"Weekly RSI 59.79 > 50, but Hourly RSI has not touched 30 (current 48.02)"
2026-08-18 12:20:58,NSE:POWERINDIA,35390.0,61.44,62.34,-0.9,2026-08-18 12:00,49.28,51.15,-1.87,NO,,,,,,,15m logic removed,,,,,WATCH,👀 WATCH,"Weekly RSI 61.44 > 50, but Hourly RSI has not touched 30 (current 49.28)"
2026-08-18 12:20:59,NSE:PPLPHARMA,209.8,69.97,68.8,1.18,2026-08-18 12:00,54.93,36.42,18.52,YES,,,,,,,15m logic removed,,,,,WATCH,👀 WATCH,"Weekly RSI 69.97 > 50, but Hourly RSI has not touched 30 (current 54.93)"
2026-08-18 12:21:00,NSE:PRESTIGE,1604.4,56.16,55.42,0.74,2026-08-18 12:00,56.13,50.69,5.44,YES,,,,,,,15m logic removed,,,,,WATCH,👀 WATCH,"Weekly RSI 56.16 > 50, but Hourly RSI has not touched 30 (current 56.13)"
2026-08-18 12:21:01,NSE:RADICO,4670.7,86.85,86.65,0.2,2026-08-18 12:00,62.68,70.69,-8.01,NO,,,,,,,15m logic removed,,,,,WATCH,👀 WATCH,"Weekly RSI 86.85 > 50, but Hourly RSI has not touched 30 (current 62.68)"
2026-08-18 12:21:03,NSE:RKFORGE,752.8,74.07,72.41,1.66,2026-08-18 12:00,64.52,65.72,-1.2,NO,,,,,,,15m logic removed,,,,,WATCH,👀 WATCH,"Weekly RSI 74.07 > 50, but Hourly RSI has not touched 30 (current 64.52)"
2026-08-18 12:21:04,NSE:RRKABEL,2813.6,77.78,77.31,0.47,2026-08-18 12:00,60.11,44.81,15.29,YES,,,,,,,15m logic removed,,,,,WATCH,👀 WATCH,"Weekly RSI 77.78 > 50, but Hourly RSI has not touched 30 (current 60.11)"
2026-08-18 12:21:05,NSE:SAILIFE,1438.5,78.39,80.21,-1.83,2026-08-18 12:00,50.67,37.28,13.39,YES,,,,,,,15m logic removed,,,,,WATCH,👀 WATCH,"Weekly RSI 78.39 > 50, but Hourly RSI has not touched 30 (current 50.67)"
2026-08-18 12:21:06,NSE:SAREGAMA,513.0,68.13,73.51,-5.38,2026-08-18 12:00,39.87,45.51,-5.64,NO,,,,,,,15m logic removed,,,,,WATCH,👀 WATCH,"Weekly RSI 68.13 > 50, but Hourly RSI has not touched 30 (current 39.87)"
2026-08-18 12:21:07,NSE:SIGNATURE,808.75,45.77,45.82,-0.05,2026-08-18 12:00,52.17,41.59,10.59,YES,,,,,,,15m logic removed,,,,,IGNORE,❌ IGNORE,Weekly RSI 45.77 <= 50
2026-08-18 12:21:09,NSE:SOBHA,1318.8,43.48,44.17,-0.69,2026-08-18 12:00,41.75,44.16,-2.41,NO,,,,,,,15m logic removed,,,,,IGNORE,❌ IGNORE,Weekly RSI 43.48 <= 50
2026-08-18 12:21:10,NSE:SOLARINDS,20071.0,71.7,71.31,0.39,2026-08-18 12:00,62.91,61.19,1.72,YES,,,,,,,15m logic removed,,,,,WATCH,👀 WATCH,"Weekly RSI 71.70 > 50, but Hourly RSI has not touched 30 (current 62.91)"
2026-08-18 12:21:11,NSE:SONACOMS,817.8,78.18,76.36,1.82,2026-08-18 12:00,66.07,54.21,11.86,YES,,,,,,,15m logic removed,,,,,WATCH,👀 WATCH,"Weekly RSI 78.18 > 50, but Hourly RSI has not touched 30 (current 66.07)"
2026-08-18 12:21:12,NSE:SYRMA,1498.9,70.61,69.38,1.23,2026-08-18 12:00,59.83,50.95,8.88,YES,,,,,,,15m logic removed,,,,,WATCH,👀 WATCH,"Weekly RSI 70.61 > 50, but Hourly RSI has not touched 30 (current 59.83)"
2026-08-18 12:21:14,NSE:TORNTPHARM,4977.0,64.38,61.07,3.31,2026-08-18 12:00,64.19,53.64,10.56,YES,,,,,,,15m logic removed,,,,,WATCH,👀 WATCH,"Weekly RSI 64.38 > 50, but Hourly RSI has not touched 30 (current 64.19)"
2026-08-18 12:21:15,NSE:TVSMOTOR,4375.0,68.46,67.22,1.24,2026-08-18 12:00,54.19,57.39,-3.2,NO,,,,,,,15m logic removed,,,,,WATCH,👀 WATCH,"Weekly RSI 68.46 > 50, but Hourly RSI has not touched 30 (current 54.19)"
2026-08-18 12:21:16,NSE:UNIMECH,1510.3,74.83,76.02,-1.19,2026-08-18 12:00,61.15,60.47,0.69,YES,,,,,,,15m logic removed,,,,,WATCH,👀 WATCH,"Weekly RSI 74.83 > 50, but Hourly RSI has not touched 30 (current 61.15)"
2026-08-18 12:21:18,NSE:UNOMINDA,1269.4,60.75,58.5,2.25,2026-08-18 12:00,64.03,64.62,-0.59,NO,,,,,,,15m logic removed,,,,,WATCH,👀 WATCH,"Weekly RSI 60.75 > 50, but Hourly RSI has not touched 30 (current 64.03)"
2026-08-18 12:21:19,NSE:VIJAYA,1504.8,71.04,69.58,1.45,2026-08-18 12:00,60.67,63.24,-2.57,NO,,,,,,,15m logic removed,,,,,WATCH,👀 WATCH,"Weekly RSI 71.04 > 50, but Hourly RSI has not touched 30 (current 60.67)"
2026-08-18 12:21:21,NSE:WELCORP,1899.5,88.89,88.47,0.42,2026-08-18 12:00,66.78,59.84,6.94,YES,,,,,,,15m logic removed,,,,,WATCH,👀 WATCH,"Weekly RSI 88.89 > 50, but Hourly RSI has not touched 30 (current 66.78)"
2026-08-18 12:21:22,NSE:WOCKPHARMA,1867.1,56.99,60.66,-3.68,2026-08-18 12:00,33.92,42.6,-8.68,NO,,,,,,,15m logic removed,,,,,WATCH,👀 WATCH,"Weekly RSI 56.99 > 50, but Hourly RSI has not touched 30 (current 33.92)"
2026-08-18 12:21:23,NSE:ZENTEC,1971.0,62.78,58.95,3.83,2026-08-18 12:00,81.95,63.11,18.84,YES,,,,,,,15m logic removed,,,,,WATCH,👀 WATCH,"Weekly RSI 62.78 > 50, but Hourly RSI has not touched 30 (current 81.95)"
2026-08-18 12:21:25,NSE:ZYDUSLIFE,1125.6,63.37,65.38,-2.01,2026-08-18 12:00,35.17,38.01,-2.84,NO,,,,,,,15m logic removed,,,,,WATCH,👀 WATCH,"Weekly RSI 63.37 > 50, but Hourly RSI has not touched 30 (current 35.17)"
2026-08-18 12:21:26,PARAS,1494.1,73.36,69.95,3.41,2026-08-18 12:00,85.71,69.69,16.02,YES,,,,,,,15m logic removed,,,,,WATCH,👀 WATCH,"Weekly RSI 73.36 > 50, but Hourly RSI has not touched 30 (current 85.71)"
2026-08-18 12:21:27,KALYANKJIL,606.3,71.39,71.82,-0.43,2026-08-18 12:00,47.23,51.96,-4.73,NO,,,,,,,15m logic removed,,,,,WATCH,👀 WATCH,"Weekly RSI 71.39 > 50, but Hourly RSI has not touched 30 (current 47.23)"
2026-08-18 12:21:28,CYIENTDLM,748.35,86.59,84.24,2.35,2026-08-18 12:00,72.72,69.29,3.43,YES,,,,,,,15m logic removed,,,,,WATCH,👀 WATCH,"Weekly RSI 86.59 > 50, but Hourly RSI has not touched 30 (current 72.72)"
2026-08-18 12:21:29,UNIMECH,1508.1,74.62,76.02,-1.4,2026-08-18 12:00,60.5,60.47,0.03,YES,,,,,,,15m logic removed,,,,,WATCH,👀 WATCH,"Weekly RSI 74.62 > 50, but Hourly RSI has not touched 30 (current 60.50)"
2026-08-18 12:21:30,SYRMA,1499.2,70.62,69.38,1.24,2026-08-18 12:00,59.91,50.95,8.96,YES,,,,,,,15m logic removed,,,,,WATCH,👀 WATCH,"Weekly RSI 70.62 > 50, but Hourly RSI has not touched 30 (current 59.91)"
2026-08-18 12:21:31,HFCL,229.03,77.51,76.42,1.09,2026-08-18 12:00,63.76,43.81,19.95,YES,,,,,,,15m logic removed,,,,,WATCH,👀 WATCH,"Weekly RSI 77.51 > 50, but Hourly RSI has not touched 30 (current 63.76)"
2026-08-18 12:21:32,WELCORP,1899.5,88.89,88.47,0.42,2026-08-18 12:00,66.78,59.84,6.94,YES,,,,,,,15m logic removed,,,,,WATCH,👀 WATCH,"Weekly RSI 88.89 > 50, but Hourly RSI has not touched 30 (current 66.78)"
2026-08-18 12:21:34,TBOTEK,1714.0,68.29,64.85,3.44,2026-08-18 12:00,73.99,71.12,2.87,YES,,,,,,,15m logic removed,,,,,WATCH,👀 WATCH,"Weekly RSI 68.29 > 50, but Hourly RSI has not touched 30 (current 73.99)"
2026-08-18 12:21:35,NAUKRI,1359.0,71.1,70.25,0.86,2026-08-18 12:00,58.17,56.44,1.73,YES,,,,,,,15m logic removed,,,,,WATCH,👀 WATCH,"Weekly RSI 71.10 > 50, but Hourly RSI has not touched 30 (current 58.17)"
2026-08-18 12:21:37,AKUMS,749.15,72.67,70.82,1.85,2026-08-18 12:00,57.76,53.28,4.48,YES,,,,,,,15m logic removed,,,,,WATCH,👀 WATCH,"Weekly RSI 72.67 > 50, but Hourly RSI has not touched 30 (current 57.76)"
2026-08-18 12:34:26,NSE:LGEINDIA,1655.5,55.24,60.65,-5.41,2026-08-18 12:00,52.48,55.5,-3.02,NO,,,,,,,15m logic removed,,,,,WATCH,👀 WATCH,"Weekly RSI 55.24 > 50, but Hourly RSI has not touched 30 (current 52.48)"
2026-08-18 12:34:27,NSE:ASTRAL,1521.3,51.87,54.81,-2.94,2026-08-18 12:00,44.61,54.86,-10.25,NO,,,,,,,15m logic removed,,,,,WATCH,👀 WATCH,"Weekly RSI 51.87 > 50, but Hourly RSI has not touched 30 (current 44.61)"
2026-08-18 12:34:28,NSE:FINCABLES,1311.15,68.56,65.92,2.64,2026-08-18 12:00,69.69,73.98,-4.29,NO,,,,,,,15m logic removed,,,,,WATCH,👀 WATCH,"Weekly RSI 68.56 > 50, but Hourly RSI has not touched 30 (current 69.69)"
2026-08-18 12:34:30,NSE:GODREJAGRO,590.1,52.32,50.07,2.25,2026-08-18 12:00,69.1,74.36,-5.26,NO,,,,,,,15m logic removed,,,,,WATCH,👀 WATCH,"Weekly RSI 52.32 > 50, but Hourly RSI has not touched 30 (current 69.10)"
2026-08-18 12:34:31,NSE:HAPPSTMNDS,419.55,57.29,57.5,-0.21,2026-08-18 12:00,57.42,66.54,-9.12,NO,,,,,,,15m logic removed,,,,,WATCH,👀 WATCH,"Weekly RSI 57.29 > 50, but Hourly RSI has not touched 30 (current 57.42)"
2026-08-18 12:34:32,NSE:NAZARA,354.75,72.13,72.74,-0.62,2026-08-18 12:00,52.34,36.05,16.3,YES,,,,,,,15m logic removed,,,,,WATCH,👀 WATCH,"Weekly RSI 72.13 > 50, but Hourly RSI has not touched 30 (current 52.34)"
2026-08-18 12:34:34,NSE:OFSS,11748.0,67.04,68.0,-0.96,2026-08-18 12:00,51.85,55.31,-3.46,NO,,,,,,,15m logic removed,,,,,WATCH,👀 WATCH,"Weekly RSI 67.04 > 50, but Hourly RSI has not touched 30 (current 51.85)"
2026-08-18 12:34:35,NSE:REDINGTON,329.1,63.53,64.98,-1.45,2026-08-18 12:00,30.05,36.71,-6.65,NO,,,,,,,15m logic removed,,,,,WATCH,👀 WATCH,Weekly RSI 63.53 > 50 + Hourly RSI touched 30 + 15m price confirmation failed (Close 329.15 <= Previous High 329.65)
2026-08-18 12:34:36,NSE:AARTIIND,522.75,62.87,66.18,-3.31,2026-08-18 12:00,47.41,49.76,-2.34,NO,,,,,,,15m logic removed,,,,,WATCH,👀 WATCH,"Weekly RSI 62.87 > 50, but Hourly RSI has not touched 30 (current 47.41)"
2026-08-18 12:34:37,NSE:ABB,7606.0,62.54,63.4,-0.86,2026-08-18 12:00,39.25,46.3,-7.06,NO,,,,,,,15m logic removed,,,,,WATCH,👀 WATCH,"Weekly RSI 62.54 > 50, but Hourly RSI has not touched 30 (current 39.25)"
2026-08-18 12:34:39,NSE:ACMESOLAR,365.15,62.39,65.76,-3.37,2026-08-18 12:00,37.37,36.88,0.5,YES,,,,,,,15m logic removed,,,,,WATCH,👀 WATCH,"Weekly RSI 62.39 > 50, but Hourly RSI has not touched 30 (current 37.37)"
2026-08-18 12:34:39,NSE:ADANIENSOL,1607.0,65.22,66.1,-0.87,2026-08-18 12:00,53.03,42.84,10.19,YES,,,,,,,15m logic removed,,,,,WATCH,👀 WATCH,"Weekly RSI 65.22 > 50, but Hourly RSI has not touched 30 (current 53.03)"
2026-08-18 12:34:41,NSE:AEGISLOG,1344.1,69.6,66.7,2.9,2026-08-18 12:00,72.84,53.03,19.82,YES,,,,,,,15m logic removed,,,,,WATCH,👀 WATCH,"Weekly RSI 69.60 > 50, but Hourly RSI has not touched 30 (current 72.84)"
2026-08-18 12:34:42,NSE:AJANTPHARM,3725.0,75.51,74.36,1.15,2026-08-18 12:00,78.73,78.51,0.22,YES,,,,,,,15m logic removed,,,,,WATCH,👀 WATCH,"Weekly RSI 75.51 > 50, but Hourly RSI has not touched 30 (current 78.73)"
2026-08-18 12:34:43,NSE:AKUMS,747.4,72.53,70.82,1.71,2026-08-18 12:00,56.59,53.28,3.31,YES,,,,,,,15m logic removed,,,,,WATCH,👀 WATCH,"Weekly RSI 72.53 > 50, but Hourly RSI has not touched 30 (current 56.59)"
2026-08-18 12:34:45,NSE:ALIVUS,1390.4,78.56,78.41,0.15,2026-08-18 12:00,56.13,59.17,-3.03,NO,,,,,,,15m logic removed,,,,,WATCH,👀 WATCH,"Weekly RSI 78.56 > 50, but Hourly RSI has not touched 30 (current 56.13)"
2026-08-18 12:34:46,NSE:ANANDRATHI,2186.1,75.36,74.94,0.43,2026-08-18 12:00,58.46,50.24,8.22,YES,,,,,,,15m logic removed,,,,,WATCH,👀 WATCH,"Weekly RSI 75.36 > 50, but Hourly RSI has not touched 30 (current 58.46)"
2026-08-18 12:34:48,NSE:ANANTRAJ,631.75,61.79,61.58,0.21,2026-08-18 12:00,62.74,54.63,8.1,YES,,,,,,,15m logic removed,,,,,WATCH,👀 WATCH,"Weekly RSI 61.79 > 50, but Hourly RSI has not touched 30 (current 62.74)"
2026-08-18 12:34:49,NSE:APARINDS,16896.0,72.18,71.5,0.68,2026-08-18 12:00,53.58,42.37,11.21,YES,,,,,,,15m logic removed,,,,,WATCH,👀 WATCH,"Weekly RSI 72.18 > 50, but Hourly RSI has not touched 30 (current 53.58)"
2026-08-18 12:34:50,NSE:ASHOKLEY,176.39,56.27,54.11,2.16,2026-08-18 12:00,51.59,53.92,-2.32,NO,,,,,,,15m logic removed,,,,,WATCH,👀 WATCH,"Weekly RSI 56.27 > 50, but Hourly RSI has not touched 30 (current 51.59)"
2026-08-18 12:34:51,NSE:ASTRAMICRO,1738.5,67.66,67.72,-0.06,2026-08-18 12:00,56.86,42.97,13.89,YES,,,,,,,15m logic removed,,,,,WATCH,👀 WATCH,"Weekly RSI 67.66 > 50, but Hourly RSI has not touched 30 (current 56.86)"
2026-08-18 12:34:52,NSE:ATHERENERG,1470.1,76.7,80.74,-4.04,2026-08-18 12:00,31.81,35.93,-4.13,NO,,,,,,,15m logic removed,,,,,SETUP,🔥 SETUP,Weekly RSI 76.70 > 50 + Hourly RSI touched 30 + 15m Close > Previous 15m High
2026-08-18 12:34:53,NSE:AUROPHARMA,1638.0,68.1,67.08,1.02,2026-08-18 12:00,50.0,44.03,5.97,YES,,,,,,,15m logic removed,,,,,WATCH,👀 WATCH,"Weekly RSI 68.10 > 50, but Hourly RSI has not touched 30 (current 50.00)"
2026-08-18 12:34:54,NSE:BAJAJ-AUTO,11648.0,70.96,72.09,-1.13,2026-08-18 12:00,42.24,44.04,-1.79,NO,,,,,,,15m logic removed,,,,,WATCH,👀 WATCH,"Weekly RSI 70.96 > 50, but Hourly RSI has not touched 30 (current 42.24)"
2026-08-18 12:34:55,NSE:BALRAMCHIN,664.5,74.87,70.01,4.86,2026-08-18 12:00,76.77,72.74,4.03,YES,,,,,,,15m logic removed,,,,,WATCH,👀 WATCH,"Weekly RSI 74.87 > 50, but Hourly RSI has not touched 30 (current 76.77)"
2026-08-18 12:34:56,NSE:BDL,1378.4,53.16,54.59,-1.43,2026-08-18 12:00,58.32,59.46,-1.14,NO,,,,,,,15m logic removed,,,,,WATCH,👀 WATCH,"Weekly RSI 53.16 > 50, but Hourly RSI has not touched 30 (current 58.32)"
2026-08-18 12:34:58,NSE:BEML,1956.2,59.87,55.85,4.02,2026-08-18 12:00,70.55,57.48,13.07,YES,,,,,,,15m logic removed,,,,,WATCH,👀 WATCH,"Weekly RSI 59.87 > 50, but Hourly RSI has not touched 30 (current 70.55)"
2026-08-18 12:34:59,NSE:BHARATFORG,2089.7,58.65,57.47,1.18,2026-08-18 12:00,50.54,52.12,-1.58,NO,,,,,,,15m logic removed,,,,,WATCH,👀 WATCH,"Weekly RSI 58.65 > 50, but Hourly RSI has not touched 30 (current 50.54)"
2026-08-18 12:35:00,NSE:BHEL,426.7,66.36,65.48,0.88,2026-08-18 12:00,54.91,70.96,-16.05,NO,,,,,,,15m logic removed,,,,,WATCH,👀 WATCH,"Weekly RSI 66.36 > 50, but Hourly RSI has not touched 30 (current 54.91)"
2026-08-18 12:35:00,NSE:BOSCHLTD,48250.0,74.63,72.96,1.68,2026-08-18 12:00,74.81,60.0,14.81,YES,,,,,,,15m logic removed,,,,,WATCH,👀 WATCH,"Weekly RSI 74.63 > 50, but Hourly RSI has not touched 30 (current 74.81)"
2026-08-18 12:35:02,NSE:BRIGADE,597.3,55.73,54.87,0.86,2026-08-18 12:00,56.95,50.54,6.41,YES,,,,,,,15m logic removed,,,,,WATCH,👀 WATCH,"Weekly RSI 55.73 > 50, but Hourly RSI has not touched 30 (current 56.95)"
2026-08-18 12:35:03,NSE:CAPLIPOINT,2541.7,67.54,65.36,2.18,2026-08-18 12:00,58.55,55.11,3.44,YES,,,,,,,15m logic removed,,,,,WATCH,👀 WATCH,"Weekly RSI 67.54 > 50, but Hourly RSI has not touched 30 (current 58.55)"
2026-08-18 12:35:04,NSE:CGPOWER,895.35,58.98,58.34,0.63,2026-08-18 12:00,60.8,67.68,-6.88,NO,,,,,,,15m logic removed,,,,,WATCH,👀 WATCH,"Weekly RSI 58.98 > 50, but Hourly RSI has not touched 30 (current 60.80)"
2026-08-18 12:35:05,NSE:CHENNPETRO,1421.6,74.38,69.87,4.51,2026-08-18 12:00,73.72,64.69,9.03,YES,,,,,,,15m logic removed,,,,,WATCH,👀 WATCH,"Weekly RSI 74.38 > 50, but Hourly RSI has not touched 30 (current 73.72)"
2026-08-18 12:35:06,NSE:COHANCE,452.35,50.72,48.61,2.11,2026-08-18 12:00,62.47,55.0,7.47,YES,,,,,,,15m logic removed,,,,,WATCH,👀 WATCH,"Weekly RSI 50.72 > 50, but Hourly RSI has not touched 30 (current 62.47)"
2026-08-18 12:35:07,NSE:CYIENTDLM,746.85,86.53,84.24,2.29,2026-08-18 12:00,72.16,69.29,2.87,YES,,,,,,,15m logic removed,,,,,WATCH,👀 WATCH,"Weekly RSI 86.53 > 50, but Hourly RSI has not touched 30 (current 72.16)"
2026-08-18 12:35:09,NSE:DATAPATTNS,4659.0,63.3,60.33,2.97,2026-08-18 12:00,72.7,58.21,14.48,YES,,,,,,,15m logic removed,,,,,WATCH,👀 WATCH,"Weekly RSI 63.30 > 50, but Hourly RSI has not touched 30 (current 72.70)"
2026-08-18 12:35:10,NSE:DIVISLAB,8576.0,84.11,83.43,0.68,2026-08-18 12:00,60.63,49.68,10.95,YES,,,,,,,15m logic removed,,,,,WATCH,👀 WATCH,"Weekly RSI 84.11 > 50, but Hourly RSI has not touched 30 (current 60.63)"
2026-08-18 12:35:10,NSE:DLF,681.35,58.39,55.85,2.54,2026-08-18 12:00,70.27,60.92,9.36,YES,,,,,,,15m logic removed,,,,,WATCH,👀 WATCH,"Weekly RSI 58.39 > 50, but Hourly RSI has not touched 30 (current 70.27)"
2026-08-18 12:35:12,NSE:DYNAMATECH,11291.0,57.2,56.53,0.67,2026-08-18 12:00,64.96,56.51,8.45,YES,,,,,,,15m logic removed,,,,,WATCH,👀 WATCH,"Weekly RSI 57.20 > 50, but Hourly RSI has not touched 30 (current 64.96)"
2026-08-18 12:35:13,NSE:EICHERMOT,8085.0,64.84,64.56,0.28,2026-08-18 12:00,54.66,47.13,7.53,YES,,,,,,,15m logic removed,,,,,WATCH,👀 WATCH,"Weekly RSI 64.84 > 50, but Hourly RSI has not touched 30 (current 54.66)"
2026-08-18 12:35:14,NSE:ENRIN,3607.0,57.09,55.76,1.33,2026-08-18 12:00,60.67,62.01,-1.34,NO,,,,,,,15m logic removed,,,,,WATCH,👀 WATCH,"Weekly RSI 57.09 > 50, but Hourly RSI has not touched 30 (current 60.67)"
2026-08-18 12:35:15,NSE:EXIDEIND,466.5,68.98,72.73,-3.74,2026-08-18 12:00,30.22,41.47,-11.25,NO,,,,,,,15m logic removed,,,,,WATCH,👀 WATCH,"Weekly RSI 68.98 > 50, but Hourly RSI has not touched 30 (current 30.22)"
2026-08-18 12:35:17,NSE:GLAND,2896.6,75.32,79.58,-4.26,2026-08-18 12:00,47.72,48.81,-1.09,NO,,,,,,,15m logic removed,,,,,WATCH,👀 WATCH,"Weekly RSI 75.32 > 50, but Hourly RSI has not touched 30 (current 47.72)"
2026-08-18 12:35:18,NSE:GODREJPROP,2031.9,56.55,54.63,1.91,2026-08-18 12:00,53.83,62.29,-8.46,NO,,,,,,,15m logic removed,,,,,WATCH,👀 WATCH,"Weekly RSI 56.55 > 50, but Hourly RSI has not touched 30 (current 53.83)"
2026-08-18 12:35:19,NSE:GRANULES,851.85,65.18,66.44,-1.26,2026-08-18 12:00,42.58,53.96,-11.38,NO,,,,,,,15m logic removed,,,,,WATCH,👀 WATCH,"Weekly RSI 65.18 > 50, but Hourly RSI has not touched 30 (current 42.58)"
2026-08-18 12:35:20,NSE:HAL,5096.7,68.65,67.39,1.26,2026-08-18 12:00,69.54,63.95,5.59,YES,,,,,,,15m logic removed,,,,,WATCH,👀 WATCH,"Weekly RSI 68.65 > 50, but Hourly RSI has not touched 30 (current 69.54)"
2026-08-18 12:35:21,NSE:HEROMOTOCO,5725.0,61.85,63.8,-1.95,2026-08-18 12:00,38.13,40.81,-2.69,NO,,,,,,,15m logic removed,,,,,WATCH,👀 WATCH,"Weekly RSI 61.85 > 50, but Hourly RSI has not touched 30 (current 38.13)"
2026-08-18 12:35:23,NSE:HFCL,228.84,77.48,76.42,1.05,2026-08-18 12:00,63.52,43.81,19.7,YES,,,,,,,15m logic removed,,,,,WATCH,👀 WATCH,"Weekly RSI 77.48 > 50, but Hourly RSI has not touched 30 (current 63.52)"
2026-08-18 12:35:24,NSE:HONASA,474.55,68.76,79.49,-10.73,2026-08-18 12:00,40.46,45.33,-4.87,NO,,,,,,,15m logic removed,,,,,WATCH,👀 WATCH,"Weekly RSI 68.76 > 50, but Hourly RSI has not touched 30 (current 40.46)"
2026-08-18 12:35:26,NSE:HSCL,780.75,72.32,72.38,-0.06,2026-08-18 12:00,53.34,57.99,-4.65,NO,,,,,,,15m logic removed,,,,,WATCH,👀 WATCH,"Weekly RSI 72.32 > 50, but Hourly RSI has not touched 30 (current 53.34)"
2026-08-18 12:35:27,NSE:IFCI,80.9,61.85,58.71,3.14,2026-08-18 12:00,72.43,64.85,7.57,YES,,,,,,,15m logic removed,,,,,WATCH,👀 WATCH,"Weekly RSI 61.85 > 50, but Hourly RSI has not touched 30 (current 72.43)"
2026-08-18 12:35:28,NSE:INOXINDIA,1959.2,73.46,72.82,0.64,2026-08-18 12:00,57.6,51.54,6.06,YES,,,,,,,15m logic removed,,,,,WATCH,👀 WATCH,"Weekly RSI 73.46 > 50, but Hourly RSI has not touched 30 (current 57.60)"
2026-08-18 12:35:29,NSE:IPCALAB,1881.5,65.54,57.98,7.57,2026-08-18 12:00,69.73,68.79,0.94,YES,,,,,,,15m logic removed,,,,,WATCH,👀 WATCH,"Weekly RSI 65.54 > 50, but Hourly RSI has not touched 30 (current 69.73)"
2026-08-18 12:35:31,NSE:JINDALSAW,268.8,61.78,61.29,0.49,2026-08-18 12:00,51.36,58.05,-6.69,NO,,,,,,,15m logic removed,,,,,WATCH,👀 WATCH,"Weekly RSI 61.78 > 50, but Hourly RSI has not touched 30 (current 51.36)"
2026-08-18 12:35:32,NSE:KIRLOSENG,2111.6,59.33,58.99,0.34,2026-08-18 12:00,55.2,50.77,4.43,YES,,,,,,,15m logic removed,,,,,WATCH,👀 WATCH,"Weekly RSI 59.33 > 50, but Hourly RSI has not touched 30 (current 55.20)"
2026-08-18 12:35:33,NSE:LALPATHLAB,1893.5,70.16,72.68,-2.53,2026-08-18 12:00,37.15,19.65,17.5,YES,,,,,,,15m logic removed,,,,,WATCH,👀 WATCH,Weekly RSI 70.16 > 50 + Hourly RSI touched 30 + 15m price confirmation failed (Close 1891.7 <= Previous High 1895.8)
2026-08-18 12:35:35,NSE:LAURUSLABS,1821.5,80.59,79.62,0.97,2026-08-18 12:00,52.67,46.24,6.43,YES,,,,,,,15m logic removed,,,,,WATCH,👀 WATCH,"Weekly RSI 80.59 > 50, but Hourly RSI has not touched 30 (current 52.67)"
2026-08-18 12:35:36,NSE:LLOYDSME,1931.0,63.9,63.36,0.54,2026-08-18 12:00,46.95,50.05,-3.1,NO,,,,,,,15m logic removed,,,,,WATCH,👀 WATCH,"Weekly RSI 63.90 > 50, but Hourly RSI has not touched 30 (current 46.95)"
2026-08-18 12:35:37,NSE:LODHA,1237.5,63.23,63.8,-0.56,2026-08-18 12:00,51.01,60.92,-9.91,NO,,,,,,,15m logic removed,,,,,WATCH,👀 WATCH,"Weekly RSI 63.23 > 50, but Hourly RSI has not touched 30 (current 51.01)"
2026-08-18 12:35:38,NSE:M&M,3426.0,57.55,57.66,-0.11,2026-08-18 12:00,52.4,39.7,12.7,YES,,,,,,,15m logic removed,,,,,WATCH,👀 WATCH,"Weekly RSI 57.55 > 50, but Hourly RSI has not touched 30 (current 52.40)"
2026-08-18 12:35:39,NSE:MAZDOCK,2582.9,54.88,54.76,0.12,2026-08-18 12:00,57.99,52.67,5.32,YES,,,,,,,15m logic removed,,,,,WATCH,👀 WATCH,"Weekly RSI 54.88 > 50, but Hourly RSI has not touched 30 (current 57.99)"
2026-08-18 12:35:40,NSE:MIDHANI,433.5,59.07,55.61,3.46,2026-08-18 12:00,55.46,51.38,4.09,YES,,,,,,,15m logic removed,,,,,WATCH,👀 WATCH,"Weekly RSI 59.07 > 50, but Hourly RSI has not touched 30 (current 55.46)"
2026-08-18 12:35:42,NSE:MOTHERSON,170.55,75.02,74.11,0.9,2026-08-18 12:00,67.04,50.12,16.92,YES,,,,,,,15m logic removed,,,,,WATCH,👀 WATCH,"Weekly RSI 75.02 > 50, but Hourly RSI has not touched 30 (current 67.04)"
2026-08-18 12:35:43,NSE:MTARTECH,7190.0,61.21,60.33,0.88,2026-08-18 12:00,57.41,49.9,7.51,YES,,,,,,,15m logic removed,,,,,WATCH,👀 WATCH,"Weekly RSI 61.21 > 50, but Hourly RSI has not touched 30 (current 57.41)"
2026-08-18 12:35:44,NSE:NETWEB,5333.0,67.34,63.88,3.46,2026-08-18 12:00,73.66,66.61,7.05,YES,,,,,,,15m logic removed,,,,,WATCH,👀 WATCH,"Weekly RSI 67.34 > 50, but Hourly RSI has not touched 30 (current 73.66)"
2026-08-18 12:35:45,NSE:NEULANDLAB,23400.0,77.65,77.48,0.17,2026-08-18 12:00,56.38,67.9,-11.51,NO,,,,,,,15m logic removed,,,,,WATCH,👀 WATCH,"Weekly RSI 77.65 > 50, but Hourly RSI has not touched 30 (current 56.38)"
2026-08-18 12:35:46,NSE:OBEROIRLTY,1917.7,63.0,59.06,3.94,2026-08-18 12:00,68.3,74.06,-5.76,NO,,,,,,,15m logic removed,,,,,WATCH,👀 WATCH,"Weekly RSI 63.00 > 50, but Hourly RSI has not touched 30 (current 68.30)"
2026-08-18 12:35:47,NSE:PARAS,1495.5,73.39,69.95,3.45,2026-08-18 12:00,85.81,69.69,16.12,YES,,,,,,,15m logic removed,,,,,WATCH,👀 WATCH,"Weekly RSI 73.39 > 50, but Hourly RSI has not touched 30 (current 85.81)"
2026-08-18 12:35:48,NSE:PHOENIXLTD,1936.9,56.38,53.56,2.83,2026-08-18 12:00,64.88,62.59,2.29,YES,,,,,,,15m logic removed,,,,,WATCH,👀 WATCH,"Weekly RSI 56.38 > 50, but Hourly RSI has not touched 30 (current 64.88)"
2026-08-18 12:35:49,NSE:POLYMED,1783.5,60.49,60.69,-0.2,2026-08-18 12:00,50.54,37.37,13.18,YES,,,,,,,15m logic removed,,,,,WATCH,👀 WATCH,"Weekly RSI 60.49 > 50, but Hourly RSI has not touched 30 (current 50.54)"
2026-08-18 12:35:50,NSE:POWERINDIA,35380.0,61.42,62.34,-0.92,2026-08-18 12:00,48.98,51.15,-2.17,NO,,,,,,,15m logic removed,,,,,WATCH,👀 WATCH,"Weekly RSI 61.42 > 50, but Hourly RSI has not touched 30 (current 48.98)"
2026-08-18 12:35:52,NSE:PPLPHARMA,210.35,70.17,68.8,1.37,2026-08-18 12:00,56.31,36.42,19.9,YES,,,,,,,15m logic removed,,,,,WATCH,👀 WATCH,"Weekly RSI 70.17 > 50, but Hourly RSI has not touched 30 (current 56.31)"
2026-08-18 12:35:53,NSE:PRESTIGE,1610.0,56.49,55.42,1.07,2026-08-18 12:00,58.2,50.69,7.51,YES,,,,,,,15m logic removed,,,,,WATCH,👀 WATCH,"Weekly RSI 56.49 > 50, but Hourly RSI has not touched 30 (current 58.20)"
2026-08-18 12:35:54,NSE:RADICO,4679.9,86.94,86.65,0.29,2026-08-18 12:00,65.69,70.69,-4.99,NO,,,,,,,15m logic removed,,,,,WATCH,👀 WATCH,"Weekly RSI 86.94 > 50, but Hourly RSI has not touched 30 (current 65.69)"
2026-08-18 12:35:55,NSE:RKFORGE,751.6,73.97,72.41,1.57,2026-08-18 12:00,62.69,65.72,-3.03,NO,,,,,,,15m logic removed,,,,,WATCH,👀 WATCH,"Weekly RSI 73.97 > 50, but Hourly RSI has not touched 30 (current 62.69)"
2026-08-18 12:35:57,NSE:RRKABEL,2816.8,77.84,77.31,0.52,2026-08-18 12:00,60.72,44.81,15.91,YES,,,,,,,15m logic removed,,,,,WATCH,👀 WATCH,"Weekly RSI 77.84 > 50, but Hourly RSI has not touched 30 (current 60.72)"
2026-08-18 12:35:58,NSE:SAILIFE,1441.6,78.88,80.21,-1.34,2026-08-18 12:00,52.37,37.28,15.09,YES,,,,,,,15m logic removed,,,,,WATCH,👀 WATCH,"Weekly RSI 78.88 > 50, but Hourly RSI has not touched 30 (current 52.37)"
2026-08-18 12:35:59,NSE:SAREGAMA,512.75,68.04,73.51,-5.47,2026-08-18 12:00,39.69,45.51,-5.81,NO,,,,,,,15m logic removed,,,,,WATCH,👀 WATCH,"Weekly RSI 68.04 > 50, but Hourly RSI has not touched 30 (current 39.69)"
2026-08-18 12:36:00,NSE:SIGNATURE,809.1,45.81,45.82,-0.01,2026-08-18 12:00,52.57,41.59,10.98,YES,,,,,,,15m logic removed,,,,,IGNORE,❌ IGNORE,Weekly RSI 45.81 <= 50
2026-08-18 12:36:01,NSE:SOBHA,1320.0,43.57,44.17,-0.6,2026-08-18 12:00,42.62,44.16,-1.54,NO,,,,,,,15m logic removed,,,,,IGNORE,❌ IGNORE,Weekly RSI 43.57 <= 50
2026-08-18 12:36:03,NSE:SOLARINDS,20111.0,71.85,71.31,0.54,2026-08-18 12:00,63.81,61.19,2.62,YES,,,,,,,15m logic removed,,,,,WATCH,👀 WATCH,"Weekly RSI 71.85 > 50, but Hourly RSI has not touched 30 (current 63.81)"
2026-08-18 12:36:04,NSE:SONACOMS,818.3,78.21,76.36,1.85,2026-08-18 12:00,66.41,54.21,12.2,YES,,,,,,,15m logic removed,,,,,WATCH,👀 WATCH,"Weekly RSI 78.21 > 50, but Hourly RSI has not touched 30 (current 66.41)"
2026-08-18 12:36:05,NSE:SYRMA,1498.1,70.58,69.38,1.2,2026-08-18 12:00,59.61,50.95,8.66,YES,,,,,,,15m logic removed,,,,,WATCH,👀 WATCH,"Weekly RSI 70.58 > 50, but Hourly RSI has not touched 30 (current 59.61)"
2026-08-18 12:36:06,NSE:TORNTPHARM,4986.0,64.56,61.07,3.49,2026-08-18 12:00,65.12,53.64,11.49,YES,,,,,,,15m logic removed,,,,,WATCH,👀 WATCH,"Weekly RSI 64.56 > 50, but Hourly RSI has not touched 30 (current 65.12)"
2026-08-18 12:36:07,NSE:TVSMOTOR,4375.9,68.48,67.22,1.26,2026-08-18 12:00,54.44,57.39,-2.95,NO,,,,,,,15m logic removed,,,,,WATCH,👀 WATCH,"Weekly RSI 68.48 > 50, but Hourly RSI has not touched 30 (current 54.44)"
2026-08-18 12:36:08,NSE:UNIMECH,1511.2,74.92,76.02,-1.1,2026-08-18 12:00,61.41,60.47,0.95,YES,,,,,,,15m logic removed,,,,,WATCH,👀 WATCH,"Weekly RSI 74.92 > 50, but Hourly RSI has not touched 30 (current 61.41)"
2026-08-18 12:36:10,NSE:UNOMINDA,1270.6,60.84,58.5,2.34,2026-08-18 12:00,65.07,64.62,0.45,YES,,,,,,,15m logic removed,,,,,WATCH,👀 WATCH,"Weekly RSI 60.84 > 50, but Hourly RSI has not touched 30 (current 65.07)"
2026-08-18 12:36:11,NSE:VIJAYA,1506.7,71.12,69.58,1.54,2026-08-18 12:00,61.58,63.24,-1.66,NO,,,,,,,15m logic removed,,,,,WATCH,👀 WATCH,"Weekly RSI 71.12 > 50, but Hourly RSI has not touched 30 (current 61.58)"
2026-08-18 12:36:13,NSE:WELCORP,1899.8,88.89,88.47,0.42,2026-08-18 12:00,66.88,59.84,7.05,YES,,,,,,,15m logic removed,,,,,WATCH,👀 WATCH,"Weekly RSI 88.89 > 50, but Hourly RSI has not touched 30 (current 66.88)"
2026-08-18 12:36:14,NSE:WOCKPHARMA,1869.2,57.1,60.66,-3.56,2026-08-18 12:00,34.41,42.6,-8.19,NO,,,,,,,15m logic removed,,,,,WATCH,👀 WATCH,"Weekly RSI 57.10 > 50, but Hourly RSI has not touched 30 (current 34.41)"
2026-08-18 12:36:15,NSE:ZENTEC,1976.5,62.95,58.95,4.0,2026-08-18 12:00,82.42,63.11,19.31,YES,,,,,,,15m logic removed,,,,,WATCH,👀 WATCH,"Weekly RSI 62.95 > 50, but Hourly RSI has not touched 30 (current 82.42)"
2026-08-18 12:36:16,NSE:ZYDUSLIFE,1124.6,63.17,65.38,-2.21,2026-08-18 12:00,34.73,38.01,-3.28,NO,,,,,,,15m logic removed,,,,,WATCH,👀 WATCH,"Weekly RSI 63.17 > 50, but Hourly RSI has not touched 30 (current 34.73)"
2026-08-18 12:36:18,PARAS,1494.9,73.38,69.95,3.43,2026-08-18 12:00,85.77,69.69,16.08,YES,,,,,,,15m logic removed,,,,,WATCH,👀 WATCH,"Weekly RSI 73.38 > 50, but Hourly RSI has not touched 30 (current 85.77)"
2026-08-18 12:36:19,KALYANKJIL,607.7,71.7,71.82,-0.12,2026-08-18 12:00,48.91,51.96,-3.05,NO,,,,,,,15m logic removed,,,,,WATCH,👀 WATCH,"Weekly RSI 71.70 > 50, but Hourly RSI has not touched 30 (current 48.91)"
2026-08-18 12:36:20,CYIENTDLM,745.2,86.47,84.24,2.23,2026-08-18 12:00,71.52,69.29,2.23,YES,,,,,,,15m logic removed,,,,,WATCH,👀 WATCH,"Weekly RSI 86.47 > 50, but Hourly RSI has not touched 30 (current 71.52)"
2026-08-18 12:36:21,UNIMECH,1511.2,74.92,76.02,-1.1,2026-08-18 12:00,61.41,60.47,0.95,YES,,,,,,,15m logic removed,,,,,WATCH,👀 WATCH,"Weekly RSI 74.92 > 50, but Hourly RSI has not touched 30 (current 61.41)"
2026-08-18 12:36:22,SYRMA,1498.6,70.6,69.38,1.22,2026-08-18 12:00,59.75,50.95,8.8,YES,,,,,,,15m logic removed,,,,,WATCH,👀 WATCH,"Weekly RSI 70.60 > 50, but Hourly RSI has not touched 30 (current 59.75)"
2026-08-18 12:36:23,HFCL,229.0,77.5,76.42,1.08,2026-08-18 12:00,63.72,43.81,19.91,YES,,,,,,,15m logic removed,,,,,WATCH,👀 WATCH,"Weekly RSI 77.50 > 50, but Hourly RSI has not touched 30 (current 63.72)"
2026-08-18 12:36:24,WELCORP,1899.7,88.89,88.47,0.42,2026-08-18 12:00,66.85,59.84,7.01,YES,,,,,,,15m logic removed,,,,,WATCH,👀 WATCH,"Weekly RSI 88.89 > 50, but Hourly RSI has not touched 30 (current 66.85)"
2026-08-18 12:36:25,TBOTEK,1713.2,68.26,64.85,3.41,2026-08-18 12:00,73.84,71.12,2.72,YES,,,,,,,15m logic removed,,,,,WATCH,👀 WATCH,"Weekly RSI 68.26 > 50, but Hourly RSI has not touched 30 (current 73.84)"
2026-08-18 12:36:26,NAUKRI,1361.7,71.24,70.25,1.0,2026-08-18 12:00,59.53,56.44,3.09,YES,,,,,,,15m logic removed,,,,,WATCH,👀 WATCH,"Weekly RSI 71.24 > 50, but Hourly RSI has not touched 30 (current 59.53)"
2026-08-18 12:36:27,AKUMS,747.45,72.54,70.82,1.72,2026-08-18 12:00,56.62,53.28,3.34,YES,,,,,,,15m logic removed,,,,,WATCH,👀 WATCH,"Weekly RSI 72.54 > 50, but Hourly RSI has not touched 30 (current 56.62)"
2026-08-18 12:49:31,NSE:LGEINDIA,1656.7,55.32,60.65,-5.33,2026-08-18 12:00,52.92,55.5,-2.58,NO,,,,,,,15m logic removed,,,,,WATCH,👀 WATCH,"Weekly RSI 55.32 > 50, but Hourly RSI has not touched 30 (current 52.92)"
2026-08-18 12:49:33,NSE:ASTRAL,1519.9,51.76,54.81,-3.05,2026-08-18 12:00,43.93,54.86,-10.92,NO,,,,,,,15m logic removed,,,,,WATCH,👀 WATCH,"Weekly RSI 51.76 > 50, but Hourly RSI has not touched 30 (current 43.93)"
2026-08-18 12:49:34,NSE:FINCABLES,1311.4,68.57,65.92,2.65,2026-08-18 12:00,69.82,73.98,-4.16,NO,,,,,,,15m logic removed,,,,,WATCH,👀 WATCH,"Weekly RSI 68.57 > 50, but Hourly RSI has not touched 30 (current 69.82)"
2026-08-18 12:49:36,NSE:GODREJAGRO,589.5,52.19,50.07,2.12,2026-08-18 12:00,68.1,74.36,-6.26,NO,,,,,,,15m logic removed,,,,,WATCH,👀 WATCH,"Weekly RSI 52.19 > 50, but Hourly RSI has not touched 30 (current 68.10)"
2026-08-18 12:49:38,NSE:HAPPSTMNDS,418.3,56.9,57.5,-0.6,2026-08-18 12:00,56.21,66.54,-10.33,NO,,,,,,,15m logic removed,,,,,WATCH,👀 WATCH,"Weekly RSI 56.90 > 50, but Hourly RSI has not touched 30 (current 56.21)"
2026-08-18 12:49:40,NSE:NAZARA,354.1,71.79,72.74,-0.96,2026-08-18 12:00,50.85,36.05,14.8,YES,,,,,,,15m logic removed,,,,,WATCH,👀 WATCH,"Weekly RSI 71.79 > 50, but Hourly RSI has not touched 30 (current 50.85)"
2026-08-18 12:49:42,NSE:OFSS,11744.0,66.99,68.0,-1.01,2026-08-18 12:00,51.53,55.31,-3.78,NO,,,,,,,15m logic removed,,,,,WATCH,👀 WATCH,"Weekly RSI 66.99 > 50, but Hourly RSI has not touched 30 (current 51.53)"
2026-08-18 12:49:43,NSE:REDINGTON,328.1,63.25,64.98,-1.73,2026-08-18 12:00,28.94,36.71,-7.77,NO,,,,,,,15m logic removed,,,,,WATCH,👀 WATCH,Weekly RSI 63.25 > 50 + Hourly RSI touched 30 + 15m price confirmation failed (Close 328.5 <= Previous High 329.25)
2026-08-18 12:49:45,NSE:AARTIIND,523.35,63.04,66.18,-3.14,2026-08-18 12:00,47.97,49.76,-1.79,NO,,,,,,,15m logic removed,,,,,WATCH,👀 WATCH,"Weekly RSI 63.04 > 50, but Hourly RSI has not touched 30 (current 47.97)"
2026-08-18 12:49:46,NSE:ABB,7584.5,62.12,63.4,-1.28,2026-08-18 12:00,37.0,46.3,-9.3,NO,,,,,,,15m logic removed,,,,,WATCH,👀 WATCH,"Weekly RSI 62.12 > 50, but Hourly RSI has not touched 30 (current 37.00)"
2026-08-18 12:49:47,NSE:ACMESOLAR,364.9,62.3,65.76,-3.46,2026-08-18 12:00,36.68,36.88,-0.19,NO,,,,,,,15m logic removed,,,,,WATCH,👀 WATCH,"Weekly RSI 62.30 > 50, but Hourly RSI has not touched 30 (current 36.68)"
2026-08-18 12:49:48,NSE:ADANIENSOL,1607.3,65.25,66.1,-0.84,2026-08-18 12:00,53.17,42.84,10.33,YES,,,,,,,15m logic removed,,,,,WATCH,👀 WATCH,"Weekly RSI 65.25 > 50, but Hourly RSI has not touched 30 (current 53.17)"
2026-08-18 12:49:50,NSE:AEGISLOG,1351.5,69.85,66.7,3.15,2026-08-18 12:00,74.28,53.03,21.25,YES,,,,,,,15m logic removed,,,,,WATCH,👀 WATCH,"Weekly RSI 69.85 > 50, but Hourly RSI has not touched 30 (current 74.28)"
2026-08-18 12:49:51,NSE:AJANTPHARM,3725.0,75.51,74.36,1.15,2026-08-18 12:00,78.73,78.51,0.22,YES,,,,,,,15m logic removed,,,,,WATCH,👀 WATCH,"Weekly RSI 75.51 > 50, but Hourly RSI has not touched 30 (current 78.73)"
2026-08-18 12:49:52,NSE:AKUMS,747.05,72.51,70.82,1.69,2026-08-18 12:00,56.35,53.28,3.06,YES,,,,,,,15m logic removed,,,,,WATCH,👀 WATCH,"Weekly RSI 72.51 > 50, but Hourly RSI has not touched 30 (current 56.35)"
2026-08-18 12:49:54,NSE:ALIVUS,1390.0,78.55,78.41,0.14,2026-08-18 12:00,55.88,59.17,-3.28,NO,,,,,,,15m logic removed,,,,,WATCH,👀 WATCH,"Weekly RSI 78.55 > 50, but Hourly RSI has not touched 30 (current 55.88)"
2026-08-18 12:49:56,NSE:ANANDRATHI,2185.9,75.35,74.94,0.42,2026-08-18 12:00,58.35,50.24,8.11,YES,,,,,,,15m logic removed,,,,,WATCH,👀 WATCH,"Weekly RSI 75.35 > 50, but Hourly RSI has not touched 30 (current 58.35)"
2026-08-18 12:49:58,NSE:ANANTRAJ,631.0,61.7,61.58,0.12,2026-08-18 12:00,62.0,54.63,7.37,YES,,,,,,,15m logic removed,,,,,WATCH,👀 WATCH,"Weekly RSI 61.70 > 50, but Hourly RSI has not touched 30 (current 62.00)"
2026-08-18 12:49:59,NSE:APARINDS,16951.0,72.35,71.5,0.86,2026-08-18 12:00,55.05,42.37,12.68,YES,,,,,,,15m logic removed,,,,,WATCH,👀 WATCH,"Weekly RSI 72.35 > 50, but Hourly RSI has not touched 30 (current 55.05)"
2026-08-18 12:50:00,NSE:ASHOKLEY,176.39,56.27,54.11,2.16,2026-08-18 12:00,51.59,53.92,-2.32,NO,,,,,,,15m logic removed,,,,,WATCH,👀 WATCH,"Weekly RSI 56.27 > 50, but Hourly RSI has not touched 30 (current 51.59)"
2026-08-18 12:50:02,NSE:ASTRAMICRO,1737.8,67.6,67.72,-0.12,2026-08-18 12:00,56.64,42.97,13.67,YES,,,,,,,15m logic removed,,,,,WATCH,👀 WATCH,"Weekly RSI 67.60 > 50, but Hourly RSI has not touched 30 (current 56.64)"
2026-08-18 12:50:04,NSE:ATHERENERG,1467.7,76.48,80.74,-4.26,2026-08-18 12:00,31.09,35.93,-4.85,NO,,,,,,,15m logic removed,,,,,WATCH,👀 WATCH,Weekly RSI 76.48 > 50 + Hourly RSI touched 30 + 15m price confirmation failed (Close 1467.2 <= Previous High 1474.2)
2026-08-18 12:50:06,NSE:AUROPHARMA,1636.0,67.98,67.08,0.89,2026-08-18 12:00,48.99,44.03,4.96,YES,,,,,,,15m logic removed,,,,,WATCH,👀 WATCH,"Weekly RSI 67.98 > 50, but Hourly RSI has not touched 30 (current 48.99)"
2026-08-18 12:50:07,NSE:BAJAJ-AUTO,11649.0,70.98,72.09,-1.11,2026-08-18 12:00,42.36,44.04,-1.68,NO,,,,,,,15m logic removed,,,,,WATCH,👀 WATCH,"Weekly RSI 70.98 > 50, but Hourly RSI has not touched 30 (current 42.36)"
2026-08-18 12:50:09,NSE:BALRAMCHIN,664.25,74.85,70.01,4.84,2026-08-18 12:00,76.67,72.74,3.93,YES,,,,,,,15m logic removed,,,,,WATCH,👀 WATCH,"Weekly RSI 74.85 > 50, but Hourly RSI has not touched 30 (current 76.67)"
2026-08-18 12:50:11,NSE:BDL,1384.0,53.56,54.59,-1.03,2026-08-18 12:00,61.35,59.46,1.89,YES,,,,,,,15m logic removed,,,,,WATCH,👀 WATCH,"Weekly RSI 53.56 > 50, but Hourly RSI has not touched 30 (current 61.35)"
2026-08-18 12:50:12,NSE:BEML,1957.6,59.93,55.85,4.08,2026-08-18 12:00,70.82,57.48,13.34,YES,,,,,,,15m logic removed,,,,,WATCH,👀 WATCH,"Weekly RSI 59.93 > 50, but Hourly RSI has not touched 30 (current 70.82)"
2026-08-18 12:50:13,NSE:BHARATFORG,2086.5,58.5,57.47,1.03,2026-08-18 12:00,49.1,52.12,-3.01,NO,,,,,,,15m logic removed,,,,,WATCH,👀 WATCH,"Weekly RSI 58.50 > 50, but Hourly RSI has not touched 30 (current 49.10)"
2026-08-18 12:50:15,NSE:BHEL,426.6,66.35,65.48,0.87,2026-08-18 12:00,54.78,70.96,-16.18,NO,,,,,,,15m logic removed,,,,,WATCH,👀 WATCH,"Weekly RSI 66.35 > 50, but Hourly RSI has not touched 30 (current 54.78)"
2026-08-18 12:50:16,NSE:BOSCHLTD,48350.0,74.77,72.96,1.81,2026-08-18 12:00,75.52,60.0,15.51,YES,,,,,,,15m logic removed,,,,,WATCH,👀 WATCH,"Weekly RSI 74.77 > 50, but Hourly RSI has not touched 30 (current 75.52)"
2026-08-18 12:50:19,NSE:BRIGADE,596.5,55.61,54.87,0.74,2026-08-18 12:00,56.08,50.54,5.54,YES,,,,,,,15m logic removed,,,,,WATCH,👀 WATCH,"Weekly RSI 55.61 > 50, but Hourly RSI has not touched 30 (current 56.08)"
2026-08-18 12:50:20,NSE:CAPLIPOINT,2536.6,67.37,65.36,2.01,2026-08-18 12:00,57.55,55.11,2.45,YES,,,,,,,15m logic removed,,,,,WATCH,👀 WATCH,"Weekly RSI 67.37 > 50, but Hourly RSI has not touched 30 (current 57.55)"
2026-08-18 12:50:22,NSE:CGPOWER,894.5,58.87,58.34,0.53,2026-08-18 12:00,59.32,67.68,-8.36,NO,,,,,,,15m logic removed,,,,,WATCH,👀 WATCH,"Weekly RSI 58.87 > 50, but Hourly RSI has not touched 30 (current 59.32)"
2026-08-18 12:50:23,NSE:CHENNPETRO,1422.0,74.39,69.87,4.52,2026-08-18 12:00,73.79,64.69,9.1,YES,,,,,,,15m logic removed,,,,,WATCH,👀 WATCH,"Weekly RSI 74.39 > 50, but Hourly RSI has not touched 30 (current 73.79)"
2026-08-18 12:50:24,NSE:COHANCE,452.15,50.69,48.61,2.08,2026-08-18 12:00,62.24,55.0,7.23,YES,,,,,,,15m logic removed,,,,,WATCH,👀 WATCH,"Weekly RSI 50.69 > 50, but Hourly RSI has not touched 30 (current 62.24)"
2026-08-18 12:50:26,NSE:CYIENTDLM,743.85,86.42,84.24,2.18,2026-08-18 12:00,70.97,69.29,1.68,YES,,,,,,,15m logic removed,,,,,WATCH,👀 WATCH,"Weekly RSI 86.42 > 50, but Hourly RSI has not touched 30 (current 70.97)"
2026-08-18 12:50:27,NSE:DATAPATTNS,4664.2,63.37,60.33,3.04,2026-08-18 12:00,73.09,58.21,14.87,YES,,,,,,,15m logic removed,,,,,WATCH,👀 WATCH,"Weekly RSI 63.37 > 50, but Hourly RSI has not touched 30 (current 73.09)"
2026-08-18 12:50:29,NSE:DIVISLAB,8575.0,84.1,83.43,0.68,2026-08-18 12:00,60.54,49.68,10.86,YES,,,,,,,15m logic removed,,,,,WATCH,👀 WATCH,"Weekly RSI 84.10 > 50, but Hourly RSI has not touched 30 (current 60.54)"
2026-08-18 12:50:30,NSE:DLF,676.8,57.71,55.85,1.87,2026-08-18 12:00,66.78,60.92,5.86,YES,,,,,,,15m logic removed,,,,,WATCH,👀 WATCH,"Weekly RSI 57.71 > 50, but Hourly RSI has not touched 30 (current 66.78)"
2026-08-18 12:50:32,NSE:DYNAMATECH,11329.0,57.44,56.53,0.91,2026-08-18 12:00,66.44,56.51,9.93,YES,,,,,,,15m logic removed,,,,,WATCH,👀 WATCH,"Weekly RSI 57.44 > 50, but Hourly RSI has not touched 30 (current 66.44)"
2026-08-18 12:50:33,NSE:EICHERMOT,8088.0,64.89,64.56,0.33,2026-08-18 12:00,55.21,47.13,8.08,YES,,,,,,,15m logic removed,,,,,WATCH,👀 WATCH,"Weekly RSI 64.89 > 50, but Hourly RSI has not touched 30 (current 55.21)"
2026-08-18 12:50:34,NSE:ENRIN,3606.3,57.07,55.76,1.31,2026-08-18 12:00,60.48,62.01,-1.53,NO,,,,,,,15m logic removed,,,,,WATCH,👀 WATCH,"Weekly RSI 57.07 > 50, but Hourly RSI has not touched 30 (current 60.48)"
2026-08-18 12:50:36,NSE:EXIDEIND,466.4,68.94,72.73,-3.78,2026-08-18 12:00,30.12,41.47,-11.35,NO,,,,,,,15m logic removed,,,,,WATCH,👀 WATCH,"Weekly RSI 68.94 > 50, but Hourly RSI has not touched 30 (current 30.12)"
2026-08-18 12:50:37,NSE:GLAND,2886.7,74.78,79.58,-4.8,2026-08-18 12:00,45.85,48.81,-2.96,NO,,,,,,,15m logic removed,,,,,WATCH,👀 WATCH,"Weekly RSI 74.78 > 50, but Hourly RSI has not touched 30 (current 45.85)"
2026-08-18 12:50:38,NSE:GODREJPROP,2025.1,56.25,54.63,1.62,2026-08-18 12:00,51.67,62.29,-10.62,NO,,,,,,,15m logic removed,,,,,WATCH,👀 WATCH,"Weekly RSI 56.25 > 50, but Hourly RSI has not touched 30 (current 51.67)"
2026-08-18 12:50:40,NSE:GRANULES,850.65,64.95,66.44,-1.49,2026-08-18 12:00,41.33,53.96,-12.63,NO,,,,,,,15m logic removed,,,,,WATCH,👀 WATCH,"Weekly RSI 64.95 > 50, but Hourly RSI has not touched 30 (current 41.33)"
2026-08-18 12:50:41,NSE:HAL,5097.1,68.66,67.39,1.26,2026-08-18 12:00,69.59,63.95,5.64,YES,,,,,,,15m logic removed,,,,,WATCH,👀 WATCH,"Weekly RSI 68.66 > 50, but Hourly RSI has not touched 30 (current 69.59)"
2026-08-18 12:50:42,NSE:HEROMOTOCO,5724.5,61.84,63.8,-1.96,2026-08-18 12:00,38.06,40.81,-2.75,NO,,,,,,,15m logic removed,,,,,WATCH,👀 WATCH,"Weekly RSI 61.84 > 50, but Hourly RSI has not touched 30 (current 38.06)"
2026-08-18 12:50:44,NSE:HFCL,229.27,77.55,76.42,1.13,2026-08-18 12:00,64.07,43.81,20.26,YES,,,,,,,15m logic removed,,,,,WATCH,👀 WATCH,"Weekly RSI 77.55 > 50, but Hourly RSI has not touched 30 (current 64.07)"
2026-08-18 12:50:45,NSE:HONASA,474.8,68.84,79.49,-10.65,2026-08-18 12:00,40.66,45.33,-4.67,NO,,,,,,,15m logic removed,,,,,WATCH,👀 WATCH,"Weekly RSI 68.84 > 50, but Hourly RSI has not touched 30 (current 40.66)"
2026-08-18 12:50:46,NSE:HSCL,780.75,72.32,72.38,-0.06,2026-08-18 12:00,53.34,57.99,-4.65,NO,,,,,,,15m logic removed,,,,,WATCH,👀 WATCH,"Weekly RSI 72.32 > 50, but Hourly RSI has not touched 30 (current 53.34)"
2026-08-18 12:50:49,NSE:IFCI,81.07,61.97,58.71,3.26,2026-08-18 12:00,72.94,64.85,8.09,YES,,,,,,,15m logic removed,,,,,WATCH,👀 WATCH,"Weekly RSI 61.97 > 50, but Hourly RSI has not touched 30 (current 72.94)"
2026-08-18 12:50:51,NSE:INOXINDIA,1959.0,73.45,72.82,0.63,2026-08-18 12:00,57.51,51.54,5.97,YES,,,,,,,15m logic removed,,,,,WATCH,👀 WATCH,"Weekly RSI 73.45 > 50, but Hourly RSI has not touched 30 (current 57.51)"
2026-08-18 12:50:52,NSE:IPCALAB,1881.1,65.53,57.98,7.55,2026-08-18 12:00,69.67,68.79,0.88,YES,,,,,,,15m logic removed,,,,,WATCH,👀 WATCH,"Weekly RSI 65.53 > 50, but Hourly RSI has not touched 30 (current 69.67)"
2026-08-18 12:50:54,NSE:JINDALSAW,267.2,61.32,61.29,0.03,2026-08-18 12:00,46.7,58.05,-11.34,NO,,,,,,,15m logic removed,,,,,WATCH,👀 WATCH,"Weekly RSI 61.32 > 50, but Hourly RSI has not touched 30 (current 46.70)"
2026-08-18 12:50:56,NSE:KIRLOSENG,2111.7,59.33,58.99,0.34,2026-08-18 12:00,55.23,50.77,4.46,YES,,,,,,,15m logic removed,,,,,WATCH,👀 WATCH,"Weekly RSI 59.33 > 50, but Hourly RSI has not touched 30 (current 55.23)"
2026-08-18 12:50:57,NSE:LALPATHLAB,1892.4,70.04,72.68,-2.65,2026-08-18 12:00,36.44,19.65,16.79,YES,,,,,,,15m logic removed,,,,,WATCH,👀 WATCH,Weekly RSI 70.04 > 50 + Hourly RSI touched 30 + 15m price confirmation failed (Close 1893.6 <= Previous High 1894.0)
2026-08-18 12:50:58,NSE:LAURUSLABS,1820.2,80.56,79.62,0.93,2026-08-18 12:00,52.04,46.24,5.8,YES,,,,,,,15m logic removed,,,,,WATCH,👀 WATCH,"Weekly RSI 80.56 > 50, but Hourly RSI has not touched 30 (current 52.04)"
2026-08-18 12:51:00,NSE:LLOYDSME,1932.0,63.95,63.36,0.58,2026-08-18 12:00,47.44,50.05,-2.61,NO,,,,,,,15m logic removed,,,,,WATCH,👀 WATCH,"Weekly RSI 63.95 > 50, but Hourly RSI has not touched 30 (current 47.44)"
2026-08-18 12:51:01,NSE:LODHA,1234.5,62.97,63.8,-0.82,2026-08-18 12:00,49.54,60.92,-11.37,NO,,,,,,,15m logic removed,,,,,WATCH,👀 WATCH,"Weekly RSI 62.97 > 50, but Hourly RSI has not touched 30 (current 49.54)"
2026-08-18 12:51:03,NSE:M&M,3427.3,57.61,57.66,-0.05,2026-08-18 12:00,52.76,39.7,13.06,YES,,,,,,,15m logic removed,,,,,WATCH,👀 WATCH,"Weekly RSI 57.61 > 50, but Hourly RSI has not touched 30 (current 52.76)"
2026-08-18 12:51:04,NSE:MAZDOCK,2586.8,55.04,54.76,0.28,2026-08-18 12:00,59.34,52.67,6.68,YES,,,,,,,15m logic removed,,,,,WATCH,👀 WATCH,"Weekly RSI 55.04 > 50, but Hourly RSI has not touched 30 (current 59.34)"
2026-08-18 12:51:06,NSE:MIDHANI,433.35,59.04,55.61,3.43,2026-08-18 12:00,55.36,51.38,3.98,YES,,,,,,,15m logic removed,,,,,WATCH,👀 WATCH,"Weekly RSI 59.04 > 50, but Hourly RSI has not touched 30 (current 55.36)"
2026-08-18 12:51:07,NSE:MOTHERSON,170.06,74.83,74.11,0.71,2026-08-18 12:00,64.68,50.12,14.56,YES,,,,,,,15m logic removed,,,,,WATCH,👀 WATCH,"Weekly RSI 74.83 > 50, but Hourly RSI has not touched 30 (current 64.68)"
2026-08-18 12:51:09,NSE:MTARTECH,7179.0,61.14,60.33,0.81,2026-08-18 12:00,56.79,49.9,6.89,YES,,,,,,,15m logic removed,,,,,WATCH,👀 WATCH,"Weekly RSI 61.14 > 50, but Hourly RSI has not touched 30 (current 56.79)"
2026-08-18 12:51:10,NSE:NETWEB,5328.0,67.29,63.88,3.41,2026-08-18 12:00,73.41,66.61,6.81,YES,,,,,,,15m logic removed,,,,,WATCH,👀 WATCH,"Weekly RSI 67.29 > 50, but Hourly RSI has not touched 30 (current 73.41)"
2026-08-18 12:51:12,NSE:NEULANDLAB,23317.0,77.46,77.48,-0.02,2026-08-18 12:00,53.38,67.9,-14.52,NO,,,,,,,15m logic removed,,,,,WATCH,👀 WATCH,"Weekly RSI 77.46 > 50, but Hourly RSI has not touched 30 (current 53.38)"
2026-08-18 12:51:13,NSE:OBEROIRLTY,1910.1,62.62,59.06,3.56,2026-08-18 12:00,65.39,74.06,-8.67,NO,,,,,,,15m logic removed,,,,,WATCH,👀 WATCH,"Weekly RSI 62.62 > 50, but Hourly RSI has not touched 30 (current 65.39)"
2026-08-18 12:51:15,NSE:PARAS,1499.1,73.49,69.95,3.54,2026-08-18 12:00,86.06,69.69,16.36,YES,,,,,,,15m logic removed,,,,,WATCH,👀 WATCH,"Weekly RSI 73.49 > 50, but Hourly RSI has not touched 30 (current 86.06)"
2026-08-18 12:51:16,NSE:PHOENIXLTD,1936.8,56.38,53.56,2.82,2026-08-18 12:00,64.85,62.59,2.26,YES,,,,,,,15m logic removed,,,,,WATCH,👀 WATCH,"Weekly RSI 56.38 > 50, but Hourly RSI has not touched 30 (current 64.85)"
2026-08-18 12:51:18,NSE:POLYMED,1777.7,60.07,60.69,-0.62,2026-08-18 12:00,49.08,37.37,11.72,YES,,,,,,,15m logic removed,,,,,WATCH,👀 WATCH,"Weekly RSI 60.07 > 50, but Hourly RSI has not touched 30 (current 49.08)"
2026-08-18 12:51:19,NSE:POWERINDIA,35250.0,61.05,62.34,-1.29,2026-08-18 12:00,45.4,51.15,-5.75,NO,,,,,,,15m logic removed,,,,,WATCH,👀 WATCH,"Weekly RSI 61.05 > 50, but Hourly RSI has not touched 30 (current 45.40)"
2026-08-18 12:51:21,NSE:PPLPHARMA,209.76,69.96,68.8,1.16,2026-08-18 12:00,54.83,36.42,18.41,YES,,,,,,,15m logic removed,,,,,WATCH,👀 WATCH,"Weekly RSI 69.96 > 50, but Hourly RSI has not touched 30 (current 54.83)"
2026-08-18 12:51:22,NSE:PRESTIGE,1599.5,55.86,55.42,0.44,2026-08-18 12:00,54.15,50.69,3.46,YES,,,,,,,15m logic removed,,,,,WATCH,👀 WATCH,"Weekly RSI 55.86 > 50, but Hourly RSI has not touched 30 (current 54.15)"
2026-08-18 12:51:24,NSE:RADICO,4683.9,86.97,86.65,0.32,2026-08-18 12:00,67.1,70.69,-3.59,NO,,,,,,,15m logic removed,,,,,WATCH,👀 WATCH,"Weekly RSI 86.97 > 50, but Hourly RSI has not touched 30 (current 67.10)"
2026-08-18 12:51:25,NSE:RKFORGE,752.0,74.0,72.41,1.6,2026-08-18 12:00,63.29,65.72,-2.43,NO,,,,,,,15m logic removed,,,,,WATCH,👀 WATCH,"Weekly RSI 74.00 > 50, but Hourly RSI has not touched 30 (current 63.29)"
2026-08-18 12:51:27,NSE:RRKABEL,2817.7,77.85,77.31,0.54,2026-08-18 12:00,60.89,44.81,16.08,YES,,,,,,,15m logic removed,,,,,WATCH,👀 WATCH,"Weekly RSI 77.85 > 50, but Hourly RSI has not touched 30 (current 60.89)"
2026-08-18 12:51:29,NSE:SAILIFE,1441.2,78.81,80.21,-1.4,2026-08-18 12:00,52.16,37.28,14.88,YES,,,,,,,15m logic removed,,,,,WATCH,👀 WATCH,"Weekly RSI 78.81 > 50, but Hourly RSI has not touched 30 (current 52.16)"
2026-08-18 12:51:31,NSE:SAREGAMA,512.15,67.83,73.51,-5.67,2026-08-18 12:00,39.28,45.51,-6.22,NO,,,,,,,15m logic removed,,,,,WATCH,👀 WATCH,"Weekly RSI 67.83 > 50, but Hourly RSI has not touched 30 (current 39.28)"
2026-08-18 12:51:33,NSE:SIGNATURE,806.95,45.6,45.82,-0.22,2026-08-18 12:00,50.01,41.59,8.43,YES,,,,,,,15m logic removed,,,,,IGNORE,❌ IGNORE,Weekly RSI 45.60 <= 50
2026-08-18 12:51:34,NSE:SOBHA,1318.2,43.44,44.17,-0.73,2026-08-18 12:00,41.33,44.16,-2.83,NO,,,,,,,15m logic removed,,,,,IGNORE,❌ IGNORE,Weekly RSI 43.44 <= 50
2026-08-18 12:51:35,NSE:SOLARINDS,20164.0,72.05,71.31,0.73,2026-08-18 12:00,64.94,61.19,3.75,YES,,,,,,,15m logic removed,,,,,WATCH,👀 WATCH,"Weekly RSI 72.05 > 50, but Hourly RSI has not touched 30 (current 64.94)"
2026-08-18 12:51:38,NSE:SONACOMS,819.8,78.31,76.36,1.95,2026-08-18 12:00,67.4,54.21,13.19,YES,,,,,,,15m logic removed,,,,,WATCH,👀 WATCH,"Weekly RSI 78.31 > 50, but Hourly RSI has not touched 30 (current 67.40)"
2026-08-18 12:51:39,NSE:SYRMA,1498.7,70.6,69.38,1.23,2026-08-18 12:00,59.77,50.95,8.82,YES,,,,,,,15m logic removed,,,,,WATCH,👀 WATCH,"Weekly RSI 70.60 > 50, but Hourly RSI has not touched 30 (current 59.77)"
2026-08-18 12:51:41,NSE:TORNTPHARM,4980.5,64.45,61.07,3.38,2026-08-18 12:00,64.56,53.64,10.92,YES,,,,,,,15m logic removed,,,,,WATCH,👀 WATCH,"Weekly RSI 64.45 > 50, but Hourly RSI has not touched 30 (current 64.56)"
2026-08-18 12:51:43,NSE:TVSMOTOR,4366.4,68.31,67.22,1.09,2026-08-18 12:00,51.91,57.39,-5.48,NO,,,,,,,15m logic removed,,,,,WATCH,👀 WATCH,"Weekly RSI 68.31 > 50, but Hourly RSI has not touched 30 (current 51.91)"
2026-08-18 12:51:44,NSE:UNIMECH,1513.6,75.15,76.02,-0.87,2026-08-18 12:00,62.1,60.47,1.63,YES,,,,,,,15m logic removed,,,,,WATCH,👀 WATCH,"Weekly RSI 75.15 > 50, but Hourly RSI has not touched 30 (current 62.10)"
2026-08-18 12:51:46,NSE:UNOMINDA,1270.1,60.8,58.5,2.3,2026-08-18 12:00,64.75,64.62,0.13,YES,,,,,,,15m logic removed,,,,,WATCH,👀 WATCH,"Weekly RSI 60.80 > 50, but Hourly RSI has not touched 30 (current 64.75)"
2026-08-18 12:51:47,NSE:VIJAYA,1508.5,71.2,69.58,1.62,2026-08-18 12:00,62.47,63.24,-0.76,NO,,,,,,,15m logic removed,,,,,WATCH,👀 WATCH,"Weekly RSI 71.20 > 50, but Hourly RSI has not touched 30 (current 62.47)"
2026-08-18 12:51:49,NSE:WELCORP,1899.4,88.89,88.47,0.42,2026-08-18 12:00,66.74,59.84,6.9,YES,,,,,,,15m logic removed,,,,,WATCH,👀 WATCH,"Weekly RSI 88.89 > 50, but Hourly RSI has not touched 30 (current 66.74)"
2026-08-18 12:51:52,NSE:WOCKPHARMA,1867.2,56.99,60.66,-3.67,2026-08-18 12:00,33.94,42.6,-8.66,NO,,,,,,,15m logic removed,,,,,WATCH,👀 WATCH,"Weekly RSI 56.99 > 50, but Hourly RSI has not touched 30 (current 33.94)"
2026-08-18 12:51:53,NSE:ZENTEC,1974.0,62.87,58.95,3.92,2026-08-18 12:00,82.21,63.11,19.1,YES,,,,,,,15m logic removed,,,,,WATCH,👀 WATCH,"Weekly RSI 62.87 > 50, but Hourly RSI has not touched 30 (current 82.21)"
2026-08-18 12:51:55,NSE:ZYDUSLIFE,1123.4,62.93,65.38,-2.45,2026-08-18 12:00,34.21,38.01,-3.8,NO,,,,,,,15m logic removed,,,,,WATCH,👀 WATCH,"Weekly RSI 62.93 > 50, but Hourly RSI has not touched 30 (current 34.21)"
2026-08-18 12:51:56,PARAS,1497.6,73.45,69.95,3.5,2026-08-18 12:00,85.95,69.69,16.26,YES,,,,,,,15m logic removed,,,,,WATCH,👀 WATCH,"Weekly RSI 73.45 > 50, but Hourly RSI has not touched 30 (current 85.95)"
2026-08-18 12:51:59,KALYANKJIL,607.2,71.59,71.82,-0.23,2026-08-18 12:00,48.3,51.96,-3.66,NO,,,,,,,15m logic removed,,,,,WATCH,👀 WATCH,"Weekly RSI 71.59 > 50, but Hourly RSI has not touched 30 (current 48.30)"
2026-08-18 12:52:00,CYIENTDLM,743.65,86.41,84.24,2.17,2026-08-18 12:00,70.89,69.29,1.6,YES,,,,,,,15m logic removed,,,,,WATCH,👀 WATCH,"Weekly RSI 86.41 > 50, but Hourly RSI has not touched 30 (current 70.89)"
2026-08-18 12:52:01,UNIMECH,1513.6,75.15,76.02,-0.87,2026-08-18 12:00,62.1,60.47,1.63,YES,,,,,,,15m logic removed,,,,,WATCH,👀 WATCH,"Weekly RSI 75.15 > 50, but Hourly RSI has not touched 30 (current 62.10)"
2026-08-18 12:52:02,SYRMA,1498.2,70.59,69.38,1.21,2026-08-18 12:00,59.64,50.95,8.69,YES,,,,,,,15m logic removed,,,,,WATCH,👀 WATCH,"Weekly RSI 70.59 > 50, but Hourly RSI has not touched 30 (current 59.64)"
2026-08-18 12:52:04,HFCL,229.48,77.59,76.42,1.17,2026-08-18 12:00,64.33,43.81,20.52,YES,,,,,,,15m logic removed,,,,,WATCH,👀 WATCH,"Weekly RSI 77.59 > 50, but Hourly RSI has not touched 30 (current 64.33)"
2026-08-18 12:52:05,WELCORP,1899.4,88.89,88.47,0.42,2026-08-18 12:00,66.74,59.84,6.9,YES,,,,,,,15m logic removed,,,,,WATCH,👀 WATCH,"Weekly RSI 88.89 > 50, but Hourly RSI has not touched 30 (current 66.74)"
2026-08-18 12:52:07,TBOTEK,1719.5,68.5,64.85,3.65,2026-08-18 12:00,74.98,71.12,3.86,YES,,,,,,,15m logic removed,,,,,WATCH,👀 WATCH,"Weekly RSI 68.50 > 50, but Hourly RSI has not touched 30 (current 74.98)"
2026-08-18 12:52:09,NAUKRI,1364.2,71.37,70.25,1.12,2026-08-18 12:00,60.71,56.44,4.27,YES,,,,,,,15m logic removed,,,,,WATCH,👀 WATCH,"Weekly RSI 71.37 > 50, but Hourly RSI has not touched 30 (current 60.71)"
2026-08-18 12:52:11,AKUMS,746.85,72.49,70.82,1.67,2026-08-18 12:00,56.21,53.28,2.92,YES,,,,,,,15m logic removed,,,,,WATCH,👀 WATCH,"Weekly RSI 72.49 > 50, but Hourly RSI has not touched 30 (current 56.21)"
2026-08-18 13:04:36,NSE:LGEINDIA,1656.3,55.29,60.65,-5.36,2026-08-18 13:00,52.77,55.5,-2.73,NO,,,,,,,15m logic removed,,,,,WATCH,👀 WATCH,"Weekly RSI 55.29 > 50, but Hourly RSI has not touched 30 (current 52.77)"
2026-08-18 13:04:37,NSE:ASTRAL,1520.8,51.83,54.81,-2.98,2026-08-18 13:00,44.36,54.86,-10.49,NO,,,,,,,15m logic removed,,,,,WATCH,👀 WATCH,"Weekly RSI 51.83 > 50, but Hourly RSI has not touched 30 (current 44.36)"
2026-08-18 13:04:38,NSE:FINCABLES,1315.65,68.73,65.92,2.81,2026-08-18 13:00,72.09,73.98,-1.89,NO,,,,,,,15m logic removed,,,,,WATCH,👀 WATCH,"Weekly RSI 68.73 > 50, but Hourly RSI has not touched 30 (current 72.09)"
2026-08-18 13:04:40,NSE:GODREJAGRO,589.55,52.2,50.07,2.13,2026-08-18 13:00,68.18,74.36,-6.18,NO,,,,,,,15m logic removed,,,,,WATCH,👀 WATCH,"Weekly RSI 52.20 > 50, but Hourly RSI has not touched 30 (current 68.18)"
2026-08-18 13:04:41,NSE:HAPPSTMNDS,418.5,56.96,57.5,-0.53,2026-08-18 13:00,56.4,66.54,-10.14,NO,,,,,,,15m logic removed,,,,,WATCH,👀 WATCH,"Weekly RSI 56.96 > 50, but Hourly RSI has not touched 30 (current 56.40)"
2026-08-18 13:04:43,NSE:NAZARA,353.75,71.6,72.74,-1.14,2026-08-18 13:00,50.01,36.05,13.96,YES,,,,,,,15m logic removed,,,,,WATCH,👀 WATCH,"Weekly RSI 71.60 > 50, but Hourly RSI has not touched 30 (current 50.01)"
2026-08-18 13:04:45,NSE:OFSS,11738.0,66.92,68.0,-1.08,2026-08-18 13:00,51.07,55.31,-4.24,NO,,,,,,,15m logic removed,,,,,WATCH,👀 WATCH,"Weekly RSI 66.92 > 50, but Hourly RSI has not touched 30 (current 51.07)"
2026-08-18 13:04:46,NSE:REDINGTON,327.95,63.21,64.98,-1.77,2026-08-18 13:00,28.78,36.71,-7.93,NO,,,,,,,15m logic removed,,,,,WATCH,👀 WATCH,Weekly RSI 63.21 > 50 + Hourly RSI touched 30 + 15m price confirmation failed (Close 328.15 <= Previous High 329.45)
2026-08-18 13:04:48,NSE:AARTIIND,523.55,63.09,66.18,-3.09,2026-08-18 13:00,48.15,49.76,-1.6,NO,,,,,,,15m logic removed,,,,,WATCH,👀 WATCH,"Weekly RSI 63.09 > 50, but Hourly RSI has not touched 30 (current 48.15)"
2026-08-18 13:04:49,NSE:ABB,7566.0,61.76,63.4,-1.64,2026-08-18 13:00,35.27,46.3,-11.04,NO,,,,,,,15m logic removed,,,,,WATCH,👀 WATCH,"Weekly RSI 61.76 > 50, but Hourly RSI has not touched 30 (current 35.27)"
2026-08-18 13:04:50,NSE:ACMESOLAR,366.7,62.95,65.76,-2.81,2026-08-18 13:00,42.1,36.88,5.22,YES,,,,,,,15m logic removed,,,,,WATCH,👀 WATCH,"Weekly RSI 62.95 > 50, but Hourly RSI has not touched 30 (current 42.10)"
2026-08-18 13:04:52,NSE:ADANIENSOL,1607.7,65.29,66.1,-0.81,2026-08-18 13:00,53.35,42.84,10.51,YES,,,,,,,15m logic removed,,,,,WATCH,👀 WATCH,"Weekly RSI 65.29 > 50, but Hourly RSI has not touched 30 (current 53.35)"
2026-08-18 13:04:53,NSE:AEGISLOG,1351.8,69.86,66.7,3.16,2026-08-18 13:00,74.33,53.03,21.3,YES,,,,,,,15m logic removed,,,,,WATCH,👀 WATCH,"Weekly RSI 69.86 > 50, but Hourly RSI has not touched 30 (current 74.33)"
2026-08-18 13:04:54,NSE:AJANTPHARM,3724.0,75.49,74.36,1.13,2026-08-18 13:00,78.58,78.51,0.08,YES,,,,,,,15m logic removed,,,,,WATCH,👀 WATCH,"Weekly RSI 75.49 > 50, but Hourly RSI has not touched 30 (current 78.58)"
2026-08-18 13:04:56,NSE:AKUMS,746.45,72.46,70.82,1.64,2026-08-18 13:00,55.92,53.28,2.64,YES,,,,,,,15m logic removed,,,,,WATCH,👀 WATCH,"Weekly RSI 72.46 > 50, but Hourly RSI has not touched 30 (current 55.92)"
2026-08-18 13:04:57,NSE:ALIVUS,1402.6,79.05,78.41,0.64,2026-08-18 13:00,62.51,59.17,3.35,YES,,,,,,,15m logic removed,,,,,WATCH,👀 WATCH,"Weekly RSI 79.05 > 50, but Hourly RSI has not touched 30 (current 62.51)"
2026-08-18 13:04:59,NSE:ANANDRATHI,2186.0,75.36,74.94,0.42,2026-08-18 13:00,58.4,50.24,8.16,YES,,,,,,,15m logic removed,,,,,WATCH,👀 WATCH,"Weekly RSI 75.36 > 50, but Hourly RSI has not touched 30 (current 58.40)"
2026-08-18 13:05:00,NSE:ANANTRAJ,629.8,61.55,61.58,-0.03,2026-08-18 13:00,60.77,54.63,6.14,YES,,,,,,,15m logic removed,,,,,WATCH,👀 WATCH,"Weekly RSI 61.55 > 50, but Hourly RSI has not touched 30 (current 60.77)"
2026-08-18 13:05:01,NSE:APARINDS,16971.0,72.42,71.5,0.92,2026-08-18 13:00,55.57,42.37,13.2,YES,,,,,,,15m logic removed,,,,,WATCH,👀 WATCH,"Weekly RSI 72.42 > 50, but Hourly RSI has not touched 30 (current 55.57)"
2026-08-18 13:05:03,NSE:ASHOKLEY,176.32,56.24,54.11,2.13,2026-08-18 13:00,51.38,53.92,-2.54,NO,,,,,,,15m logic removed,,,,,WATCH,👀 WATCH,"Weekly RSI 56.24 > 50, but Hourly RSI has not touched 30 (current 51.38)"
2026-08-18 13:05:04,NSE:ASTRAMICRO,1745.4,67.95,67.72,0.23,2026-08-18 13:00,58.92,42.97,15.95,YES,,,,,,,15m logic removed,,,,,WATCH,👀 WATCH,"Weekly RSI 67.95 > 50, but Hourly RSI has not touched 30 (current 58.92)"
2026-08-18 13:05:06,NSE:ATHERENERG,1467.1,76.42,80.74,-4.32,2026-08-18 13:00,30.91,35.93,-5.02,NO,,,,,,,15m logic removed,,,,,WATCH,👀 WATCH,Weekly RSI 76.42 > 50 + Hourly RSI touched 30 + 15m price confirmation failed (Close 1464.6 <= Previous High 1476.1)
2026-08-18 13:05:07,NSE:AUROPHARMA,1635.9,67.97,67.08,0.89,2026-08-18 13:00,48.94,44.03,4.91,YES,,,,,,,15m logic removed,,,,,WATCH,👀 WATCH,"Weekly RSI 67.97 > 50, but Hourly RSI has not touched 30 (current 48.94)"
2026-08-18 13:05:09,NSE:BAJAJ-AUTO,11645.0,70.89,72.09,-1.19,2026-08-18 13:00,41.9,44.04,-2.13,NO,,,,,,,15m logic removed,,,,,WATCH,👀 WATCH,"Weekly RSI 70.89 > 50, but Hourly RSI has not touched 30 (current 41.90)"
2026-08-18 13:05:10,NSE:BALRAMCHIN,661.8,74.59,70.01,4.58,2026-08-18 13:00,75.63,72.74,2.89,YES,,,,,,,15m logic removed,,,,,WATCH,👀 WATCH,"Weekly RSI 74.59 > 50, but Hourly RSI has not touched 30 (current 75.63)"
2026-08-18 13:05:11,NSE:BDL,1393.4,54.24,54.59,-0.34,2026-08-18 13:00,65.17,59.46,5.71,YES,,,,,,,15m logic removed,,,,,WATCH,👀 WATCH,"Weekly RSI 54.24 > 50, but Hourly RSI has not touched 30 (current 65.17)"
2026-08-18 13:05:13,NSE:BEML,1950.9,59.63,55.85,3.78,2026-08-18 13:00,69.49,57.48,12.01,YES,,,,,,,15m logic removed,,,,,WATCH,👀 WATCH,"Weekly RSI 59.63 > 50, but Hourly RSI has not touched 30 (current 69.49)"
2026-08-18 13:05:14,NSE:BHARATFORG,2085.6,58.46,57.47,0.99,2026-08-18 13:00,48.71,52.12,-3.4,NO,,,,,,,15m logic removed,,,,,WATCH,👀 WATCH,"Weekly RSI 58.46 > 50, but Hourly RSI has not touched 30 (current 48.71)"
2026-08-18 13:05:15,NSE:BHEL,426.5,66.33,65.48,0.85,2026-08-18 13:00,54.65,70.96,-16.31,NO,,,,,,,15m logic removed,,,,,WATCH,👀 WATCH,"Weekly RSI 66.33 > 50, but Hourly RSI has not touched 30 (current 54.65)"
2026-08-18 13:05:16,NSE:BOSCHLTD,48350.0,74.77,72.96,1.81,2026-08-18 13:00,75.52,60.0,15.51,YES,,,,,,,15m logic removed,,,,,WATCH,👀 WATCH,"Weekly RSI 74.77 > 50, but Hourly RSI has not touched 30 (current 75.52)"
2026-08-18 13:05:18,NSE:BRIGADE,596.0,55.54,54.87,0.67,2026-08-18 13:00,55.52,50.54,4.98,YES,,,,,,,15m logic removed,,,,,WATCH,👀 WATCH,"Weekly RSI 55.54 > 50, but Hourly RSI has not touched 30 (current 55.52)"
2026-08-18 13:05:23,NSE:CAPLIPOINT,2542.9,67.58,65.36,2.22,2026-08-18 13:00,58.77,55.11,3.67,YES,,,,,,,15m logic removed,,,,,WATCH,👀 WATCH,"Weekly RSI 67.58 > 50, but Hourly RSI has not touched 30 (current 58.77)"
2026-08-18 13:05:24,NSE:CGPOWER,890.75,58.42,58.34,0.07,2026-08-18 13:00,53.55,67.68,-14.13,NO,,,,,,,15m logic removed,,,,,WATCH,👀 WATCH,"Weekly RSI 58.42 > 50, but Hourly RSI has not touched 30 (current 53.55)"
2026-08-18 13:05:25,NSE:CHENNPETRO,1419.8,74.31,69.87,4.44,2026-08-18 13:00,73.41,64.69,8.72,YES,,,,,,,15m logic removed,,,,,WATCH,👀 WATCH,"Weekly RSI 74.31 > 50, but Hourly RSI has not touched 30 (current 73.41)"
2026-08-18 13:05:27,NSE:COHANCE,451.55,50.58,48.61,1.97,2026-08-18 13:00,61.52,55.0,6.51,YES,,,,,,,15m logic removed,,,,,WATCH,👀 WATCH,"Weekly RSI 50.58 > 50, but Hourly RSI has not touched 30 (current 61.52)"
2026-08-18 13:05:28,NSE:CYIENTDLM,738.25,86.19,84.24,1.95,2026-08-18 13:00,67.51,69.29,-1.78,NO,,,,,,,15m logic removed,,,,,WATCH,👀 WATCH,"Weekly RSI 86.19 > 50, but Hourly RSI has not touched 30 (current 67.51)"
2026-08-18 13:05:29,NSE:DATAPATTNS,4660.1,63.31,60.33,2.98,2026-08-18 13:00,72.78,58.21,14.57,YES,,,,,,,15m logic removed,,,,,WATCH,👀 WATCH,"Weekly RSI 63.31 > 50, but Hourly RSI has not touched 30 (current 72.78)"
2026-08-18 13:05:30,NSE:DIVISLAB,8580.0,84.13,83.43,0.71,2026-08-18 13:00,60.99,49.68,11.31,YES,,,,,,,15m logic removed,,,,,WATCH,👀 WATCH,"Weekly RSI 84.13 > 50, but Hourly RSI has not touched 30 (current 60.99)"
2026-08-18 13:05:32,NSE:DLF,674.55,57.37,55.85,1.52,2026-08-18 13:00,64.73,60.92,3.81,YES,,,,,,,15m logic removed,,,,,WATCH,👀 WATCH,"Weekly RSI 57.37 > 50, but Hourly RSI has not touched 30 (current 64.73)"
2026-08-18 13:05:33,NSE:DYNAMATECH,11316.0,57.36,56.53,0.83,2026-08-18 13:00,65.95,56.51,9.44,YES,,,,,,,15m logic removed,,,,,WATCH,👀 WATCH,"Weekly RSI 57.36 > 50, but Hourly RSI has not touched 30 (current 65.95)"
2026-08-18 13:05:34,NSE:EICHERMOT,8080.0,64.77,64.56,0.2,2026-08-18 13:00,53.72,47.13,6.59,YES,,,,,,,15m logic removed,,,,,WATCH,👀 WATCH,"Weekly RSI 64.77 > 50, but Hourly RSI has not touched 30 (current 53.72)"
2026-08-18 13:05:36,NSE:ENRIN,3591.7,56.81,55.76,1.05,2026-08-18 13:00,56.77,62.01,-5.24,NO,,,,,,,15m logic removed,,,,,WATCH,👀 WATCH,"Weekly RSI 56.81 > 50, but Hourly RSI has not touched 30 (current 56.77)"
2026-08-18 13:05:37,NSE:EXIDEIND,466.3,68.91,72.73,-3.82,2026-08-18 13:00,30.03,41.47,-11.44,NO,,,,,,,15m logic removed,,,,,WATCH,👀 WATCH,"Weekly RSI 68.91 > 50, but Hourly RSI has not touched 30 (current 30.03)"
2026-08-18 13:05:39,NSE:GLAND,2879.7,74.4,79.58,-5.18,2026-08-18 13:00,44.61,48.81,-4.19,NO,,,,,,,15m logic removed,,,,,WATCH,👀 WATCH,"Weekly RSI 74.40 > 50, but Hourly RSI has not touched 30 (current 44.61)"
2026-08-18 13:05:40,NSE:GODREJPROP,2020.1,56.03,54.63,1.39,2026-08-18 13:00,50.19,62.29,-12.1,NO,,,,,,,15m logic removed,,,,,WATCH,👀 WATCH,"Weekly RSI 56.03 > 50, but Hourly RSI has not touched 30 (current 50.19)"
2026-08-18 13:05:41,NSE:GRANULES,851.95,65.2,66.44,-1.24,2026-08-18 13:00,42.69,53.96,-11.27,NO,,,,,,,15m logic removed,,,,,WATCH,👀 WATCH,"Weekly RSI 65.20 > 50, but Hourly RSI has not touched 30 (current 42.69)"
2026-08-18 13:05:42,NSE:HAL,5104.8,68.79,67.39,1.4,2026-08-18 13:00,70.52,63.95,6.57,YES,,,,,,,15m logic removed,,,,,WATCH,👀 WATCH,"Weekly RSI 68.79 > 50, but Hourly RSI has not touched 30 (current 70.52)"
2026-08-18 13:05:43,NSE:HEROMOTOCO,5713.0,61.51,63.8,-2.29,2026-08-18 13:00,36.68,40.81,-4.13,NO,,,,,,,15m logic removed,,,,,WATCH,👀 WATCH,"Weekly RSI 61.51 > 50, but Hourly RSI has not touched 30 (current 36.68)"
2026-08-18 13:05:45,NSE:HFCL,228.9,77.49,76.42,1.06,2026-08-18 13:00,63.6,43.81,19.78,YES,,,,,,,15m logic removed,,,,,WATCH,👀 WATCH,"Weekly RSI 77.49 > 50, but Hourly RSI has not touched 30 (current 63.60)"
2026-08-18 13:05:46,NSE:HONASA,474.95,68.89,79.49,-10.6,2026-08-18 13:00,40.78,45.33,-4.55,NO,,,,,,,15m logic removed,,,,,WATCH,👀 WATCH,"Weekly RSI 68.89 > 50, but Hourly RSI has not touched 30 (current 40.78)"
2026-08-18 13:05:47,NSE:HSCL,780.7,72.31,72.38,-0.08,2026-08-18 13:00,53.27,57.99,-4.71,NO,,,,,,,15m logic removed,,,,,WATCH,👀 WATCH,"Weekly RSI 72.31 > 50, but Hourly RSI has not touched 30 (current 53.27)"
2026-08-18 13:05:48,NSE:IFCI,80.8,61.77,58.71,3.06,2026-08-18 13:00,72.11,64.85,7.26,YES,,,,,,,15m logic removed,,,,,WATCH,👀 WATCH,"Weekly RSI 61.77 > 50, but Hourly RSI has not touched 30 (current 72.11)"
2026-08-18 13:05:50,NSE:INOXINDIA,1958.8,73.44,72.82,0.62,2026-08-18 13:00,57.43,51.54,5.88,YES,,,,,,,15m logic removed,,,,,WATCH,👀 WATCH,"Weekly RSI 73.44 > 50, but Hourly RSI has not touched 30 (current 57.43)"
2026-08-18 13:05:51,NSE:IPCALAB,1885.1,65.69,57.98,7.72,2026-08-18 13:00,70.24,68.79,1.45,YES,,,,,,,15m logic removed,,,,,WATCH,👀 WATCH,"Weekly RSI 65.69 > 50, but Hourly RSI has not touched 30 (current 70.24)"
2026-08-18 13:05:53,NSE:JINDALSAW,267.3,61.34,61.29,0.06,2026-08-18 13:00,46.97,58.05,-11.08,NO,,,,,,,15m logic removed,,,,,WATCH,👀 WATCH,"Weekly RSI 61.34 > 50, but Hourly RSI has not touched 30 (current 46.97)"
2026-08-18 13:05:55,NSE:KIRLOSENG,2109.9,59.28,58.99,0.29,2026-08-18 13:00,54.69,50.77,3.92,YES,,,,,,,15m logic removed,,,,,WATCH,👀 WATCH,"Weekly RSI 59.28 > 50, but Hourly RSI has not touched 30 (current 54.69)"
2026-08-18 13:05:56,NSE:LALPATHLAB,1891.9,69.98,72.68,-2.7,2026-08-18 13:00,36.11,19.65,16.46,YES,,,,,,,15m logic removed,,,,,WATCH,👀 WATCH,Weekly RSI 69.98 > 50 + Hourly RSI touched 30 + 15m price confirmation failed (Close 1892.7 <= Previous High 1895.2)
2026-08-18 13:05:58,NSE:LAURUSLABS,1820.9,80.58,79.62,0.95,2026-08-18 13:00,52.38,46.24,6.14,YES,,,,,,,15m logic removed,,,,,WATCH,👀 WATCH,"Weekly RSI 80.58 > 50, but Hourly RSI has not touched 30 (current 52.38)"
2026-08-18 13:05:59,NSE:LLOYDSME,1931.0,63.9,63.36,0.54,2026-08-18 13:00,46.95,50.05,-3.1,NO,,,,,,,15m logic removed,,,,,WATCH,👀 WATCH,"Weekly RSI 63.90 > 50, but Hourly RSI has not touched 30 (current 46.95)"
2026-08-18 13:06:00,NSE:LODHA,1230.0,62.59,63.8,-1.21,2026-08-18 13:00,47.5,60.92,-13.42,NO,,,,,,,15m logic removed,,,,,WATCH,👀 WATCH,"Weekly RSI 62.59 > 50, but Hourly RSI has not touched 30 (current 47.50)"
2026-08-18 13:06:02,NSE:M&M,3423.8,57.44,57.66,-0.22,2026-08-18 13:00,51.77,39.7,12.07,YES,,,,,,,15m logic removed,,,,,WATCH,👀 WATCH,"Weekly RSI 57.44 > 50, but Hourly RSI has not touched 30 (current 51.77)"
2026-08-18 13:06:03,NSE:MAZDOCK,2605.0,55.78,54.76,1.03,2026-08-18 13:00,64.65,52.67,11.98,YES,,,,,,,15m logic removed,,,,,WATCH,👀 WATCH,"Weekly RSI 55.78 > 50, but Hourly RSI has not touched 30 (current 64.65)"
2026-08-18 13:06:05,NSE:MIDHANI,434.25,59.21,55.61,3.6,2026-08-18 13:00,55.97,51.38,4.59,YES,,,,,,,15m logic removed,,,,,WATCH,👀 WATCH,"Weekly RSI 59.21 > 50, but Hourly RSI has not touched 30 (current 55.97)"
2026-08-18 13:06:07,NSE:MOTHERSON,169.22,74.49,74.11,0.38,2026-08-18 13:00,59.74,50.12,9.63,YES,,,,,,,15m logic removed,,,,,WATCH,👀 WATCH,"Weekly RSI 74.49 > 50, but Hourly RSI has not touched 30 (current 59.74)"
2026-08-18 13:06:08,NSE:MTARTECH,7172.0,61.1,60.33,0.77,2026-08-18 13:00,56.39,49.9,6.49,YES,,,,,,,15m logic removed,,,,,WATCH,👀 WATCH,"Weekly RSI 61.10 > 50, but Hourly RSI has not touched 30 (current 56.39)"
2026-08-18 13:06:09,NSE:NETWEB,5339.0,67.4,63.88,3.52,2026-08-18 13:00,73.95,66.61,7.34,YES,,,,,,,15m logic removed,,,,,WATCH,👀 WATCH,"Weekly RSI 67.40 > 50, but Hourly RSI has not touched 30 (current 73.95)"
2026-08-18 13:06:11,NSE:NEULANDLAB,23316.0,77.46,77.48,-0.03,2026-08-18 13:00,53.34,67.9,-14.55,NO,,,,,,,15m logic removed,,,,,WATCH,👀 WATCH,"Weekly RSI 77.46 > 50, but Hourly RSI has not touched 30 (current 53.34)"
2026-08-18 13:06:12,NSE:OBEROIRLTY,1905.0,62.36,59.06,3.3,2026-08-18 13:00,63.58,74.06,-10.48,NO,,,,,,,15m logic removed,,,,,WATCH,👀 WATCH,"Weekly RSI 62.36 > 50, but Hourly RSI has not touched 30 (current 63.58)"
2026-08-18 13:06:14,NSE:PARAS,1498.0,73.46,69.95,3.51,2026-08-18 13:00,85.98,69.69,16.29,YES,,,,,,,15m logic removed,,,,,WATCH,👀 WATCH,"Weekly RSI 73.46 > 50, but Hourly RSI has not touched 30 (current 85.98)"
2026-08-18 13:06:15,NSE:PHOENIXLTD,1930.8,56.04,53.56,2.48,2026-08-18 13:00,62.93,62.59,0.34,YES,,,,,,,15m logic removed,,,,,WATCH,👀 WATCH,"Weekly RSI 56.04 > 50, but Hourly RSI has not touched 30 (current 62.93)"
2026-08-18 13:06:16,NSE:POLYMED,1773.1,59.74,60.69,-0.95,2026-08-18 13:00,47.86,37.37,10.49,YES,,,,,,,15m logic removed,,,,,WATCH,👀 WATCH,"Weekly RSI 59.74 > 50, but Hourly RSI has not touched 30 (current 47.86)"
2026-08-18 13:06:18,NSE:POWERINDIA,35235.0,61.01,62.34,-1.33,2026-08-18 13:00,45.02,51.15,-6.13,NO,,,,,,,15m logic removed,,,,,WATCH,👀 WATCH,"Weekly RSI 61.01 > 50, but Hourly RSI has not touched 30 (current 45.02)"
2026-08-18 13:06:19,NSE:PPLPHARMA,209.85,69.99,68.8,1.2,2026-08-18 13:00,55.06,36.42,18.65,YES,,,,,,,15m logic removed,,,,,WATCH,👀 WATCH,"Weekly RSI 69.99 > 50, but Hourly RSI has not touched 30 (current 55.06)"
2026-08-18 13:06:20,NSE:PRESTIGE,1591.7,55.36,55.42,-0.06,2026-08-18 13:00,50.59,50.69,-0.1,NO,,,,,,,15m logic removed,,,,,WATCH,👀 WATCH,"Weekly RSI 55.36 > 50, but Hourly RSI has not touched 30 (current 50.59)"
2026-08-18 13:06:22,NSE:RADICO,4683.8,86.97,86.65,0.32,2026-08-18 13:00,67.06,70.69,-3.63,NO,,,,,,,15m logic removed,,,,,WATCH,👀 WATCH,"Weekly RSI 86.97 > 50, but Hourly RSI has not touched 30 (current 67.06)"
2026-08-18 13:06:23,NSE:RKFORGE,753.7,74.14,72.41,1.73,2026-08-18 13:00,65.85,65.72,0.13,YES,,,,,,,15m logic removed,,,,,WATCH,👀 WATCH,"Weekly RSI 74.14 > 50, but Hourly RSI has not touched 30 (current 65.85)"
2026-08-18 13:06:25,NSE:RRKABEL,2812.2,77.76,77.31,0.45,2026-08-18 13:00,59.83,44.81,15.02,YES,,,,,,,15m logic removed,,,,,WATCH,👀 WATCH,"Weekly RSI 77.76 > 50, but Hourly RSI has not touched 30 (current 59.83)"
2026-08-18 13:06:26,NSE:SAILIFE,1441.0,78.78,80.21,-1.43,2026-08-18 13:00,52.05,37.28,14.77,YES,,,,,,,15m logic removed,,,,,WATCH,👀 WATCH,"Weekly RSI 78.78 > 50, but Hourly RSI has not touched 30 (current 52.05)"
2026-08-18 13:06:27,NSE:SAREGAMA,514.4,68.62,73.51,-4.89,2026-08-18 13:00,40.87,45.51,-4.64,NO,,,,,,,15m logic removed,,,,,WATCH,👀 WATCH,"Weekly RSI 68.62 > 50, but Hourly RSI has not touched 30 (current 40.87)"
2026-08-18 13:06:29,NSE:SIGNATURE,806.45,45.56,45.82,-0.26,2026-08-18 13:00,49.38,41.59,7.79,YES,,,,,,,15m logic removed,,,,,IGNORE,❌ IGNORE,Weekly RSI 45.56 <= 50
2026-08-18 13:06:30,NSE:SOBHA,1318.0,43.42,44.17,-0.75,2026-08-18 13:00,41.19,44.16,-2.97,NO,,,,,,,15m logic removed,,,,,IGNORE,❌ IGNORE,Weekly RSI 43.42 <= 50
2026-08-18 13:06:31,NSE:SOLARINDS,20175.0,72.09,71.31,0.77,2026-08-18 13:00,65.17,61.19,3.97,YES,,,,,,,15m logic removed,,,,,WATCH,👀 WATCH,"Weekly RSI 72.09 > 50, but Hourly RSI has not touched 30 (current 65.17)"
2026-08-18 13:06:33,NSE:SONACOMS,818.4,78.22,76.36,1.86,2026-08-18 13:00,66.48,54.21,12.27,YES,,,,,,,15m logic removed,,,,,WATCH,👀 WATCH,"Weekly RSI 78.22 > 50, but Hourly RSI has not touched 30 (current 66.48)"
2026-08-18 13:06:34,NSE:SYRMA,1500.2,70.66,69.38,1.28,2026-08-18 13:00,60.18,50.95,9.22,YES,,,,,,,15m logic removed,,,,,WATCH,👀 WATCH,"Weekly RSI 70.66 > 50, but Hourly RSI has not touched 30 (current 60.18)"
2026-08-18 13:06:35,NSE:TORNTPHARM,4982.5,64.49,61.07,3.42,2026-08-18 13:00,64.77,53.64,11.13,YES,,,,,,,15m logic removed,,,,,WATCH,👀 WATCH,"Weekly RSI 64.49 > 50, but Hourly RSI has not touched 30 (current 64.77)"
2026-08-18 13:06:37,NSE:TVSMOTOR,4364.5,68.28,67.22,1.06,2026-08-18 13:00,51.43,57.39,-5.96,NO,,,,,,,15m logic removed,,,,,WATCH,👀 WATCH,"Weekly RSI 68.28 > 50, but Hourly RSI has not touched 30 (current 51.43)"
2026-08-18 13:06:38,NSE:UNIMECH,1512.7,75.06,76.02,-0.96,2026-08-18 13:00,61.84,60.47,1.38,YES,,,,,,,15m logic removed,,,,,WATCH,👀 WATCH,"Weekly RSI 75.06 > 50, but Hourly RSI has not touched 30 (current 61.84)"
2026-08-18 13:06:39,NSE:UNOMINDA,1269.2,60.74,58.5,2.23,2026-08-18 13:00,63.8,64.62,-0.82,NO,,,,,,,15m logic removed,,,,,WATCH,👀 WATCH,"Weekly RSI 60.74 > 50, but Hourly RSI has not touched 30 (current 63.80)"
2026-08-18 13:06:41,NSE:VIJAYA,1509.3,71.24,69.58,1.66,2026-08-18 13:00,62.88,63.24,-0.36,NO,,,,,,,15m logic removed,,,,,WATCH,👀 WATCH,"Weekly RSI 71.24 > 50, but Hourly RSI has not touched 30 (current 62.88)"
2026-08-18 13:06:42,NSE:WELCORP,1900.0,88.89,88.47,0.43,2026-08-18 13:00,66.96,59.84,7.12,YES,,,,,,,15m logic removed,,,,,WATCH,👀 WATCH,"Weekly RSI 88.89 > 50, but Hourly RSI has not touched 30 (current 66.96)"
2026-08-18 13:06:43,NSE:WOCKPHARMA,1869.1,57.09,60.66,-3.57,2026-08-18 13:00,34.39,42.6,-8.21,NO,,,,,,,15m logic removed,,,,,WATCH,👀 WATCH,"Weekly RSI 57.09 > 50, but Hourly RSI has not touched 30 (current 34.39)"
2026-08-18 13:06:45,NSE:ZENTEC,1984.6,63.19,58.95,4.24,2026-08-18 13:00,83.07,63.11,19.96,YES,,,,,,,15m logic removed,,,,,WATCH,👀 WATCH,"Weekly RSI 63.19 > 50, but Hourly RSI has not touched 30 (current 83.07)"
2026-08-18 13:06:46,NSE:ZYDUSLIFE,1122.1,62.67,65.38,-2.71,2026-08-18 13:00,33.67,38.01,-4.34,NO,,,,,,,15m logic removed,,,,,WATCH,👀 WATCH,"Weekly RSI 62.67 > 50, but Hourly RSI has not touched 30 (current 33.67)"
2026-08-18 13:06:47,PARAS,1498.9,73.48,69.95,3.53,2026-08-18 13:00,86.04,69.69,16.35,YES,,,,,,,15m logic removed,,,,,WATCH,👀 WATCH,"Weekly RSI 73.48 > 50, but Hourly RSI has not touched 30 (current 86.04)"
2026-08-18 13:06:49,KALYANKJIL,605.25,71.16,71.82,-0.66,2026-08-18 13:00,46.04,51.96,-5.92,NO,,,,,,,15m logic removed,,,,,WATCH,👀 WATCH,"Weekly RSI 71.16 > 50, but Hourly RSI has not touched 30 (current 46.04)"
2026-08-18 13:06:50,CYIENTDLM,740.3,86.27,84.24,2.03,2026-08-18 13:00,69.43,69.29,0.14,YES,,,,,,,15m logic removed,,,,,WATCH,👀 WATCH,"Weekly RSI 86.27 > 50, but Hourly RSI has not touched 30 (current 69.43)"
2026-08-18 13:06:51,UNIMECH,1514.3,75.21,76.02,-0.81,2026-08-18 13:00,62.29,60.47,1.83,YES,,,,,,,15m logic removed,,,,,WATCH,👀 WATCH,"Weekly RSI 75.21 > 50, but Hourly RSI has not touched 30 (current 62.29)"
2026-08-18 13:06:52,SYRMA,1500.0,70.65,69.38,1.27,2026-08-18 13:00,60.12,50.95,9.17,YES,,,,,,,15m logic removed,,,,,WATCH,👀 WATCH,"Weekly RSI 70.65 > 50, but Hourly RSI has not touched 30 (current 60.12)"
2026-08-18 13:06:54,HFCL,228.86,77.48,76.42,1.06,2026-08-18 13:00,63.54,43.81,19.73,YES,,,,,,,15m logic removed,,,,,WATCH,👀 WATCH,"Weekly RSI 77.48 > 50, but Hourly RSI has not touched 30 (current 63.54)"
2026-08-18 13:06:55,WELCORP,1900.0,88.89,88.47,0.43,2026-08-18 13:00,66.96,59.84,7.12,YES,,,,,,,15m logic removed,,,,,WATCH,👀 WATCH,"Weekly RSI 88.89 > 50, but Hourly RSI has not touched 30 (current 66.96)"
2026-08-18 13:06:56,TBOTEK,1720.6,68.54,64.85,3.69,2026-08-18 13:00,75.16,71.12,4.05,YES,,,,,,,15m logic removed,,,,,WATCH,👀 WATCH,"Weekly RSI 68.54 > 50, but Hourly RSI has not touched 30 (current 75.16)"
2026-08-18 13:06:57,NAUKRI,1361.9,71.25,70.25,1.01,2026-08-18 13:00,59.63,56.44,3.19,YES,,,,,,,15m logic removed,,,,,WATCH,👀 WATCH,"Weekly RSI 71.25 > 50, but Hourly RSI has not touched 30 (current 59.63)"
2026-08-18 13:06:58,AKUMS,746.75,72.48,70.82,1.66,2026-08-18 13:00,56.13,53.28,2.85,YES,,,,,,,15m logic removed,,,,,WATCH,👀 WATCH,"Weekly RSI 72.48 > 50, but Hourly RSI has not touched 30 (current 56.13)"
2026-08-18 13:19:26,NSE:LGEINDIA,1658.8,55.46,60.65,-5.19,2026-08-18 13:00,53.7,55.5,-1.8,NO,,,,,,,15m logic removed,,,,,WATCH,👀 WATCH,"Weekly RSI 55.46 > 50, but Hourly RSI has not touched 30 (current 53.70)"
2026-08-18 13:19:27,NSE:ASTRAL,1522.8,51.99,54.81,-2.82,2026-08-18 13:00,45.36,54.86,-9.5,NO,,,,,,,15m logic removed,,,,,WATCH,👀 WATCH,"Weekly RSI 51.99 > 50, but Hourly RSI has not touched 30 (current 45.36)"
2026-08-18 13:19:29,NSE:FINCABLES,1315.95,68.74,65.92,2.82,2026-08-18 13:00,72.25,73.98,-1.73,NO,,,,,,,15m logic removed,,,,,WATCH,👀 WATCH,"Weekly RSI 68.74 > 50, but Hourly RSI has not touched 30 (current 72.25)"
2026-08-18 13:19:30,NSE:GODREJAGRO,590.7,52.46,50.07,2.39,2026-08-18 13:00,70.13,74.36,-4.24,NO,,,,,,,15m logic removed,,,,,WATCH,👀 WATCH,"Weekly RSI 52.46 > 50, but Hourly RSI has not touched 30 (current 70.13)"
2026-08-18 13:19:31,NSE:HAPPSTMNDS,419.5,57.28,57.5,-0.22,2026-08-18 13:00,57.37,66.54,-9.17,NO,,,,,,,15m logic removed,,,,,WATCH,👀 WATCH,"Weekly RSI 57.28 > 50, but Hourly RSI has not touched 30 (current 57.37)"
2026-08-18 13:19:33,NSE:NAZARA,353.75,71.6,72.74,-1.14,2026-08-18 13:00,50.01,36.05,13.96,YES,,,,,,,15m logic removed,,,,,WATCH,👀 WATCH,"Weekly RSI 71.60 > 50, but Hourly RSI has not touched 30 (current 50.01)"
2026-08-18 13:19:34,NSE:OFSS,11786.0,67.49,68.0,-0.51,2026-08-18 13:00,55.04,55.31,-0.27,NO,,,,,,,15m logic removed,,,,,WATCH,👀 WATCH,"Weekly RSI 67.49 > 50, but Hourly RSI has not touched 30 (current 55.04)"
2026-08-18 13:19:36,NSE:REDINGTON,327.7,63.14,64.98,-1.84,2026-08-18 13:00,28.52,36.71,-8.19,NO,,,,,,,15m logic removed,,,,,WATCH,👀 WATCH,Weekly RSI 63.14 > 50 + Hourly RSI touched 30 + 15m price confirmation failed (Close 327.8 <= Previous High 328.65)
2026-08-18 13:19:37,NSE:ABB,7570.0,61.84,63.4,-1.56,2026-08-18 13:00,35.63,46.3,-10.67,NO,,,,,,,15m logic removed,,,,,WATCH,👀 WATCH,"Weekly RSI 61.84 > 50, but Hourly RSI has not touched 30 (current 35.63)"
2026-08-18 13:19:38,NSE:ACMESOLAR,370.9,64.51,65.76,-1.25,2026-08-18 13:00,51.92,36.88,15.04,YES,,,,,,,15m logic removed,,,,,WATCH,👀 WATCH,"Weekly RSI 64.51 > 50, but Hourly RSI has not touched 30 (current 51.92)"
2026-08-18 13:19:39,NSE:ADANIENSOL,1608.9,65.41,66.1,-0.69,2026-08-18 13:00,53.9,42.84,11.06,YES,,,,,,,15m logic removed,,,,,WATCH,👀 WATCH,"Weekly RSI 65.41 > 50, but Hourly RSI has not touched 30 (current 53.90)"
2026-08-18 13:19:40,NSE:AEGISLOG,1348.7,69.75,66.7,3.05,2026-08-18 13:00,73.75,53.03,20.72,YES,,,,,,,15m logic removed,,,,,WATCH,👀 WATCH,"Weekly RSI 69.75 > 50, but Hourly RSI has not touched 30 (current 73.75)"
2026-08-18 13:19:41,NSE:AJANTPHARM,3725.0,75.51,74.36,1.15,2026-08-18 13:00,78.73,78.51,0.22,YES,,,,,,,15m logic removed,,,,,WATCH,👀 WATCH,"Weekly RSI 75.51 > 50, but Hourly RSI has not touched 30 (current 78.73)"
2026-08-18 13:19:43,NSE:AKUMS,748.5,72.62,70.82,1.8,2026-08-18 13:00,57.33,53.28,4.05,YES,,,,,,,15m logic removed,,,,,WATCH,👀 WATCH,"Weekly RSI 72.62 > 50, but Hourly RSI has not touched 30 (current 57.33)"
2026-08-18 13:19:45,NSE:ALIVUS,1401.5,79.01,78.41,0.6,2026-08-18 13:00,62.06,59.17,2.9,YES,,,,,,,15m logic removed,,,,,WATCH,👀 WATCH,"Weekly RSI 79.01 > 50, but Hourly RSI has not touched 30 (current 62.06)"
2026-08-18 13:19:46,NSE:ANANDRATHI,2187.0,75.39,74.94,0.46,2026-08-18 13:00,58.95,50.24,8.7,YES,,,,,,,15m logic removed,,,,,WATCH,👀 WATCH,"Weekly RSI 75.39 > 50, but Hourly RSI has not touched 30 (current 58.95)"
2026-08-18 13:19:47,NSE:ANANTRAJ,629.8,61.55,61.58,-0.03,2026-08-18 13:00,60.77,54.63,6.14,YES,,,,,,,15m logic removed,,,,,WATCH,👀 WATCH,"Weekly RSI 61.55 > 50, but Hourly RSI has not touched 30 (current 60.77)"
2026-08-18 13:19:48,NSE:APARINDS,17000.0,72.51,71.5,1.01,2026-08-18 13:00,56.29,42.37,13.92,YES,,,,,,,15m logic removed,,,,,WATCH,👀 WATCH,"Weekly RSI 72.51 > 50, but Hourly RSI has not touched 30 (current 56.29)"
2026-08-18 13:19:49,NSE:ASHOKLEY,176.6,56.36,54.11,2.25,2026-08-18 13:00,52.26,53.92,-1.66,NO,,,,,,,15m logic removed,,,,,WATCH,👀 WATCH,"Weekly RSI 56.36 > 50, but Hourly RSI has not touched 30 (current 52.26)"
2026-08-18 13:19:50,NSE:ASTERDM,820.0,60.19,60.6,-0.41,2026-08-18 13:00,37.27,36.57,0.71,YES,,,,,,,15m logic removed,,,,,WATCH,👀 WATCH,"Weekly RSI 60.19 > 50, but Hourly RSI has not touched 30 (current 37.27)"
2026-08-18 13:19:51,NSE:ASTRAMICRO,1748.3,68.06,67.72,0.33,2026-08-18 13:00,59.73,42.97,16.76,YES,,,,,,,15m logic removed,,,,,WATCH,👀 WATCH,"Weekly RSI 68.06 > 50, but Hourly RSI has not touched 30 (current 59.73)"
2026-08-18 13:19:52,NSE:ATHERENERG,1470.1,76.7,80.74,-4.04,2026-08-18 13:00,31.81,35.93,-4.13,NO,,,,,,,15m logic removed,,,,,SETUP,🔥 SETUP,Weekly RSI 76.70 > 50 + Hourly RSI touched 30 + 15m Close > Previous 15m High
2026-08-18 13:19:54,NSE:AUROPHARMA,1630.1,67.6,67.08,0.52,2026-08-18 13:00,45.77,44.03,1.74,YES,,,,,,,15m logic removed,,,,,WATCH,👀 WATCH,"Weekly RSI 67.60 > 50, but Hourly RSI has not touched 30 (current 45.77)"
2026-08-18 13:19:55,NSE:BAJAJ-AUTO,11640.0,70.78,72.09,-1.3,2026-08-18 13:00,41.35,44.04,-2.69,NO,,,,,,,15m logic removed,,,,,WATCH,👀 WATCH,"Weekly RSI 70.78 > 50, but Hourly RSI has not touched 30 (current 41.35)"
2026-08-18 13:19:56,NSE:BALRAMCHIN,661.25,74.53,70.01,4.52,2026-08-18 13:00,75.38,72.74,2.64,YES,,,,,,,15m logic removed,,,,,WATCH,👀 WATCH,"Weekly RSI 74.53 > 50, but Hourly RSI has not touched 30 (current 75.38)"
2026-08-18 13:19:57,NSE:BDL,1392.3,54.16,54.59,-0.42,2026-08-18 13:00,64.76,59.46,5.3,YES,,,,,,,15m logic removed,,,,,WATCH,👀 WATCH,"Weekly RSI 54.16 > 50, but Hourly RSI has not touched 30 (current 64.76)"
2026-08-18 13:19:58,NSE:BEML,1956.7,59.89,55.85,4.04,2026-08-18 13:00,70.65,57.48,13.17,YES,,,,,,,15m logic removed,,,,,WATCH,👀 WATCH,"Weekly RSI 59.89 > 50, but Hourly RSI has not touched 30 (current 70.65)"
2026-08-18 13:20:00,NSE:BHARATFORG,2090.1,58.67,57.47,1.2,2026-08-18 13:00,50.73,52.12,-1.39,NO,,,,,,,15m logic removed,,,,,WATCH,👀 WATCH,"Weekly RSI 58.67 > 50, but Hourly RSI has not touched 30 (current 50.73)"
2026-08-18 13:20:01,NSE:BHEL,428.2,66.62,65.48,1.14,2026-08-18 13:00,57.0,70.96,-13.96,NO,,,,,,,15m logic removed,,,,,WATCH,👀 WATCH,"Weekly RSI 66.62 > 50, but Hourly RSI has not touched 30 (current 57.00)"
2026-08-18 13:20:02,NSE:BOSCHLTD,48365.0,74.79,72.96,1.83,2026-08-18 13:00,75.62,60.0,15.62,YES,,,,,,,15m logic removed,,,,,WATCH,👀 WATCH,"Weekly RSI 74.79 > 50, but Hourly RSI has not touched 30 (current 75.62)"
2026-08-18 13:20:03,NSE:BRIGADE,595.25,55.42,54.87,0.56,2026-08-18 13:00,54.65,50.54,4.11,YES,,,,,,,15m logic removed,,,,,WATCH,👀 WATCH,"Weekly RSI 55.42 > 50, but Hourly RSI has not touched 30 (current 54.65)"
2026-08-18 13:20:05,NSE:CAPLIPOINT,2542.0,67.55,65.36,2.19,2026-08-18 13:00,58.6,55.11,3.5,YES,,,,,,,15m logic removed,,,,,WATCH,👀 WATCH,"Weekly RSI 67.55 > 50, but Hourly RSI has not touched 30 (current 58.60)"
2026-08-18 13:20:06,NSE:CGPOWER,893.0,58.69,58.34,0.35,2026-08-18 13:00,56.87,67.68,-10.81,NO,,,,,,,15m logic removed,,,,,WATCH,👀 WATCH,"Weekly RSI 58.69 > 50, but Hourly RSI has not touched 30 (current 56.87)"
2026-08-18 13:20:07,NSE:CHENNPETRO,1417.7,74.23,69.87,4.36,2026-08-18 13:00,73.04,64.69,8.35,YES,,,,,,,15m logic removed,,,,,WATCH,👀 WATCH,"Weekly RSI 74.23 > 50, but Hourly RSI has not touched 30 (current 73.04)"
2026-08-18 13:20:08,NSE:COHANCE,454.0,51.0,48.61,2.4,2026-08-18 13:00,64.3,55.0,9.3,YES,,,,,,,15m logic removed,,,,,WATCH,👀 WATCH,"Weekly RSI 51.00 > 50, but Hourly RSI has not touched 30 (current 64.30)"
2026-08-18 13:20:09,NSE:CYIENTDLM,738.7,86.21,84.24,1.97,2026-08-18 13:00,67.96,69.29,-1.33,NO,,,,,,,15m logic removed,,,,,WATCH,👀 WATCH,"Weekly RSI 86.21 > 50, but Hourly RSI has not touched 30 (current 67.96)"
2026-08-18 13:20:10,NSE:DATAPATTNS,4666.7,63.4,60.33,3.07,2026-08-18 13:00,73.27,58.21,15.06,YES,,,,,,,15m logic removed,,,,,WATCH,👀 WATCH,"Weekly RSI 63.40 > 50, but Hourly RSI has not touched 30 (current 73.27)"
2026-08-18 13:20:11,NSE:DIVISLAB,8586.0,84.17,83.43,0.75,2026-08-18 13:00,61.52,49.68,11.84,YES,,,,,,,15m logic removed,,,,,WATCH,👀 WATCH,"Weekly RSI 84.17 > 50, but Hourly RSI has not touched 30 (current 61.52)"
2026-08-18 13:20:13,NSE:DLF,675.1,57.45,55.85,1.61,2026-08-18 13:00,65.25,60.92,4.33,YES,,,,,,,15m logic removed,,,,,WATCH,👀 WATCH,"Weekly RSI 57.45 > 50, but Hourly RSI has not touched 30 (current 65.25)"
2026-08-18 13:20:14,NSE:DYNAMATECH,11336.0,57.48,56.53,0.96,2026-08-18 13:00,66.7,56.51,10.19,YES,,,,,,,15m logic removed,,,,,WATCH,👀 WATCH,"Weekly RSI 57.48 > 50, but Hourly RSI has not touched 30 (current 66.70)"
2026-08-18 13:20:16,NSE:EICHERMOT,8084.0,64.83,64.56,0.27,2026-08-18 13:00,54.48,47.13,7.35,YES,,,,,,,15m logic removed,,,,,WATCH,👀 WATCH,"Weekly RSI 64.83 > 50, but Hourly RSI has not touched 30 (current 54.48)"
2026-08-18 13:20:17,NSE:ENRIN,3593.0,56.83,55.76,1.07,2026-08-18 13:00,57.08,62.01,-4.93,NO,,,,,,,15m logic removed,,,,,WATCH,👀 WATCH,"Weekly RSI 56.83 > 50, but Hourly RSI has not touched 30 (current 57.08)"
2026-08-18 13:20:18,NSE:EXIDEIND,466.3,68.91,72.73,-3.82,2026-08-18 13:00,30.03,41.47,-11.44,NO,,,,,,,15m logic removed,,,,,WATCH,👀 WATCH,"Weekly RSI 68.91 > 50, but Hourly RSI has not touched 30 (current 30.03)"
2026-08-18 13:20:19,NSE:GLAND,2881.2,74.48,79.58,-5.1,2026-08-18 13:00,44.87,48.81,-3.93,NO,,,,,,,15m logic removed,,,,,WATCH,👀 WATCH,"Weekly RSI 74.48 > 50, but Hourly RSI has not touched 30 (current 44.87)"
2026-08-18 13:20:20,NSE:GODREJPROP,2021.9,56.11,54.63,1.47,2026-08-18 13:00,50.71,62.29,-11.58,NO,,,,,,,15m logic removed,,,,,WATCH,👀 WATCH,"Weekly RSI 56.11 > 50, but Hourly RSI has not touched 30 (current 50.71)"
2026-08-18 13:20:22,NSE:GRANULES,851.85,65.18,66.44,-1.26,2026-08-18 13:00,42.58,53.96,-11.38,NO,,,,,,,15m logic removed,,,,,WATCH,👀 WATCH,"Weekly RSI 65.18 > 50, but Hourly RSI has not touched 30 (current 42.58)"
2026-08-18 13:20:23,NSE:HAL,5109.7,68.88,67.39,1.49,2026-08-18 13:00,71.08,63.95,7.13,YES,,,,,,,15m logic removed,,,,,WATCH,👀 WATCH,"Weekly RSI 68.88 > 50, but Hourly RSI has not touched 30 (current 71.08)"
2026-08-18 13:20:24,NSE:HEROMOTOCO,5730.0,62.0,63.8,-1.8,2026-08-18 13:00,38.76,40.81,-2.05,NO,,,,,,,15m logic removed,,,,,WATCH,👀 WATCH,"Weekly RSI 62.00 > 50, but Hourly RSI has not touched 30 (current 38.76)"
2026-08-18 13:20:25,NSE:HFCL,229.16,77.53,76.42,1.11,2026-08-18 13:00,63.93,43.81,20.12,YES,,,,,,,15m logic removed,,,,,WATCH,👀 WATCH,"Weekly RSI 77.53 > 50, but Hourly RSI has not touched 30 (current 63.93)"
2026-08-18 13:20:26,NSE:HONASA,475.0,68.9,79.49,-10.59,2026-08-18 13:00,40.82,45.33,-4.51,NO,,,,,,,15m logic removed,,,,,WATCH,👀 WATCH,"Weekly RSI 68.90 > 50, but Hourly RSI has not touched 30 (current 40.82)"
2026-08-18 13:20:27,NSE:HSCL,781.0,72.37,72.38,-0.01,2026-08-18 13:00,53.67,57.99,-4.32,NO,,,,,,,15m logic removed,,,,,WATCH,👀 WATCH,"Weekly RSI 72.37 > 50, but Hourly RSI has not touched 30 (current 53.67)"
2026-08-18 13:20:28,NSE:IFCI,81.06,61.96,58.71,3.25,2026-08-18 13:00,72.91,64.85,8.06,YES,,,,,,,15m logic removed,,,,,WATCH,👀 WATCH,"Weekly RSI 61.96 > 50, but Hourly RSI has not touched 30 (current 72.91)"
2026-08-18 13:20:29,NSE:INOXINDIA,1957.4,73.39,72.82,0.57,2026-08-18 13:00,56.8,51.54,5.26,YES,,,,,,,15m logic removed,,,,,WATCH,👀 WATCH,"Weekly RSI 73.39 > 50, but Hourly RSI has not touched 30 (current 56.80)"
2026-08-18 13:20:30,NSE:IPCALAB,1882.2,65.57,57.98,7.6,2026-08-18 13:00,69.83,68.79,1.04,YES,,,,,,,15m logic removed,,,,,WATCH,👀 WATCH,"Weekly RSI 65.57 > 50, but Hourly RSI has not touched 30 (current 69.83)"
2026-08-18 13:20:32,NSE:J&KBANK,150.78,52.89,55.42,-2.53,2026-08-18 13:00,38.65,20.94,17.7,YES,,,,,,,15m logic removed,,,,,WATCH,👀 WATCH,Weekly RSI 52.89 > 50 + Hourly RSI touched 30 + 15m price confirmation failed (Close 150.73 <= Previous High 150.75)
2026-08-18 13:20:34,NSE:JINDALSAW,268.35,61.65,61.29,0.36,2026-08-18 13:00,49.96,58.05,-8.09,NO,,,,,,,15m logic removed,,,,,WATCH,👀 WATCH,"Weekly RSI 61.65 > 50, but Hourly RSI has not touched 30 (current 49.96)"
2026-08-18 13:20:35,NSE:KIRLOSENG,2108.8,59.25,58.99,0.26,2026-08-18 13:00,54.36,50.77,3.59,YES,,,,,,,15m logic removed,,,,,WATCH,👀 WATCH,"Weekly RSI 59.25 > 50, but Hourly RSI has not touched 30 (current 54.36)"
2026-08-18 13:20:36,NSE:LALPATHLAB,1894.7,70.28,72.68,-2.4,2026-08-18 13:00,37.9,19.65,18.25,YES,,,,,,,15m logic removed,,,,,SETUP,🔥 SETUP,Weekly RSI 70.28 > 50 + Hourly RSI touched 30 + 15m Close > Previous 15m High
2026-08-18 13:20:37,NSE:LAURUSLABS,1821.9,80.6,79.62,0.98,2026-08-18 13:00,52.86,46.24,6.62,YES,,,,,,,15m logic removed,,,,,WATCH,👀 WATCH,"Weekly RSI 80.60 > 50, but Hourly RSI has not touched 30 (current 52.86)"
2026-08-18 13:20:38,NSE:LLOYDSME,1930.0,63.86,63.36,0.5,2026-08-18 13:00,46.47,50.05,-3.58,NO,,,,,,,15m logic removed,,,,,WATCH,👀 WATCH,"Weekly RSI 63.86 > 50, but Hourly RSI has not touched 30 (current 46.47)"
2026-08-18 13:20:39,NSE:LODHA,1231.0,62.67,63.8,-1.13,2026-08-18 13:00,47.94,60.92,-12.98,NO,,,,,,,15m logic removed,,,,,WATCH,👀 WATCH,"Weekly RSI 62.67 > 50, but Hourly RSI has not touched 30 (current 47.94)"
2026-08-18 13:20:40,NSE:M&M,3427.1,57.6,57.66,-0.06,2026-08-18 13:00,52.71,39.7,13.01,YES,,,,,,,15m logic removed,,,,,WATCH,👀 WATCH,"Weekly RSI 57.60 > 50, but Hourly RSI has not touched 30 (current 52.71)"
2026-08-18 13:20:42,NSE:MAZDOCK,2612.5,56.08,54.76,1.32,2026-08-18 13:00,66.45,52.67,13.79,YES,,,,,,,15m logic removed,,,,,WATCH,👀 WATCH,"Weekly RSI 56.08 > 50, but Hourly RSI has not touched 30 (current 66.45)"
2026-08-18 13:20:43,NSE:MIDHANI,437.45,59.81,55.61,4.2,2026-08-18 13:00,58.02,51.38,6.64,YES,,,,,,,15m logic removed,,,,,WATCH,👀 WATCH,"Weekly RSI 59.81 > 50, but Hourly RSI has not touched 30 (current 58.02)"
2026-08-18 13:20:44,NSE:MOTHERSON,169.64,74.66,74.11,0.55,2026-08-18 13:00,62.37,50.12,12.26,YES,,,,,,,15m logic removed,,,,,WATCH,👀 WATCH,"Weekly RSI 74.66 > 50, but Hourly RSI has not touched 30 (current 62.37)"
2026-08-18 13:20:45,NSE:MTARTECH,7190.0,61.21,60.33,0.88,2026-08-18 13:00,57.41,49.9,7.51,YES,,,,,,,15m logic removed,,,,,WATCH,👀 WATCH,"Weekly RSI 61.21 > 50, but Hourly RSI has not touched 30 (current 57.41)"
2026-08-18 13:20:46,NSE:NETWEB,5350.2,67.5,63.88,3.63,2026-08-18 13:00,74.47,66.61,7.87,YES,,,,,,,15m logic removed,,,,,WATCH,👀 WATCH,"Weekly RSI 67.50 > 50, but Hourly RSI has not touched 30 (current 74.47)"
2026-08-18 13:20:48,NSE:NEULANDLAB,23313.0,77.43,77.48,-0.05,2026-08-18 13:00,53.24,67.9,-14.66,NO,,,,,,,15m logic removed,,,,,WATCH,👀 WATCH,"Weekly RSI 77.43 > 50, but Hourly RSI has not touched 30 (current 53.24)"
2026-08-18 13:20:49,NSE:OBEROIRLTY,1906.2,62.42,59.06,3.36,2026-08-18 13:00,64.0,74.06,-10.06,NO,,,,,,,15m logic removed,,,,,WATCH,👀 WATCH,"Weekly RSI 62.42 > 50, but Hourly RSI has not touched 30 (current 64.00)"
2026-08-18 13:20:50,NSE:PARAS,1495.5,73.39,69.95,3.45,2026-08-18 13:00,85.81,69.69,16.12,YES,,,,,,,15m logic removed,,,,,WATCH,👀 WATCH,"Weekly RSI 73.39 > 50, but Hourly RSI has not touched 30 (current 85.81)"
2026-08-18 13:20:51,NSE:PHOENIXLTD,1928.0,55.88,53.56,2.32,2026-08-18 13:00,61.57,62.59,-1.02,NO,,,,,,,15m logic removed,,,,,WATCH,👀 WATCH,"Weekly RSI 55.88 > 50, but Hourly RSI has not touched 30 (current 61.57)"
2026-08-18 13:20:53,NSE:POLYMED,1782.3,60.41,60.69,-0.28,2026-08-18 13:00,50.25,37.37,12.88,YES,,,,,,,15m logic removed,,,,,WATCH,👀 WATCH,"Weekly RSI 60.41 > 50, but Hourly RSI has not touched 30 (current 50.25)"
2026-08-18 13:20:54,NSE:POWERINDIA,35370.0,61.39,62.34,-0.95,2026-08-18 13:00,48.68,51.15,-2.47,NO,,,,,,,15m logic removed,,,,,WATCH,👀 WATCH,"Weekly RSI 61.39 > 50, but Hourly RSI has not touched 30 (current 48.68)"
2026-08-18 13:20:55,NSE:PPLPHARMA,209.38,69.82,68.8,1.03,2026-08-18 13:00,53.82,36.42,17.4,YES,,,,,,,15m logic removed,,,,,WATCH,👀 WATCH,"Weekly RSI 69.82 > 50, but Hourly RSI has not touched 30 (current 53.82)"
2026-08-18 13:20:56,NSE:PRESTIGE,1592.5,55.42,55.42,0.0,2026-08-18 13:00,50.98,50.69,0.29,YES,,,,,,,15m logic removed,,,,,WATCH,👀 WATCH,"Weekly RSI 55.42 > 50, but Hourly RSI has not touched 30 (current 50.98)"
2026-08-18 13:20:58,NSE:RADICO,4683.6,86.97,86.65,0.32,2026-08-18 13:00,66.99,70.69,-3.7,NO,,,,,,,15m logic removed,,,,,WATCH,👀 WATCH,"Weekly RSI 86.97 > 50, but Hourly RSI has not touched 30 (current 66.99)"
2026-08-18 13:20:59,NSE:RKFORGE,757.85,74.45,72.41,2.04,2026-08-18 13:00,69.03,65.72,3.3,YES,,,,,,,15m logic removed,,,,,WATCH,👀 WATCH,"Weekly RSI 74.45 > 50, but Hourly RSI has not touched 30 (current 69.03)"
2026-08-18 13:21:00,NSE:RRKABEL,2817.8,77.85,77.31,0.54,2026-08-18 13:00,60.91,44.81,16.1,YES,,,,,,,15m logic removed,,,,,WATCH,👀 WATCH,"Weekly RSI 77.85 > 50, but Hourly RSI has not touched 30 (current 60.91)"
2026-08-18 13:21:01,NSE:SAILIFE,1442.1,78.96,80.21,-1.26,2026-08-18 13:00,52.64,37.28,15.35,YES,,,,,,,15m logic removed,,,,,WATCH,👀 WATCH,"Weekly RSI 78.96 > 50, but Hourly RSI has not touched 30 (current 52.64)"
2026-08-18 13:21:02,NSE:SAREGAMA,514.85,68.78,73.51,-4.73,2026-08-18 13:00,41.2,45.51,-4.31,NO,,,,,,,15m logic removed,,,,,WATCH,👀 WATCH,"Weekly RSI 68.78 > 50, but Hourly RSI has not touched 30 (current 41.20)"
2026-08-18 13:21:04,NSE:SIGNATURE,806.65,45.58,45.82,-0.25,2026-08-18 13:00,49.63,41.59,8.05,YES,,,,,,,15m logic removed,,,,,IGNORE,❌ IGNORE,Weekly RSI 45.58 <= 50
2026-08-18 13:21:05,NSE:SOBHA,1317.0,43.35,44.17,-0.82,2026-08-18 13:00,40.51,44.16,-3.65,NO,,,,,,,15m logic removed,,,,,IGNORE,❌ IGNORE,Weekly RSI 43.35 <= 50
2026-08-18 13:21:06,NSE:SOLARINDS,20177.0,72.1,71.31,0.78,2026-08-18 13:00,65.21,61.19,4.01,YES,,,,,,,15m logic removed,,,,,WATCH,👀 WATCH,"Weekly RSI 72.10 > 50, but Hourly RSI has not touched 30 (current 65.21)"
2026-08-18 13:21:08,NSE:SONACOMS,820.6,78.36,76.36,2.0,2026-08-18 13:00,67.9,54.21,13.69,YES,,,,,,,15m logic removed,,,,,WATCH,👀 WATCH,"Weekly RSI 78.36 > 50, but Hourly RSI has not touched 30 (current 67.90)"
2026-08-18 13:21:09,NSE:SYRMA,1499.6,70.64,69.38,1.26,2026-08-18 13:00,60.02,50.95,9.06,YES,,,,,,,15m logic removed,,,,,WATCH,👀 WATCH,"Weekly RSI 70.64 > 50, but Hourly RSI has not touched 30 (current 60.02)"
2026-08-18 13:21:10,NSE:TORNTPHARM,4986.0,64.56,61.07,3.49,2026-08-18 13:00,65.12,53.64,11.49,YES,,,,,,,15m logic removed,,,,,WATCH,👀 WATCH,"Weekly RSI 64.56 > 50, but Hourly RSI has not touched 30 (current 65.12)"
2026-08-18 13:21:12,NSE:TVSMOTOR,4363.8,68.27,67.22,1.04,2026-08-18 13:00,51.26,57.39,-6.13,NO,,,,,,,15m logic removed,,,,,WATCH,👀 WATCH,"Weekly RSI 68.27 > 50, but Hourly RSI has not touched 30 (current 51.26)"
2026-08-18 13:21:13,NSE:UNIMECH,1510.0,74.8,76.02,-1.22,2026-08-18 13:00,61.06,60.47,0.6,YES,,,,,,,15m logic removed,,,,,WATCH,👀 WATCH,"Weekly RSI 74.80 > 50, but Hourly RSI has not touched 30 (current 61.06)"
2026-08-18 13:21:14,NSE:UNOMINDA,1270.3,60.82,58.5,2.31,2026-08-18 13:00,64.88,64.62,0.26,YES,,,,,,,15m logic removed,,,,,WATCH,👀 WATCH,"Weekly RSI 60.82 > 50, but Hourly RSI has not touched 30 (current 64.88)"
2026-08-18 13:21:15,NSE:VIJAYA,1509.0,71.23,69.58,1.64,2026-08-18 13:00,62.73,63.24,-0.51,NO,,,,,,,15m logic removed,,,,,WATCH,👀 WATCH,"Weekly RSI 71.23 > 50, but Hourly RSI has not touched 30 (current 62.73)"
2026-08-18 13:21:16,NSE:WELCORP,1900.0,88.89,88.47,0.43,2026-08-18 13:00,66.96,59.84,7.12,YES,,,,,,,15m logic removed,,,,,WATCH,👀 WATCH,"Weekly RSI 88.89 > 50, but Hourly RSI has not touched 30 (current 66.96)"
2026-08-18 13:21:18,NSE:WOCKPHARMA,1871.1,57.2,60.66,-3.46,2026-08-18 13:00,34.87,42.6,-7.73,NO,,,,,,,15m logic removed,,,,,WATCH,👀 WATCH,"Weekly RSI 57.20 > 50, but Hourly RSI has not touched 30 (current 34.87)"
2026-08-18 13:21:19,NSE:ZENTEC,1985.1,63.21,58.95,4.26,2026-08-18 13:00,83.11,63.11,20.0,YES,,,,,,,15m logic removed,,,,,WATCH,👀 WATCH,"Weekly RSI 63.21 > 50, but Hourly RSI has not touched 30 (current 83.11)"
2026-08-18 13:21:20,PARAS,1496.0,73.41,69.95,3.46,2026-08-18 13:00,85.84,69.69,16.15,YES,,,,,,,15m logic removed,,,,,WATCH,👀 WATCH,"Weekly RSI 73.41 > 50, but Hourly RSI has not touched 30 (current 85.84)"
2026-08-18 13:21:21,KALYANKJIL,605.55,71.23,71.82,-0.6,2026-08-18 13:00,46.37,51.96,-5.59,NO,,,,,,,15m logic removed,,,,,WATCH,👀 WATCH,"Weekly RSI 71.23 > 50, but Hourly RSI has not touched 30 (current 46.37)"
2026-08-18 13:21:22,CYIENTDLM,738.5,86.2,84.24,1.96,2026-08-18 13:00,67.76,69.29,-1.53,NO,,,,,,,15m logic removed,,,,,WATCH,👀 WATCH,"Weekly RSI 86.20 > 50, but Hourly RSI has not touched 30 (current 67.76)"
2026-08-18 13:21:23,UNIMECH,1510.0,74.8,76.02,-1.22,2026-08-18 13:00,61.06,60.47,0.6,YES,,,,,,,15m logic removed,,,,,WATCH,👀 WATCH,"Weekly RSI 74.80 > 50, but Hourly RSI has not touched 30 (current 61.06)"
2026-08-18 13:21:24,SYRMA,1499.8,70.64,69.38,1.26,2026-08-18 13:00,60.07,50.95,9.12,YES,,,,,,,15m logic removed,,,,,WATCH,👀 WATCH,"Weekly RSI 70.64 > 50, but Hourly RSI has not touched 30 (current 60.07)"
2026-08-18 13:21:25,HFCL,229.0,77.5,76.42,1.08,2026-08-18 13:00,63.72,43.81,19.91,YES,,,,,,,15m logic removed,,,,,WATCH,👀 WATCH,"Weekly RSI 77.50 > 50, but Hourly RSI has not touched 30 (current 63.72)"
2026-08-18 13:21:26,WELCORP,1900.0,88.89,88.47,0.43,2026-08-18 13:00,66.96,59.84,7.12,YES,,,,,,,15m logic removed,,,,,WATCH,👀 WATCH,"Weekly RSI 88.89 > 50, but Hourly RSI has not touched 30 (current 66.96)"
2026-08-18 13:21:28,TBOTEK,1707.0,68.02,64.85,3.17,2026-08-18 13:00,72.62,71.12,1.5,YES,,,,,,,15m logic removed,,,,,WATCH,👀 WATCH,"Weekly RSI 68.02 > 50, but Hourly RSI has not touched 30 (current 72.62)"
2026-08-18 13:21:29,NAUKRI,1361.5,71.23,70.25,0.99,2026-08-18 13:00,59.43,56.44,2.99,YES,,,,,,,15m logic removed,,,,,WATCH,👀 WATCH,"Weekly RSI 71.23 > 50, but Hourly RSI has not touched 30 (current 59.43)"
2026-08-18 13:21:30,AKUMS,748.6,72.63,70.82,1.81,2026-08-18 13:00,57.4,53.28,4.12,YES,,,,,,,15m logic removed,,,,,WATCH,👀 WATCH,"Weekly RSI 72.63 > 50, but Hourly RSI has not touched 30 (current 57.40)"
2026-08-18 13:34:33,NSE:LGEINDIA,1658.4,55.43,60.65,-5.22,2026-08-18 13:00,53.55,55.5,-1.95,NO,,,,,,,15m logic removed,,,,,WATCH,👀 WATCH,"Weekly RSI 55.43 > 50, but Hourly RSI has not touched 30 (current 53.55)"
2026-08-18 13:34:34,NSE:ASTRAL,1523.1,52.01,54.81,-2.79,2026-08-18 13:00,45.51,54.86,-9.35,NO,,,,,,,15m logic removed,,,,,WATCH,👀 WATCH,"Weekly RSI 52.01 > 50, but Hourly RSI has not touched 30 (current 45.51)"
2026-08-18 13:34:36,NSE:FINCABLES,1315.3,68.72,65.92,2.8,2026-08-18 13:00,71.89,73.98,-2.09,NO,,,,,,,15m logic removed,,,,,WATCH,👀 WATCH,"Weekly RSI 68.72 > 50, but Hourly RSI has not touched 30 (current 71.89)"
2026-08-18 13:34:37,NSE:GODREJAGRO,592.1,52.77,50.07,2.7,2026-08-18 13:00,72.64,74.36,-1.72,NO,,,,,,,15m logic removed,,,,,WATCH,👀 WATCH,"Weekly RSI 52.77 > 50, but Hourly RSI has not touched 30 (current 72.64)"
2026-08-18 13:34:39,NSE:HAPPSTMNDS,419.5,57.28,57.5,-0.22,2026-08-18 13:00,57.37,66.54,-9.17,NO,,,,,,,15m logic removed,,,,,WATCH,👀 WATCH,"Weekly RSI 57.28 > 50, but Hourly RSI has not touched 30 (current 57.37)"
2026-08-18 13:34:40,NSE:NAZARA,353.45,71.45,72.74,-1.3,2026-08-18 13:00,49.26,36.05,13.21,YES,,,,,,,15m logic removed,,,,,WATCH,👀 WATCH,"Weekly RSI 71.45 > 50, but Hourly RSI has not touched 30 (current 49.26)"
2026-08-18 13:34:42,NSE:OFSS,11796.0,67.61,68.0,-0.39,2026-08-18 13:00,55.81,55.31,0.5,YES,,,,,,,15m logic removed,,,,,WATCH,👀 WATCH,"Weekly RSI 67.61 > 50, but Hourly RSI has not touched 30 (current 55.81)"
2026-08-18 13:34:44,NSE:REDINGTON,328.6,63.39,64.98,-1.59,2026-08-18 13:00,29.49,36.71,-7.22,NO,,,,,,,15m logic removed,,,,,WATCH,👀 WATCH,Weekly RSI 63.39 > 50 + Hourly RSI touched 30 + 15m price confirmation failed (Close 328.1 <= Previous High 328.25)
2026-08-18 13:34:45,NSE:ABB,7574.5,61.92,63.4,-1.48,2026-08-18 13:00,36.04,46.3,-10.26,NO,,,,,,,15m logic removed,,,,,WATCH,👀 WATCH,"Weekly RSI 61.92 > 50, but Hourly RSI has not touched 30 (current 36.04)"
2026-08-18 13:34:47,NSE:ACMESOLAR,370.15,64.23,65.76,-1.53,2026-08-18 13:00,50.42,36.88,13.54,YES,,,,,,,15m logic removed,,,,,WATCH,👀 WATCH,"Weekly RSI 64.23 > 50, but Hourly RSI has not touched 30 (current 50.42)"
2026-08-18 13:34:48,NSE:ADANIENSOL,1609.6,65.47,66.1,-0.62,2026-08-18 13:00,54.21,42.84,11.38,YES,,,,,,,15m logic removed,,,,,WATCH,👀 WATCH,"Weekly RSI 65.47 > 50, but Hourly RSI has not touched 30 (current 54.21)"
2026-08-18 13:34:49,NSE:AEGISLOG,1347.5,69.71,66.7,3.01,2026-08-18 13:00,73.52,53.03,20.49,YES,,,,,,,15m logic removed,,,,,WATCH,👀 WATCH,"Weekly RSI 69.71 > 50, but Hourly RSI has not touched 30 (current 73.52)"
2026-08-18 13:34:51,NSE:AJANTPHARM,3724.5,75.5,74.36,1.14,2026-08-18 13:00,78.66,78.51,0.15,YES,,,,,,,15m logic removed,,,,,WATCH,👀 WATCH,"Weekly RSI 75.50 > 50, but Hourly RSI has not touched 30 (current 78.66)"
2026-08-18 13:34:53,NSE:AKUMS,748.6,72.63,70.82,1.81,2026-08-18 13:00,57.4,53.28,4.12,YES,,,,,,,15m logic removed,,,,,WATCH,👀 WATCH,"Weekly RSI 72.63 > 50, but Hourly RSI has not touched 30 (current 57.40)"
2026-08-18 13:34:55,NSE:ALIVUS,1405.3,79.16,78.41,0.75,2026-08-18 13:00,63.57,59.17,4.41,YES,,,,,,,15m logic removed,,,,,WATCH,👀 WATCH,"Weekly RSI 79.16 > 50, but Hourly RSI has not touched 30 (current 63.57)"
2026-08-18 13:34:56,NSE:ANANDRATHI,2187.0,75.39,74.94,0.46,2026-08-18 13:00,58.95,50.24,8.7,YES,,,,,,,15m logic removed,,,,,WATCH,👀 WATCH,"Weekly RSI 75.39 > 50, but Hourly RSI has not touched 30 (current 58.95)"
2026-08-18 13:34:58,NSE:ANANTRAJ,629.2,61.43,61.58,-0.14,2026-08-18 13:00,60.12,54.63,5.49,YES,,,,,,,15m logic removed,,,,,WATCH,👀 WATCH,"Weekly RSI 61.43 > 50, but Hourly RSI has not touched 30 (current 60.12)"
2026-08-18 13:34:59,NSE:APARINDS,17000.0,72.51,71.5,1.01,2026-08-18 13:00,56.29,42.37,13.92,YES,,,,,,,15m logic removed,,,,,WATCH,👀 WATCH,"Weekly RSI 72.51 > 50, but Hourly RSI has not touched 30 (current 56.29)"
2026-08-18 13:35:00,NSE:ASHOKLEY,176.77,56.44,54.11,2.33,2026-08-18 13:00,52.81,53.92,-1.11,NO,,,,,,,15m logic removed,,,,,WATCH,👀 WATCH,"Weekly RSI 56.44 > 50, but Hourly RSI has not touched 30 (current 52.81)"
2026-08-18 13:35:02,NSE:ASTERDM,820.0,60.19,60.6,-0.41,2026-08-18 13:00,37.27,36.57,0.71,YES,,,,,,,15m logic removed,,,,,WATCH,👀 WATCH,"Weekly RSI 60.19 > 50, but Hourly RSI has not touched 30 (current 37.27)"
2026-08-18 13:35:04,NSE:ASTRAMICRO,1746.6,67.99,67.72,0.27,2026-08-18 13:00,59.26,42.97,16.29,YES,,,,,,,15m logic removed,,,,,WATCH,👀 WATCH,"Weekly RSI 67.99 > 50, but Hourly RSI has not touched 30 (current 59.26)"
2026-08-18 13:35:06,NSE:ATHERENERG,1467.8,76.49,80.74,-4.25,2026-08-18 13:00,31.11,35.93,-4.82,NO,,,,,,,15m logic removed,,,,,WATCH,👀 WATCH,Weekly RSI 76.49 > 50 + Hourly RSI touched 30 + 15m price confirmation failed (Close 1468.7 <= Previous High 1472.9)
2026-08-18 13:35:07,NSE:AUROPHARMA,1634.0,67.85,67.08,0.77,2026-08-18 13:00,47.95,44.03,3.91,YES,,,,,,,15m logic removed,,,,,WATCH,👀 WATCH,"Weekly RSI 67.85 > 50, but Hourly RSI has not touched 30 (current 47.95)"
2026-08-18 13:35:09,NSE:BAJAJ-AUTO,11665.0,71.32,72.09,-0.76,2026-08-18 13:00,44.35,44.04,0.31,YES,,,,,,,15m logic removed,,,,,WATCH,👀 WATCH,"Weekly RSI 71.32 > 50, but Hourly RSI has not touched 30 (current 44.35)"
2026-08-18 13:35:10,NSE:BALRAMCHIN,659.15,74.31,70.01,4.3,2026-08-18 13:00,74.39,72.74,1.65,YES,,,,,,,15m logic removed,,,,,WATCH,👀 WATCH,"Weekly RSI 74.31 > 50, but Hourly RSI has not touched 30 (current 74.39)"
2026-08-18 13:35:12,NSE:BDL,1393.0,54.21,54.59,-0.37,2026-08-18 13:00,65.02,59.46,5.56,YES,,,,,,,15m logic removed,,,,,WATCH,👀 WATCH,"Weekly RSI 54.21 > 50, but Hourly RSI has not touched 30 (current 65.02)"
2026-08-18 13:35:13,NSE:BEML,1951.8,59.67,55.85,3.82,2026-08-18 13:00,69.68,57.48,12.2,YES,,,,,,,15m logic removed,,,,,WATCH,👀 WATCH,"Weekly RSI 59.67 > 50, but Hourly RSI has not touched 30 (current 69.68)"
2026-08-18 13:35:15,NSE:BHARATFORG,2090.3,58.68,57.47,1.21,2026-08-18 13:00,50.82,52.12,-1.3,NO,,,,,,,15m logic removed,,,,,WATCH,👀 WATCH,"Weekly RSI 58.68 > 50, but Hourly RSI has not touched 30 (current 50.82)"
2026-08-18 13:35:16,NSE:BHEL,427.9,66.57,65.48,1.09,2026-08-18 13:00,56.57,70.96,-14.39,NO,,,,,,,15m logic removed,,,,,WATCH,👀 WATCH,"Weekly RSI 66.57 > 50, but Hourly RSI has not touched 30 (current 56.57)"
2026-08-18 13:35:17,NSE:BOSCHLTD,48430.0,74.88,72.96,1.92,2026-08-18 13:00,76.06,60.0,16.05,YES,,,,,,,15m logic removed,,,,,WATCH,👀 WATCH,"Weekly RSI 74.88 > 50, but Hourly RSI has not touched 30 (current 76.06)"
2026-08-18 13:35:19,NSE:BRIGADE,594.2,55.27,54.87,0.4,2026-08-18 13:00,53.38,50.54,2.84,YES,,,,,,,15m logic removed,,,,,WATCH,👀 WATCH,"Weekly RSI 55.27 > 50, but Hourly RSI has not touched 30 (current 53.38)"
2026-08-18 13:35:21,NSE:CAPLIPOINT,2536.2,67.35,65.36,2.0,2026-08-18 13:00,57.47,55.11,2.37,YES,,,,,,,15m logic removed,,,,,WATCH,👀 WATCH,"Weekly RSI 67.35 > 50, but Hourly RSI has not touched 30 (current 57.47)"
2026-08-18 13:35:22,NSE:CGPOWER,892.65,58.65,58.34,0.31,2026-08-18 13:00,56.32,67.68,-11.35,NO,,,,,,,15m logic removed,,,,,WATCH,👀 WATCH,"Weekly RSI 58.65 > 50, but Hourly RSI has not touched 30 (current 56.32)"
2026-08-18 13:35:24,NSE:CHENNPETRO,1419.8,74.31,69.87,4.44,2026-08-18 13:00,73.41,64.69,8.72,YES,,,,,,,15m logic removed,,,,,WATCH,👀 WATCH,"Weekly RSI 74.31 > 50, but Hourly RSI has not touched 30 (current 73.41)"
2026-08-18 13:35:25,NSE:COHANCE,453.35,50.89,48.61,2.29,2026-08-18 13:00,63.6,55.0,8.6,YES,,,,,,,15m logic removed,,,,,WATCH,👀 WATCH,"Weekly RSI 50.89 > 50, but Hourly RSI has not touched 30 (current 63.60)"
2026-08-18 13:35:27,NSE:CYIENTDLM,739.1,86.22,84.24,1.99,2026-08-18 13:00,68.36,69.29,-0.93,NO,,,,,,,15m logic removed,,,,,WATCH,👀 WATCH,"Weekly RSI 86.22 > 50, but Hourly RSI has not touched 30 (current 68.36)"
2026-08-18 13:35:28,NSE:DATAPATTNS,4668.0,63.42,60.33,3.09,2026-08-18 13:00,73.37,58.21,15.15,YES,,,,,,,15m logic removed,,,,,WATCH,👀 WATCH,"Weekly RSI 63.42 > 50, but Hourly RSI has not touched 30 (current 73.37)"
2026-08-18 13:35:29,NSE:DIVISLAB,8578.5,84.13,83.43,0.7,2026-08-18 13:00,60.86,49.68,11.18,YES,,,,,,,15m logic removed,,,,,WATCH,👀 WATCH,"Weekly RSI 84.13 > 50, but Hourly RSI has not touched 30 (current 60.86)"
2026-08-18 13:35:31,NSE:DLF,672.95,57.12,55.85,1.27,2026-08-18 13:00,63.11,60.92,2.19,YES,,,,,,,15m logic removed,,,,,WATCH,👀 WATCH,"Weekly RSI 57.12 > 50, but Hourly RSI has not touched 30 (current 63.11)"
2026-08-18 13:35:32,NSE:DYNAMATECH,11450.0,58.19,56.53,1.66,2026-08-18 13:00,70.41,56.51,13.9,YES,,,,,,,15m logic removed,,,,,WATCH,👀 WATCH,"Weekly RSI 58.19 > 50, but Hourly RSI has not touched 30 (current 70.41)"
2026-08-18 13:35:34,NSE:EICHERMOT,8084.5,64.83,64.56,0.27,2026-08-18 13:00,54.57,47.13,7.44,YES,,,,,,,15m logic removed,,,,,WATCH,👀 WATCH,"Weekly RSI 64.83 > 50, but Hourly RSI has not touched 30 (current 54.57)"
2026-08-18 13:35:35,NSE:ENRIN,3603.2,57.02,55.76,1.26,2026-08-18 13:00,59.65,62.01,-2.36,NO,,,,,,,15m logic removed,,,,,WATCH,👀 WATCH,"Weekly RSI 57.02 > 50, but Hourly RSI has not touched 30 (current 59.65)"
2026-08-18 13:35:37,NSE:EXIDEIND,466.25,68.89,72.73,-3.84,2026-08-18 13:00,29.98,41.47,-11.49,NO,,,,,,,15m logic removed,,,,,WATCH,👀 WATCH,Weekly RSI 68.89 > 50 + Hourly RSI touched 30 + 15m price confirmation failed (Close 466.15 <= Previous High 466.95)
2026-08-18 13:35:38,NSE:GLAND,2879.5,74.39,79.58,-5.19,2026-08-18 13:00,44.58,48.81,-4.23,NO,,,,,,,15m logic removed,,,,,WATCH,👀 WATCH,"Weekly RSI 74.39 > 50, but Hourly RSI has not touched 30 (current 44.58)"
2026-08-18 13:35:39,NSE:GODREJPROP,2014.0,55.75,54.63,1.12,2026-08-18 13:00,48.49,62.29,-13.8,NO,,,,,,,15m logic removed,,,,,WATCH,👀 WATCH,"Weekly RSI 55.75 > 50, but Hourly RSI has not touched 30 (current 48.49)"
2026-08-18 13:35:41,NSE:GRANULES,853.4,65.47,66.44,-0.97,2026-08-18 13:00,44.31,53.96,-9.64,NO,,,,,,,15m logic removed,,,,,WATCH,👀 WATCH,"Weekly RSI 65.47 > 50, but Hourly RSI has not touched 30 (current 44.31)"
2026-08-18 13:35:42,NSE:HAL,5103.0,68.76,67.39,1.37,2026-08-18 13:00,70.3,63.95,6.36,YES,,,,,,,15m logic removed,,,,,WATCH,👀 WATCH,"Weekly RSI 68.76 > 50, but Hourly RSI has not touched 30 (current 70.30)"
2026-08-18 13:35:44,NSE:HEROMOTOCO,5759.5,62.87,63.8,-0.93,2026-08-18 13:00,43.69,40.81,2.88,YES,,,,,,,15m logic removed,,,,,WATCH,👀 WATCH,"Weekly RSI 62.87 > 50, but Hourly RSI has not touched 30 (current 43.69)"
2026-08-18 13:35:45,NSE:HFCL,228.58,77.43,76.42,1.01,2026-08-18 13:00,63.18,43.81,19.36,YES,,,,,,,15m logic removed,,,,,WATCH,👀 WATCH,"Weekly RSI 77.43 > 50, but Hourly RSI has not touched 30 (current 63.18)"
2026-08-18 13:35:46,NSE:HONASA,474.35,68.69,79.49,-10.8,2026-08-18 13:00,40.3,45.33,-5.03,NO,,,,,,,15m logic removed,,,,,WATCH,👀 WATCH,"Weekly RSI 68.69 > 50, but Hourly RSI has not touched 30 (current 40.30)"
2026-08-18 13:35:48,NSE:HSCL,780.65,72.3,72.38,-0.09,2026-08-18 13:00,53.21,57.99,-4.78,NO,,,,,,,15m logic removed,,,,,WATCH,👀 WATCH,"Weekly RSI 72.30 > 50, but Hourly RSI has not touched 30 (current 53.21)"
2026-08-18 13:35:49,NSE:IFCI,80.82,61.79,58.71,3.08,2026-08-18 13:00,72.18,64.85,7.33,YES,,,,,,,15m logic removed,,,,,WATCH,👀 WATCH,"Weekly RSI 61.79 > 50, but Hourly RSI has not touched 30 (current 72.18)"
2026-08-18 13:35:51,NSE:INOXINDIA,1956.1,73.34,72.82,0.52,2026-08-18 13:00,56.21,51.54,4.67,YES,,,,,,,15m logic removed,,,,,WATCH,👀 WATCH,"Weekly RSI 73.34 > 50, but Hourly RSI has not touched 30 (current 56.21)"
2026-08-18 13:35:52,NSE:IPCALAB,1881.0,65.52,57.98,7.55,2026-08-18 13:00,69.66,68.79,0.87,YES,,,,,,,15m logic removed,,,,,WATCH,👀 WATCH,"Weekly RSI 65.52 > 50, but Hourly RSI has not touched 30 (current 69.66)"
2026-08-18 13:35:54,NSE:J&KBANK,151.39,53.21,55.42,-2.22,2026-08-18 13:00,41.73,20.94,20.79,YES,,,,,,,15m logic removed,,,,,SETUP,🔥 SETUP,Weekly RSI 53.21 > 50 + Hourly RSI touched 30 + 15m Close > Previous 15m High
2026-08-18 13:35:56,NSE:JINDALSAW,268.0,61.55,61.29,0.26,2026-08-18 13:00,48.92,58.05,-9.13,NO,,,,,,,15m logic removed,,,,,WATCH,👀 WATCH,"Weekly RSI 61.55 > 50, but Hourly RSI has not touched 30 (current 48.92)"
2026-08-18 13:35:58,NSE:KIRLOSENG,2120.0,59.57,58.99,0.58,2026-08-18 13:00,57.56,50.77,6.79,YES,,,,,,,15m logic removed,,,,,WATCH,👀 WATCH,"Weekly RSI 59.57 > 50, but Hourly RSI has not touched 30 (current 57.56)"
2026-08-18 13:35:59,NSE:LALPATHLAB,1899.9,70.85,72.68,-1.84,2026-08-18 13:00,40.97,19.65,21.33,YES,,,,,,,15m logic removed,,,,,SETUP,🔥 SETUP,Weekly RSI 70.85 > 50 + Hourly RSI touched 30 + 15m Close > Previous 15m High
2026-08-18 13:36:00,NSE:LAURUSLABS,1822.4,80.62,79.62,0.99,2026-08-18 13:00,53.1,46.24,6.86,YES,,,,,,,15m logic removed,,,,,WATCH,👀 WATCH,"Weekly RSI 80.62 > 50, but Hourly RSI has not touched 30 (current 53.10)"
2026-08-18 13:36:02,NSE:LLOYDSME,1933.8,64.02,63.36,0.66,2026-08-18 13:00,48.34,50.05,-1.7,NO,,,,,,,15m logic removed,,,,,WATCH,👀 WATCH,"Weekly RSI 64.02 > 50, but Hourly RSI has not touched 30 (current 48.34)"
2026-08-18 13:36:04,NSE:LODHA,1230.0,62.59,63.8,-1.21,2026-08-18 13:00,47.5,60.92,-13.42,NO,,,,,,,15m logic removed,,,,,WATCH,👀 WATCH,"Weekly RSI 62.59 > 50, but Hourly RSI has not touched 30 (current 47.50)"
2026-08-18 13:36:05,NSE:M&M,3425.7,57.53,57.66,-0.13,2026-08-18 13:00,52.32,39.7,12.61,YES,,,,,,,15m logic removed,,,,,WATCH,👀 WATCH,"Weekly RSI 57.53 > 50, but Hourly RSI has not touched 30 (current 52.32)"
2026-08-18 13:36:06,NSE:MAZDOCK,2603.1,55.7,54.76,0.95,2026-08-18 13:00,64.16,52.67,11.49,YES,,,,,,,15m logic removed,,,,,WATCH,👀 WATCH,"Weekly RSI 55.70 > 50, but Hourly RSI has not touched 30 (current 64.16)"
2026-08-18 13:36:08,NSE:MIDHANI,435.9,59.52,55.61,3.91,2026-08-18 13:00,57.05,51.38,5.67,YES,,,,,,,15m logic removed,,,,,WATCH,👀 WATCH,"Weekly RSI 59.52 > 50, but Hourly RSI has not touched 30 (current 57.05)"
2026-08-18 13:36:10,NSE:MOTHERSON,169.68,74.68,74.11,0.56,2026-08-18 13:00,62.61,50.12,12.49,YES,,,,,,,15m logic removed,,,,,WATCH,👀 WATCH,"Weekly RSI 74.68 > 50, but Hourly RSI has not touched 30 (current 62.61)"
2026-08-18 13:36:11,NSE:MTARTECH,7193.0,61.23,60.33,0.9,2026-08-18 13:00,57.57,49.9,7.68,YES,,,,,,,15m logic removed,,,,,WATCH,👀 WATCH,"Weekly RSI 61.23 > 50, but Hourly RSI has not touched 30 (current 57.57)"
2026-08-18 13:36:13,NSE:NETWEB,5341.0,67.42,63.88,3.54,2026-08-18 13:00,74.04,66.61,7.44,YES,,,,,,,15m logic removed,,,,,WATCH,👀 WATCH,"Weekly RSI 67.42 > 50, but Hourly RSI has not touched 30 (current 74.04)"
2026-08-18 13:36:14,NSE:NEULANDLAB,23309.0,77.4,77.48,-0.08,2026-08-18 13:00,53.11,67.9,-14.79,NO,,,,,,,15m logic removed,,,,,WATCH,👀 WATCH,"Weekly RSI 77.40 > 50, but Hourly RSI has not touched 30 (current 53.11)"
2026-08-18 13:36:15,NSE:OBEROIRLTY,1886.0,61.35,59.06,2.3,2026-08-18 13:00,57.62,74.06,-16.44,NO,,,,,,,15m logic removed,,,,,WATCH,👀 WATCH,"Weekly RSI 61.35 > 50, but Hourly RSI has not touched 30 (current 57.62)"
2026-08-18 13:36:17,NSE:PARAS,1498.0,73.46,69.95,3.51,2026-08-18 13:00,85.98,69.69,16.29,YES,,,,,,,15m logic removed,,,,,WATCH,👀 WATCH,"Weekly RSI 73.46 > 50, but Hourly RSI has not touched 30 (current 85.98)"
2026-08-18 13:36:19,NSE:PHOENIXLTD,1925.0,55.7,53.56,2.14,2026-08-18 13:00,59.94,62.59,-2.64,NO,,,,,,,15m logic removed,,,,,WATCH,👀 WATCH,"Weekly RSI 55.70 > 50, but Hourly RSI has not touched 30 (current 59.94)"
2026-08-18 13:36:21,NSE:POLYMED,1782.9,60.45,60.69,-0.24,2026-08-18 13:00,50.4,37.37,13.03,YES,,,,,,,15m logic removed,,,,,WATCH,👀 WATCH,"Weekly RSI 60.45 > 50, but Hourly RSI has not touched 30 (current 50.40)"
2026-08-18 13:36:22,NSE:POWERINDIA,35310.0,61.22,62.34,-1.12,2026-08-18 13:00,46.98,51.15,-4.16,NO,,,,,,,15m logic removed,,,,,WATCH,👀 WATCH,"Weekly RSI 61.22 > 50, but Hourly RSI has not touched 30 (current 46.98)"
2026-08-18 13:36:23,NSE:PPLPHARMA,209.5,69.87,68.8,1.07,2026-08-18 13:00,54.14,36.42,17.73,YES,,,,,,,15m logic removed,,,,,WATCH,👀 WATCH,"Weekly RSI 69.87 > 50, but Hourly RSI has not touched 30 (current 54.14)"
2026-08-18 13:36:25,NSE:PRESTIGE,1590.9,55.29,55.42,-0.12,2026-08-18 13:00,50.19,50.69,-0.5,NO,,,,,,,15m logic removed,,,,,WATCH,👀 WATCH,"Weekly RSI 55.29 > 50, but Hourly RSI has not touched 30 (current 50.19)"
2026-08-18 13:36:26,NSE:RADICO,4687.4,87.01,86.65,0.36,2026-08-18 13:00,68.38,70.69,-2.31,NO,,,,,,,15m logic removed,,,,,WATCH,👀 WATCH,"Weekly RSI 87.01 > 50, but Hourly RSI has not touched 30 (current 68.38)"
2026-08-18 13:36:28,NSE:RKFORGE,755.0,74.24,72.41,1.83,2026-08-18 13:00,66.92,65.72,1.19,YES,,,,,,,15m logic removed,,,,,WATCH,👀 WATCH,"Weekly RSI 74.24 > 50, but Hourly RSI has not touched 30 (current 66.92)"
2026-08-18 13:36:30,NSE:RRKABEL,2816.6,77.83,77.31,0.52,2026-08-18 13:00,60.68,44.81,15.87,YES,,,,,,,15m logic removed,,,,,WATCH,👀 WATCH,"Weekly RSI 77.83 > 50, but Hourly RSI has not touched 30 (current 60.68)"
2026-08-18 13:36:32,NSE:SAILIFE,1443.2,79.13,80.21,-1.08,2026-08-18 13:00,53.21,37.28,15.93,YES,,,,,,,15m logic removed,,,,,WATCH,👀 WATCH,"Weekly RSI 79.13 > 50, but Hourly RSI has not touched 30 (current 53.21)"
2026-08-18 13:36:34,NSE:SAREGAMA,515.5,69.01,73.51,-4.5,2026-08-18 13:00,41.69,45.51,-3.82,NO,,,,,,,15m logic removed,,,,,WATCH,👀 WATCH,"Weekly RSI 69.01 > 50, but Hourly RSI has not touched 30 (current 41.69)"
2026-08-18 13:36:36,NSE:SIGNATURE,806.5,45.56,45.82,-0.26,2026-08-18 13:00,49.44,41.59,7.86,YES,,,,,,,15m logic removed,,,,,IGNORE,❌ IGNORE,Weekly RSI 45.56 <= 50
2026-08-18 13:36:37,NSE:SOBHA,1316.0,43.28,44.17,-0.89,2026-08-18 13:00,39.85,44.16,-4.31,NO,,,,,,,15m logic removed,,,,,IGNORE,❌ IGNORE,Weekly RSI 43.28 <= 50
2026-08-18 13:36:39,NSE:SOLARINDS,20177.0,72.1,71.31,0.78,2026-08-18 13:00,65.21,61.19,4.01,YES,,,,,,,15m logic removed,,,,,WATCH,👀 WATCH,"Weekly RSI 72.10 > 50, but Hourly RSI has not touched 30 (current 65.21)"
2026-08-18 13:36:40,NSE:SONACOMS,822.5,78.48,76.36,2.12,2026-08-18 13:00,69.04,54.21,14.83,YES,,,,,,,15m logic removed,,,,,WATCH,👀 WATCH,"Weekly RSI 78.48 > 50, but Hourly RSI has not touched 30 (current 69.04)"
2026-08-18 13:36:41,NSE:SYRMA,1497.9,70.58,69.38,1.2,2026-08-18 13:00,59.56,50.95,8.6,YES,,,,,,,15m logic removed,,,,,WATCH,👀 WATCH,"Weekly RSI 70.58 > 50, but Hourly RSI has not touched 30 (current 59.56)"
2026-08-18 13:36:43,NSE:TORNTPHARM,4980.0,64.44,61.07,3.37,2026-08-18 13:00,64.51,53.64,10.87,YES,,,,,,,15m logic removed,,,,,WATCH,👀 WATCH,"Weekly RSI 64.44 > 50, but Hourly RSI has not touched 30 (current 64.51)"
2026-08-18 13:36:44,NSE:TVSMOTOR,4356.6,68.14,67.22,0.92,2026-08-18 13:00,49.53,57.39,-7.86,NO,,,,,,,15m logic removed,,,,,WATCH,👀 WATCH,"Weekly RSI 68.14 > 50, but Hourly RSI has not touched 30 (current 49.53)"
2026-08-18 13:36:46,NSE:UNIMECH,1508.0,74.61,76.02,-1.41,2026-08-18 13:00,60.47,60.47,0.0,NO,,,,,,,15m logic removed,,,,,WATCH,👀 WATCH,"Weekly RSI 74.61 > 50, but Hourly RSI has not touched 30 (current 60.47)"
2026-08-18 13:36:48,NSE:UNOMINDA,1269.5,60.76,58.5,2.26,2026-08-18 13:00,64.15,64.62,-0.47,NO,,,,,,,15m logic removed,,,,,WATCH,👀 WATCH,"Weekly RSI 60.76 > 50, but Hourly RSI has not touched 30 (current 64.15)"
2026-08-18 13:36:49,NSE:VIJAYA,1511.9,71.36,69.58,1.77,2026-08-18 13:00,63.8,63.24,0.56,YES,,,,,,,15m logic removed,,,,,WATCH,👀 WATCH,"Weekly RSI 71.36 > 50, but Hourly RSI has not touched 30 (current 63.80)"
2026-08-18 13:36:51,NSE:WELCORP,1899.9,88.89,88.47,0.43,2026-08-18 13:00,66.92,59.84,7.08,YES,,,,,,,15m logic removed,,,,,WATCH,👀 WATCH,"Weekly RSI 88.89 > 50, but Hourly RSI has not touched 30 (current 66.92)"
2026-08-18 13:36:53,NSE:WOCKPHARMA,1873.4,57.32,60.66,-3.34,2026-08-18 13:00,35.45,42.6,-7.15,NO,,,,,,,15m logic removed,,,,,WATCH,👀 WATCH,"Weekly RSI 57.32 > 50, but Hourly RSI has not touched 30 (current 35.45)"
2026-08-18 13:36:54,NSE:ZENTEC,1982.0,63.12,58.95,4.17,2026-08-18 13:00,82.87,63.11,19.76,YES,,,,,,,15m logic removed,,,,,WATCH,👀 WATCH,"Weekly RSI 63.12 > 50, but Hourly RSI has not touched 30 (current 82.87)"
2026-08-18 13:36:55,PARAS,1496.0,73.41,69.95,3.46,2026-08-18 13:00,85.84,69.69,16.15,YES,,,,,,,15m logic removed,,,,,WATCH,👀 WATCH,"Weekly RSI 73.41 > 50, but Hourly RSI has not touched 30 (current 85.84)"
2026-08-18 13:36:57,KALYANKJIL,605.9,71.3,71.82,-0.52,2026-08-18 13:00,46.77,51.96,-5.2,NO,,,,,,,15m logic removed,,,,,WATCH,👀 WATCH,"Weekly RSI 71.30 > 50, but Hourly RSI has not touched 30 (current 46.77)"
2026-08-18 13:36:58,CYIENTDLM,739.9,86.26,84.24,2.02,2026-08-18 13:00,69.18,69.29,-0.1,NO,,,,,,,15m logic removed,,,,,WATCH,👀 WATCH,"Weekly RSI 86.26 > 50, but Hourly RSI has not touched 30 (current 69.18)"
2026-08-18 13:36:59,UNIMECH,1508.0,74.61,76.02,-1.41,2026-08-18 13:00,60.47,60.47,0.0,NO,,,,,,,15m logic removed,,,,,WATCH,👀 WATCH,"Weekly RSI 74.61 > 50, but Hourly RSI has not touched 30 (current 60.47)"
2026-08-18 13:37:01,SYRMA,1498.3,70.59,69.38,1.21,2026-08-18 13:00,59.66,50.95,8.71,YES,,,,,,,15m logic removed,,,,,WATCH,👀 WATCH,"Weekly RSI 70.59 > 50, but Hourly RSI has not touched 30 (current 59.66)"
2026-08-18 13:37:02,HFCL,228.7,77.45,76.42,1.03,2026-08-18 13:00,63.33,43.81,19.52,YES,,,,,,,15m logic removed,,,,,WATCH,👀 WATCH,"Weekly RSI 77.45 > 50, but Hourly RSI has not touched 30 (current 63.33)"
2026-08-18 13:37:03,WELCORP,1900.0,88.89,88.47,0.43,2026-08-18 13:00,66.96,59.84,7.12,YES,,,,,,,15m logic removed,,,,,WATCH,👀 WATCH,"Weekly RSI 88.89 > 50, but Hourly RSI has not touched 30 (current 66.96)"
2026-08-18 13:37:05,TBOTEK,1696.0,67.58,64.85,2.73,2026-08-18 13:00,68.87,71.12,-2.25,NO,,,,,,,15m logic removed,,,,,WATCH,👀 WATCH,"Weekly RSI 67.58 > 50, but Hourly RSI has not touched 30 (current 68.87)"
2026-08-18 13:37:07,NAUKRI,1363.0,71.31,70.25,1.06,2026-08-18 13:00,60.15,56.44,3.71,YES,,,,,,,15m logic removed,,,,,WATCH,👀 WATCH,"Weekly RSI 71.31 > 50, but Hourly RSI has not touched 30 (current 60.15)"
2026-08-18 13:37:08,AKUMS,748.15,72.59,70.82,1.77,2026-08-18 13:00,57.1,53.28,3.82,YES,,,,,,,15m logic removed,,,,,WATCH,👀 WATCH,"Weekly RSI 72.59 > 50, but Hourly RSI has not touched 30 (current 57.10)"
2026-08-18 13:49:32,NSE:LGEINDIA,1656.4,55.3,60.65,-5.35,2026-08-18 13:00,52.81,55.5,-2.69,NO,,,,,,,15m logic removed,,,,,WATCH,👀 WATCH,"Weekly RSI 55.30 > 50, but Hourly RSI has not touched 30 (current 52.81)"
2026-08-18 13:49:34,NSE:ASTRAL,1523.4,52.04,54.81,-2.77,2026-08-18 13:00,45.66,54.86,-9.19,NO,,,,,,,15m logic removed,,,,,WATCH,👀 WATCH,"Weekly RSI 52.04 > 50, but Hourly RSI has not touched 30 (current 45.66)"
2026-08-18 13:49:36,NSE:FINCABLES,1331.0,69.29,65.92,3.38,2026-08-18 13:00,76.22,73.98,2.24,YES,,,,,,,15m logic removed,,,,,WATCH,👀 WATCH,"Weekly RSI 69.29 > 50, but Hourly RSI has not touched 30 (current 76.22)"
2026-08-18 13:49:37,NSE:GODREJAGRO,592.55,52.87,50.07,2.8,2026-08-18 13:00,73.49,74.36,-0.87,NO,,,,,,,15m logic removed,,,,,WATCH,👀 WATCH,"Weekly RSI 52.87 > 50, but Hourly RSI has not touched 30 (current 73.49)"
2026-08-18 13:49:39,NSE:HAPPSTMNDS,418.35,56.92,57.5,-0.58,2026-08-18 13:00,56.25,66.54,-10.29,NO,,,,,,,15m logic removed,,,,,WATCH,👀 WATCH,"Weekly RSI 56.92 > 50, but Hourly RSI has not touched 30 (current 56.25)"
2026-08-18 13:49:41,NSE:NAZARA,353.6,71.52,72.74,-1.22,2026-08-18 13:00,49.63,36.05,13.59,YES,,,,,,,15m logic removed,,,,,WATCH,👀 WATCH,"Weekly RSI 71.52 > 50, but Hourly RSI has not touched 30 (current 49.63)"
2026-08-18 13:49:42,NSE:OFSS,11781.0,67.43,68.0,-0.57,2026-08-18 13:00,54.6,55.31,-0.71,NO,,,,,,,15m logic removed,,,,,WATCH,👀 WATCH,"Weekly RSI 67.43 > 50, but Hourly RSI has not touched 30 (current 54.60)"
2026-08-18 13:49:44,NSE:REDINGTON,328.0,63.22,64.98,-1.76,2026-08-18 13:00,28.83,36.71,-7.87,NO,,,,,,,15m logic removed,,,,,WATCH,👀 WATCH,Weekly RSI 63.22 > 50 + Hourly RSI touched 30 + 15m price confirmation failed (Close 328.15 <= Previous High 328.25)
2026-08-18 13:49:46,NSE:ABB,7573.0,61.89,63.4,-1.51,2026-08-18 13:00,35.9,46.3,-10.4,NO,,,,,,,15m logic removed,,,,,WATCH,👀 WATCH,"Weekly RSI 61.89 > 50, but Hourly RSI has not touched 30 (current 35.90)"
2026-08-18 13:49:48,NSE:ACMESOLAR,369.8,64.09,65.76,-1.66,2026-08-18 13:00,49.68,36.88,12.81,YES,,,,,,,15m logic removed,,,,,WATCH,👀 WATCH,"Weekly RSI 64.09 > 50, but Hourly RSI has not touched 30 (current 49.68)"
2026-08-18 13:49:49,NSE:ADANIENSOL,1606.1,65.14,66.1,-0.96,2026-08-18 13:00,52.6,42.84,9.76,YES,,,,,,,15m logic removed,,,,,WATCH,👀 WATCH,"Weekly RSI 65.14 > 50, but Hourly RSI has not touched 30 (current 52.60)"
2026-08-18 13:49:51,NSE:AEGISLOG,1348.3,69.74,66.7,3.04,2026-08-18 13:00,73.68,53.03,20.65,YES,,,,,,,15m logic removed,,,,,WATCH,👀 WATCH,"Weekly RSI 69.74 > 50, but Hourly RSI has not touched 30 (current 73.68)"
2026-08-18 13:49:53,NSE:AJANTPHARM,3718.6,75.37,74.36,1.02,2026-08-18 13:00,75.88,78.51,-2.62,NO,,,,,,,15m logic removed,,,,,WATCH,👀 WATCH,"Weekly RSI 75.37 > 50, but Hourly RSI has not touched 30 (current 75.88)"
2026-08-18 13:49:54,NSE:AKUMS,749.65,72.71,70.82,1.89,2026-08-18 13:00,58.09,53.28,4.81,YES,,,,,,,15m logic removed,,,,,WATCH,👀 WATCH,"Weekly RSI 72.71 > 50, but Hourly RSI has not touched 30 (current 58.09)"
2026-08-18 13:49:56,NSE:ALIVUS,1404.5,79.13,78.41,0.72,2026-08-18 13:00,63.27,59.17,4.1,YES,,,,,,,15m logic removed,,,,,WATCH,👀 WATCH,"Weekly RSI 79.13 > 50, but Hourly RSI has not touched 30 (current 63.27)"
2026-08-18 13:49:58,NSE:ANANDRATHI,2187.0,75.39,74.94,0.46,2026-08-18 13:00,58.95,50.24,8.7,YES,,,,,,,15m logic removed,,,,,WATCH,👀 WATCH,"Weekly RSI 75.39 > 50, but Hourly RSI has not touched 30 (current 58.95)"
2026-08-18 13:50:00,NSE:ANANTRAJ,629.4,61.47,61.58,-0.1,2026-08-18 13:00,60.34,54.63,5.71,YES,,,,,,,15m logic removed,,,,,WATCH,👀 WATCH,"Weekly RSI 61.47 > 50, but Hourly RSI has not touched 30 (current 60.34)"
2026-08-18 13:50:01,NSE:APARINDS,17031.0,72.61,71.5,1.11,2026-08-18 13:00,57.04,42.37,14.67,YES,,,,,,,15m logic removed,,,,,WATCH,👀 WATCH,"Weekly RSI 72.61 > 50, but Hourly RSI has not touched 30 (current 57.04)"
2026-08-18 13:50:02,NSE:ASHOKLEY,176.8,56.45,54.11,2.34,2026-08-18 13:00,52.91,53.92,-1.01,NO,,,,,,,15m logic removed,,,,,WATCH,👀 WATCH,"Weekly RSI 56.45 > 50, but Hourly RSI has not touched 30 (current 52.91)"
2026-08-18 13:50:04,NSE:ASTERDM,819.6,60.12,60.6,-0.47,2026-08-18 13:00,36.57,36.57,0.0,NO,,,,,,,15m logic removed,,,,,WATCH,👀 WATCH,"Weekly RSI 60.12 > 50, but Hourly RSI has not touched 30 (current 36.57)"
2026-08-18 13:50:06,NSE:ASTRAMICRO,1742.3,67.83,67.72,0.11,2026-08-18 13:00,58.02,42.97,15.05,YES,,,,,,,15m logic removed,,,,,WATCH,👀 WATCH,"Weekly RSI 67.83 > 50, but Hourly RSI has not touched 30 (current 58.02)"
2026-08-18 13:50:07,NSE:ATHERENERG,1465.7,76.29,80.74,-4.44,2026-08-18 13:00,30.51,35.93,-5.42,NO,,,,,,,15m logic removed,,,,,WATCH,👀 WATCH,Weekly RSI 76.29 > 50 + Hourly RSI touched 30 + 15m price confirmation failed (Close 1466.9 <= Previous High 1471.9)
2026-08-18 13:50:09,NSE:AUROPHARMA,1636.0,67.98,67.08,0.89,2026-08-18 13:00,48.99,44.03,4.96,YES,,,,,,,15m logic removed,,,,,WATCH,👀 WATCH,"Weekly RSI 67.98 > 50, but Hourly RSI has not touched 30 (current 48.99)"
2026-08-18 13:50:10,NSE:BAJAJ-AUTO,11675.0,71.54,72.09,-0.55,2026-08-18 13:00,45.87,44.04,1.84,YES,,,,,,,15m logic removed,,,,,WATCH,👀 WATCH,"Weekly RSI 71.54 > 50, but Hourly RSI has not touched 30 (current 45.87)"
2026-08-18 13:50:12,NSE:BALRAMCHIN,659.0,74.29,70.01,4.28,2026-08-18 13:00,74.31,72.74,1.57,YES,,,,,,,15m logic removed,,,,,WATCH,👀 WATCH,"Weekly RSI 74.29 > 50, but Hourly RSI has not touched 30 (current 74.31)"
2026-08-18 13:50:14,NSE:BDL,1399.1,54.65,54.59,0.07,2026-08-18 13:00,67.14,59.46,7.68,YES,,,,,,,15m logic removed,,,,,WATCH,👀 WATCH,"Weekly RSI 54.65 > 50, but Hourly RSI has not touched 30 (current 67.14)"
2026-08-18 13:50:15,NSE:BEML,1953.4,59.74,55.85,3.9,2026-08-18 13:00,70.0,57.48,12.52,YES,,,,,,,15m logic removed,,,,,WATCH,👀 WATCH,"Weekly RSI 59.74 > 50, but Hourly RSI has not touched 30 (current 70.00)"
2026-08-18 13:50:17,NSE:BHARATFORG,2090.8,58.71,57.47,1.23,2026-08-18 13:00,51.06,52.12,-1.06,NO,,,,,,,15m logic removed,,,,,WATCH,👀 WATCH,"Weekly RSI 58.71 > 50, but Hourly RSI has not touched 30 (current 51.06)"
2026-08-18 13:50:19,NSE:BHEL,427.7,66.54,65.48,1.06,2026-08-18 13:00,56.29,70.96,-14.67,NO,,,,,,,15m logic removed,,,,,WATCH,👀 WATCH,"Weekly RSI 66.54 > 50, but Hourly RSI has not touched 30 (current 56.29)"
2026-08-18 13:50:20,NSE:BOSCHLTD,48595.0,75.1,72.96,2.14,2026-08-18 13:00,77.09,60.0,17.09,YES,,,,,,,15m logic removed,,,,,WATCH,👀 WATCH,"Weekly RSI 75.10 > 50, but Hourly RSI has not touched 30 (current 77.09)"
2026-08-18 13:50:22,NSE:BRIGADE,595.3,55.43,54.87,0.56,2026-08-18 13:00,54.71,50.54,4.17,YES,,,,,,,15m logic removed,,,,,WATCH,👀 WATCH,"Weekly RSI 55.43 > 50, but Hourly RSI has not touched 30 (current 54.71)"
2026-08-18 13:50:24,NSE:CAPLIPOINT,2539.2,67.46,65.36,2.1,2026-08-18 13:00,58.06,55.11,2.96,YES,,,,,,,15m logic removed,,,,,WATCH,👀 WATCH,"Weekly RSI 67.46 > 50, but Hourly RSI has not touched 30 (current 58.06)"
2026-08-18 13:50:27,NSE:CGPOWER,893.55,58.76,58.34,0.42,2026-08-18 13:00,57.74,67.68,-9.94,NO,,,,,,,15m logic removed,,,,,WATCH,👀 WATCH,"Weekly RSI 58.76 > 50, but Hourly RSI has not touched 30 (current 57.74)"
2026-08-18 13:50:28,NSE:CHENNPETRO,1418.1,74.24,69.87,4.37,2026-08-18 13:00,73.11,64.69,8.42,YES,,,,,,,15m logic removed,,,,,WATCH,👀 WATCH,"Weekly RSI 74.24 > 50, but Hourly RSI has not touched 30 (current 73.11)"
2026-08-18 13:50:30,NSE:COHANCE,454.45,51.08,48.61,2.47,2026-08-18 13:00,64.77,55.0,9.76,YES,,,,,,,15m logic removed,,,,,WATCH,👀 WATCH,"Weekly RSI 51.08 > 50, but Hourly RSI has not touched 30 (current 64.77)"
2026-08-18 13:50:31,NSE:CYIENTDLM,741.9,86.34,84.24,2.1,2026-08-18 13:00,70.14,69.29,0.86,YES,,,,,,,15m logic removed,,,,,WATCH,👀 WATCH,"Weekly RSI 86.34 > 50, but Hourly RSI has not touched 30 (current 70.14)"
2026-08-18 13:50:33,NSE:DATAPATTNS,4675.0,63.51,60.33,3.18,2026-08-18 13:00,73.86,58.21,15.65,YES,,,,,,,15m logic removed,,,,,WATCH,👀 WATCH,"Weekly RSI 63.51 > 50, but Hourly RSI has not touched 30 (current 73.86)"
2026-08-18 13:50:34,NSE:DIVISLAB,8575.0,84.1,83.43,0.68,2026-08-18 13:00,60.54,49.68,10.86,YES,,,,,,,15m logic removed,,,,,WATCH,👀 WATCH,"Weekly RSI 84.10 > 50, but Hourly RSI has not touched 30 (current 60.54)"
2026-08-18 13:50:36,NSE:DLF,674.7,57.39,55.85,1.55,2026-08-18 13:00,64.87,60.92,3.95,YES,,,,,,,15m logic removed,,,,,WATCH,👀 WATCH,"Weekly RSI 57.39 > 50, but Hourly RSI has not touched 30 (current 64.87)"
2026-08-18 13:50:37,NSE:DYNAMATECH,11400.0,57.88,56.53,1.36,2026-08-18 13:00,68.89,56.51,12.38,YES,,,,,,,15m logic removed,,,,,WATCH,👀 WATCH,"Weekly RSI 57.88 > 50, but Hourly RSI has not touched 30 (current 68.89)"
2026-08-18 13:50:39,NSE:EICHERMOT,8099.0,65.05,64.56,0.49,2026-08-18 13:00,57.11,47.13,9.98,YES,,,,,,,15m logic removed,,,,,WATCH,👀 WATCH,"Weekly RSI 65.05 > 50, but Hourly RSI has not touched 30 (current 57.11)"
2026-08-18 13:50:41,NSE:ENRIN,3597.9,56.92,55.76,1.16,2026-08-18 13:00,58.29,62.01,-3.72,NO,,,,,,,15m logic removed,,,,,WATCH,👀 WATCH,"Weekly RSI 56.92 > 50, but Hourly RSI has not touched 30 (current 58.29)"
2026-08-18 13:50:43,NSE:EXIDEIND,465.9,68.76,72.73,-3.97,2026-08-18 13:00,29.65,41.47,-11.82,NO,,,,,,,15m logic removed,,,,,WATCH,👀 WATCH,Weekly RSI 68.76 > 50 + Hourly RSI touched 30 + 15m price confirmation failed (Close 466.15 <= Previous High 466.65)
2026-08-18 13:50:44,NSE:GLAND,2872.8,74.03,79.58,-5.55,2026-08-18 13:00,43.46,48.81,-5.35,NO,,,,,,,15m logic removed,,,,,WATCH,👀 WATCH,"Weekly RSI 74.03 > 50, but Hourly RSI has not touched 30 (current 43.46)"
2026-08-18 13:50:46,NSE:GODREJPROP,2016.7,55.87,54.63,1.24,2026-08-18 13:00,49.23,62.29,-13.06,NO,,,,,,,15m logic removed,,,,,WATCH,👀 WATCH,"Weekly RSI 55.87 > 50, but Hourly RSI has not touched 30 (current 49.23)"
2026-08-18 13:50:47,NSE:GRANULES,854.35,65.65,66.44,-0.79,2026-08-18 13:00,45.45,53.96,-8.51,NO,,,,,,,15m logic removed,,,,,WATCH,👀 WATCH,"Weekly RSI 65.65 > 50, but Hourly RSI has not touched 30 (current 45.45)"
2026-08-18 13:50:49,NSE:HAL,5113.3,68.95,67.39,1.55,2026-08-18 13:00,71.48,63.95,7.53,YES,,,,,,,15m logic removed,,,,,WATCH,👀 WATCH,"Weekly RSI 68.95 > 50, but Hourly RSI has not touched 30 (current 71.48)"
2026-08-18 13:50:50,NSE:HEROMOTOCO,5760.0,62.89,63.8,-0.91,2026-08-18 13:00,43.78,40.81,2.97,YES,,,,,,,15m logic removed,,,,,WATCH,👀 WATCH,"Weekly RSI 62.89 > 50, but Hourly RSI has not touched 30 (current 43.78)"
2026-08-18 13:50:51,NSE:HFCL,229.42,77.58,76.42,1.15,2026-08-18 13:00,64.26,43.81,20.44,YES,,,,,,,15m logic removed,,,,,WATCH,👀 WATCH,"Weekly RSI 77.58 > 50, but Hourly RSI has not touched 30 (current 64.26)"
2026-08-18 13:50:53,NSE:HONASA,475.2,68.97,79.49,-10.52,2026-08-18 13:00,40.99,45.33,-4.34,NO,,,,,,,15m logic removed,,,,,WATCH,👀 WATCH,"Weekly RSI 68.97 > 50, but Hourly RSI has not touched 30 (current 40.99)"
2026-08-18 13:50:55,NSE:HSCL,780.55,72.28,72.38,-0.11,2026-08-18 13:00,53.08,57.99,-4.91,NO,,,,,,,15m logic removed,,,,,WATCH,👀 WATCH,"Weekly RSI 72.28 > 50, but Hourly RSI has not touched 30 (current 53.08)"
2026-08-18 13:50:56,NSE:IFCI,80.87,61.82,58.71,3.11,2026-08-18 13:00,72.33,64.85,7.48,YES,,,,,,,15m logic removed,,,,,WATCH,👀 WATCH,"Weekly RSI 61.82 > 50, but Hourly RSI has not touched 30 (current 72.33)"
2026-08-18 13:50:58,NSE:INOXINDIA,1957.4,73.39,72.82,0.57,2026-08-18 13:00,56.8,51.54,5.26,YES,,,,,,,15m logic removed,,,,,WATCH,👀 WATCH,"Weekly RSI 73.39 > 50, but Hourly RSI has not touched 30 (current 56.80)"
2026-08-18 13:51:00,NSE:IPCALAB,1886.8,65.76,57.98,7.79,2026-08-18 13:00,70.48,68.79,1.69,YES,,,,,,,15m logic removed,,,,,WATCH,👀 WATCH,"Weekly RSI 65.76 > 50, but Hourly RSI has not touched 30 (current 70.48)"
2026-08-18 13:51:02,NSE:J&KBANK,151.65,53.34,55.42,-2.08,2026-08-18 13:00,42.95,20.94,22.01,YES,,,,,,,15m logic removed,,,,,SETUP,🔥 SETUP,Weekly RSI 53.34 > 50 + Hourly RSI touched 30 + 15m Close > Previous 15m High
2026-08-18 13:51:04,NSE:JINDALSAW,267.75,61.47,61.29,0.19,2026-08-18 13:00,48.2,58.05,-9.84,NO,,,,,,,15m logic removed,,,,,WATCH,👀 WATCH,"Weekly RSI 61.47 > 50, but Hourly RSI has not touched 30 (current 48.20)"
2026-08-18 13:51:06,NSE:KIRLOSENG,2121.5,59.61,58.99,0.62,2026-08-18 13:00,57.96,50.77,7.19,YES,,,,,,,15m logic removed,,,,,WATCH,👀 WATCH,"Weekly RSI 59.61 > 50, but Hourly RSI has not touched 30 (current 57.96)"
2026-08-18 13:51:07,NSE:LALPATHLAB,1901.5,71.02,72.68,-1.66,2026-08-18 13:00,41.86,19.65,22.21,YES,,,,,,,15m logic removed,,,,,WATCH,👀 WATCH,Weekly RSI 71.02 > 50 + Hourly RSI touched 30 + 15m price confirmation failed (Close 1901.6 <= Previous High 1902.0)
2026-08-18 13:51:09,NSE:LAURUSLABS,1823.7,80.65,79.62,1.03,2026-08-18 13:00,53.7,46.24,7.46,YES,,,,,,,15m logic removed,,,,,WATCH,👀 WATCH,"Weekly RSI 80.65 > 50, but Hourly RSI has not touched 30 (current 53.70)"
2026-08-18 13:51:11,NSE:LLOYDSME,1933.9,64.03,63.36,0.66,2026-08-18 13:00,48.4,50.05,-1.65,NO,,,,,,,15m logic removed,,,,,WATCH,👀 WATCH,"Weekly RSI 64.03 > 50, but Hourly RSI has not touched 30 (current 48.40)"
2026-08-18 13:51:12,NSE:LODHA,1232.4,62.79,63.8,-1.01,2026-08-18 13:00,48.57,60.92,-12.35,NO,,,,,,,15m logic removed,,,,,WATCH,👀 WATCH,"Weekly RSI 62.79 > 50, but Hourly RSI has not touched 30 (current 48.57)"
2026-08-18 13:51:14,NSE:M&M,3428.7,57.68,57.66,0.01,2026-08-18 13:00,53.15,39.7,13.45,YES,,,,,,,15m logic removed,,,,,WATCH,👀 WATCH,"Weekly RSI 57.68 > 50, but Hourly RSI has not touched 30 (current 53.15)"
2026-08-18 13:51:15,NSE:MAZDOCK,2609.0,55.94,54.76,1.19,2026-08-18 13:00,65.63,52.67,12.97,YES,,,,,,,15m logic removed,,,,,WATCH,👀 WATCH,"Weekly RSI 55.94 > 50, but Hourly RSI has not touched 30 (current 65.63)"
2026-08-18 13:51:17,NSE:MIDHANI,435.15,59.38,55.61,3.77,2026-08-18 13:00,56.57,51.38,5.19,YES,,,,,,,15m logic removed,,,,,WATCH,👀 WATCH,"Weekly RSI 59.38 > 50, but Hourly RSI has not touched 30 (current 56.57)"
2026-08-18 13:51:18,NSE:MOTHERSON,170.0,74.8,74.11,0.69,2026-08-18 13:00,64.37,50.12,14.25,YES,,,,,,,15m logic removed,,,,,WATCH,👀 WATCH,"Weekly RSI 74.80 > 50, but Hourly RSI has not touched 30 (current 64.37)"
2026-08-18 13:51:20,NSE:MTARTECH,7178.0,61.13,60.33,0.8,2026-08-18 13:00,56.73,49.9,6.83,YES,,,,,,,15m logic removed,,,,,WATCH,👀 WATCH,"Weekly RSI 61.13 > 50, but Hourly RSI has not touched 30 (current 56.73)"
2026-08-18 13:51:21,NSE:NETWEB,5346.8,67.47,63.88,3.59,2026-08-18 13:00,74.32,66.61,7.71,YES,,,,,,,15m logic removed,,,,,WATCH,👀 WATCH,"Weekly RSI 67.47 > 50, but Hourly RSI has not touched 30 (current 74.32)"
2026-08-18 13:51:23,NSE:NEULANDLAB,23366.0,77.58,77.48,0.1,2026-08-18 13:00,55.11,67.9,-12.79,NO,,,,,,,15m logic removed,,,,,WATCH,👀 WATCH,"Weekly RSI 77.58 > 50, but Hourly RSI has not touched 30 (current 55.11)"
2026-08-18 13:51:24,NSE:OBEROIRLTY,1892.7,61.71,59.06,2.66,2026-08-18 13:00,59.59,74.06,-14.47,NO,,,,,,,15m logic removed,,,,,WATCH,👀 WATCH,"Weekly RSI 61.71 > 50, but Hourly RSI has not touched 30 (current 59.59)"
2026-08-18 13:51:26,NSE:PARAS,1504.0,73.61,69.95,3.66,2026-08-18 13:00,86.38,69.69,16.69,YES,,,,,,,15m logic removed,,,,,WATCH,👀 WATCH,"Weekly RSI 73.61 > 50, but Hourly RSI has not touched 30 (current 86.38)"
2026-08-18 13:51:27,NSE:PHOENIXLTD,1923.8,55.63,53.56,2.07,2026-08-18 13:00,59.32,62.59,-3.27,NO,,,,,,,15m logic removed,,,,,WATCH,👀 WATCH,"Weekly RSI 55.63 > 50, but Hourly RSI has not touched 30 (current 59.32)"
2026-08-18 13:51:30,NSE:POLYMED,1783.3,60.48,60.69,-0.21,2026-08-18 13:00,50.49,37.37,13.13,YES,,,,,,,15m logic removed,,,,,WATCH,👀 WATCH,"Weekly RSI 60.48 > 50, but Hourly RSI has not touched 30 (current 50.49)"
2026-08-18 13:51:31,NSE:POWERINDIA,35345.0,61.32,62.34,-1.02,2026-08-18 13:00,47.96,51.15,-3.19,NO,,,,,,,15m logic removed,,,,,WATCH,👀 WATCH,"Weekly RSI 61.32 > 50, but Hourly RSI has not touched 30 (current 47.96)"
2026-08-18 13:51:33,NSE:PPLPHARMA,209.87,70.0,68.8,1.2,2026-08-18 13:00,55.11,36.42,18.7,YES,,,,,,,15m logic removed,,,,,WATCH,👀 WATCH,"Weekly RSI 70.00 > 50, but Hourly RSI has not touched 30 (current 55.11)"
2026-08-18 13:51:34,NSE:PRESTIGE,1592.5,55.42,55.42,0.0,2026-08-18 13:00,50.98,50.69,0.29,YES,,,,,,,15m logic removed,,,,,WATCH,👀 WATCH,"Weekly RSI 55.42 > 50, but Hourly RSI has not touched 30 (current 50.98)"
2026-08-18 13:51:36,NSE:RADICO,4711.0,87.22,86.65,0.57,2026-08-18 13:00,73.33,70.69,2.64,YES,,,,,,,15m logic removed,,,,,WATCH,👀 WATCH,"Weekly RSI 87.22 > 50, but Hourly RSI has not touched 30 (current 73.33)"
2026-08-18 13:51:38,NSE:RKFORGE,757.95,74.46,72.41,2.05,2026-08-18 13:00,69.1,65.72,3.37,YES,,,,,,,15m logic removed,,,,,WATCH,👀 WATCH,"Weekly RSI 74.46 > 50, but Hourly RSI has not touched 30 (current 69.10)"
2026-08-18 13:51:39,NSE:RRKABEL,2819.4,77.88,77.31,0.57,2026-08-18 13:00,61.21,44.81,16.4,YES,,,,,,,15m logic removed,,,,,WATCH,👀 WATCH,"Weekly RSI 77.88 > 50, but Hourly RSI has not touched 30 (current 61.21)"
2026-08-18 13:51:41,NSE:SAILIFE,1442.9,79.08,80.21,-1.13,2026-08-18 13:00,53.05,37.28,15.77,YES,,,,,,,15m logic removed,,,,,WATCH,👀 WATCH,"Weekly RSI 79.08 > 50, but Hourly RSI has not touched 30 (current 53.05)"
2026-08-18 13:51:43,NSE:SAREGAMA,517.5,69.73,73.51,-3.77,2026-08-18 13:00,43.26,45.51,-2.24,NO,,,,,,,15m logic removed,,,,,WATCH,👀 WATCH,"Weekly RSI 69.73 > 50, but Hourly RSI has not touched 30 (current 43.26)"
2026-08-18 13:51:45,NSE:SIGNATURE,803.7,45.3,45.82,-0.52,2026-08-18 13:00,45.57,41.59,3.99,YES,,,,,,,15m logic removed,,,,,IGNORE,❌ IGNORE,Weekly RSI 45.30 <= 50
2026-08-18 13:51:46,NSE:SOBHA,1316.5,43.31,44.17,-0.86,2026-08-18 13:00,40.18,44.16,-3.98,NO,,,,,,,15m logic removed,,,,,IGNORE,❌ IGNORE,Weekly RSI 43.31 <= 50
2026-08-18 13:51:48,NSE:SOLARINDS,20189.0,72.14,71.31,0.83,2026-08-18 13:00,65.45,61.19,4.25,YES,,,,,,,15m logic removed,,,,,WATCH,👀 WATCH,"Weekly RSI 72.14 > 50, but Hourly RSI has not touched 30 (current 65.45)"
2026-08-18 13:51:49,NSE:SONACOMS,822.95,78.51,76.36,2.15,2026-08-18 13:00,69.29,54.21,15.09,YES,,,,,,,15m logic removed,,,,,WATCH,👀 WATCH,"Weekly RSI 78.51 > 50, but Hourly RSI has not touched 30 (current 69.29)"
2026-08-18 13:51:51,NSE:SYRMA,1497.8,70.57,69.38,1.19,2026-08-18 13:00,59.53,50.95,8.58,YES,,,,,,,15m logic removed,,,,,WATCH,👀 WATCH,"Weekly RSI 70.57 > 50, but Hourly RSI has not touched 30 (current 59.53)"
2026-08-18 13:51:52,NSE:TORNTPHARM,4986.0,64.56,61.07,3.49,2026-08-18 13:00,65.12,53.64,11.49,YES,,,,,,,15m logic removed,,,,,WATCH,👀 WATCH,"Weekly RSI 64.56 > 50, but Hourly RSI has not touched 30 (current 65.12)"
2026-08-18 13:51:54,NSE:TVSMOTOR,4367.8,68.34,67.22,1.11,2026-08-18 13:00,52.27,57.39,-5.12,NO,,,,,,,15m logic removed,,,,,WATCH,👀 WATCH,"Weekly RSI 68.34 > 50, but Hourly RSI has not touched 30 (current 52.27)"
2026-08-18 13:51:55,NSE:UNIMECH,1512.2,75.01,76.02,-1.01,2026-08-18 13:00,61.7,60.47,1.24,YES,,,,,,,15m logic removed,,,,,WATCH,👀 WATCH,"Weekly RSI 75.01 > 50, but Hourly RSI has not touched 30 (current 61.70)"
2026-08-18 13:51:57,NSE:UNOMINDA,1271.8,60.92,58.5,2.42,2026-08-18 13:00,65.81,64.62,1.19,YES,,,,,,,15m logic removed,,,,,WATCH,👀 WATCH,"Weekly RSI 60.92 > 50, but Hourly RSI has not touched 30 (current 65.81)"
2026-08-18 13:51:59,NSE:VIJAYA,1510.5,71.29,69.58,1.71,2026-08-18 13:00,63.39,63.24,0.15,YES,,,,,,,15m logic removed,,,,,WATCH,👀 WATCH,"Weekly RSI 71.29 > 50, but Hourly RSI has not touched 30 (current 63.39)"
2026-08-18 13:52:00,NSE:WELCORP,1899.7,88.89,88.47,0.42,2026-08-18 13:00,66.85,59.84,7.01,YES,,,,,,,15m logic removed,,,,,WATCH,👀 WATCH,"Weekly RSI 88.89 > 50, but Hourly RSI has not touched 30 (current 66.85)"
2026-08-18 13:52:02,NSE:WOCKPHARMA,1876.8,57.5,60.66,-3.16,2026-08-18 13:00,36.33,42.6,-6.27,NO,,,,,,,15m logic removed,,,,,WATCH,👀 WATCH,"Weekly RSI 57.50 > 50, but Hourly RSI has not touched 30 (current 36.33)"
2026-08-18 13:52:04,NSE:ZENTEC,1993.0,63.44,58.95,4.49,2026-08-18 13:00,83.7,63.11,20.58,YES,,,,,,,15m logic removed,,,,,WATCH,👀 WATCH,"Weekly RSI 63.44 > 50, but Hourly RSI has not touched 30 (current 83.70)"
2026-08-18 13:52:06,PARAS,1504.3,73.62,69.95,3.67,2026-08-18 13:00,86.4,69.69,16.7,YES,,,,,,,15m logic removed,,,,,WATCH,👀 WATCH,"Weekly RSI 73.62 > 50, but Hourly RSI has not touched 30 (current 86.40)"
2026-08-18 13:52:07,KALYANKJIL,605.85,71.29,71.82,-0.53,2026-08-18 13:00,46.71,51.96,-5.25,NO,,,,,,,15m logic removed,,,,,WATCH,👀 WATCH,"Weekly RSI 71.29 > 50, but Hourly RSI has not touched 30 (current 46.71)"
2026-08-18 13:52:09,CYIENTDLM,740.55,86.28,84.24,2.04,2026-08-18 13:00,69.54,69.29,0.25,YES,,,,,,,15m logic removed,,,,,WATCH,👀 WATCH,"Weekly RSI 86.28 > 50, but Hourly RSI has not touched 30 (current 69.54)"
2026-08-18 13:52:11,UNIMECH,1512.2,75.01,76.02,-1.01,2026-08-18 13:00,61.7,60.47,1.24,YES,,,,,,,15m logic removed,,,,,WATCH,👀 WATCH,"Weekly RSI 75.01 > 50, but Hourly RSI has not touched 30 (current 61.70)"
2026-08-18 13:52:12,SYRMA,1497.9,70.58,69.38,1.2,2026-08-18 13:00,59.56,50.95,8.6,YES,,,,,,,15m logic removed,,,,,WATCH,👀 WATCH,"Weekly RSI 70.58 > 50, but Hourly RSI has not touched 30 (current 59.56)"
2026-08-18 13:52:14,HFCL,229.38,77.57,76.42,1.15,2026-08-18 13:00,64.21,43.81,20.39,YES,,,,,,,15m logic removed,,,,,WATCH,👀 WATCH,"Weekly RSI 77.57 > 50, but Hourly RSI has not touched 30 (current 64.21)"
2026-08-18 13:52:15,WELCORP,1900.0,88.89,88.47,0.43,2026-08-18 13:00,66.96,59.84,7.12,YES,,,,,,,15m logic removed,,,,,WATCH,👀 WATCH,"Weekly RSI 88.89 > 50, but Hourly RSI has not touched 30 (current 66.96)"
2026-08-18 13:52:17,TBOTEK,1705.3,67.95,64.85,3.1,2026-08-18 13:00,72.26,71.12,1.15,YES,,,,,,,15m logic removed,,,,,WATCH,👀 WATCH,"Weekly RSI 67.95 > 50, but Hourly RSI has not touched 30 (current 72.26)"
2026-08-18 13:52:18,NAUKRI,1366.4,71.48,70.25,1.24,2026-08-18 13:00,61.69,56.44,5.25,YES,,,,,,,15m logic removed,,,,,WATCH,👀 WATCH,"Weekly RSI 71.48 > 50, but Hourly RSI has not touched 30 (current 61.69)"
2026-08-18 13:52:20,AKUMS,750.0,72.73,70.82,1.91,2026-08-18 13:00,58.31,53.28,5.03,YES,,,,,,,15m logic removed,,,,,WATCH,👀 WATCH,"Weekly RSI 72.73 > 50, but Hourly RSI has not touched 30 (current 58.31)"
2026-08-18 14:04:28,NSE:LGEINDIA,1655.5,55.24,60.65,-5.41,2026-08-18 14:00,52.48,55.5,-3.02,NO,,,,,,,15m logic removed,,,,,WATCH,👀 WATCH,"Weekly RSI 55.24 > 50, but Hourly RSI has not touched 30 (current 52.48)"
2026-08-18 14:04:29,NSE:ASTRAL,1522.9,52.0,54.81,-2.81,2026-08-18 14:00,45.41,54.86,-9.45,NO,,,,,,,15m logic removed,,,,,WATCH,👀 WATCH,"Weekly RSI 52.00 > 50, but Hourly RSI has not touched 30 (current 45.41)"
2026-08-18 14:04:31,NSE:FINCABLES,1330.3,69.27,65.92,3.35,2026-08-18 14:00,76.1,73.98,2.12,YES,,,,,,,15m logic removed,,,,,WATCH,👀 WATCH,"Weekly RSI 69.27 > 50, but Hourly RSI has not touched 30 (current 76.10)"
2026-08-18 14:04:32,NSE:GODREJAGRO,592.3,52.81,50.07,2.74,2026-08-18 14:00,73.02,74.36,-1.34,NO,,,,,,,15m logic removed,,,,,WATCH,👀 WATCH,"Weekly RSI 52.81 > 50, but Hourly RSI has not touched 30 (current 73.02)"
2026-08-18 14:04:34,NSE:HAPPSTMNDS,419.0,57.12,57.5,-0.38,2026-08-18 14:00,56.88,66.54,-9.66,NO,,,,,,,15m logic removed,,,,,WATCH,👀 WATCH,"Weekly RSI 57.12 > 50, but Hourly RSI has not touched 30 (current 56.88)"
2026-08-18 14:04:36,NSE:NAZARA,353.9,71.68,72.74,-1.06,2026-08-18 14:00,50.37,36.05,14.32,YES,,,,,,,15m logic removed,,,,,WATCH,👀 WATCH,"Weekly RSI 71.68 > 50, but Hourly RSI has not touched 30 (current 50.37)"
2026-08-18 14:04:38,NSE:OFSS,11771.0,67.31,68.0,-0.69,2026-08-18 14:00,53.73,55.31,-1.57,NO,,,,,,,15m logic removed,,,,,WATCH,👀 WATCH,"Weekly RSI 67.31 > 50, but Hourly RSI has not touched 30 (current 53.73)"
2026-08-18 14:04:39,NSE:REDINGTON,328.0,63.22,64.98,-1.76,2026-08-18 14:00,28.83,36.71,-7.87,NO,,,,,,,15m logic removed,,,,,WATCH,👀 WATCH,Weekly RSI 63.22 > 50 + Hourly RSI touched 30 + 15m price confirmation failed (Close 327.8 <= Previous High 328.8)
2026-08-18 14:04:41,NSE:ABB,7581.0,62.05,63.4,-1.35,2026-08-18 14:00,36.66,46.3,-9.64,NO,,,,,,,15m logic removed,,,,,WATCH,👀 WATCH,"Weekly RSI 62.05 > 50, but Hourly RSI has not touched 30 (current 36.66)"
2026-08-18 14:04:42,NSE:ACMESOLAR,369.8,64.09,65.76,-1.66,2026-08-18 14:00,49.68,36.88,12.81,YES,,,,,,,15m logic removed,,,,,WATCH,👀 WATCH,"Weekly RSI 64.09 > 50, but Hourly RSI has not touched 30 (current 49.68)"
2026-08-18 14:04:43,NSE:ADANIENSOL,1605.5,65.08,66.1,-1.02,2026-08-18 14:00,52.31,42.84,9.48,YES,,,,,,,15m logic removed,,,,,WATCH,👀 WATCH,"Weekly RSI 65.08 > 50, but Hourly RSI has not touched 30 (current 52.31)"
2026-08-18 14:04:45,NSE:AEGISLOG,1350.6,69.82,66.7,3.12,2026-08-18 14:00,74.11,53.03,21.08,YES,,,,,,,15m logic removed,,,,,WATCH,👀 WATCH,"Weekly RSI 69.82 > 50, but Hourly RSI has not touched 30 (current 74.11)"
2026-08-18 14:04:46,NSE:AJANTPHARM,3720.0,75.4,74.36,1.05,2026-08-18 14:00,76.61,78.51,-1.89,NO,,,,,,,15m logic removed,,,,,WATCH,👀 WATCH,"Weekly RSI 75.40 > 50, but Hourly RSI has not touched 30 (current 76.61)"
2026-08-18 14:04:48,NSE:AKUMS,748.5,72.62,70.82,1.8,2026-08-18 14:00,57.33,53.28,4.05,YES,,,,,,,15m logic removed,,,,,WATCH,👀 WATCH,"Weekly RSI 72.62 > 50, but Hourly RSI has not touched 30 (current 57.33)"
2026-08-18 14:04:49,NSE:ALIVUS,1399.9,78.95,78.41,0.54,2026-08-18 14:00,61.39,59.17,2.22,YES,,,,,,,15m logic removed,,,,,WATCH,👀 WATCH,"Weekly RSI 78.95 > 50, but Hourly RSI has not touched 30 (current 61.39)"
2026-08-18 14:04:51,NSE:ANANDRATHI,2185.8,75.35,74.94,0.41,2026-08-18 14:00,58.29,50.24,8.05,YES,,,,,,,15m logic removed,,,,,WATCH,👀 WATCH,"Weekly RSI 75.35 > 50, but Hourly RSI has not touched 30 (current 58.29)"
2026-08-18 14:04:52,NSE:APARINDS,17052.0,72.67,71.5,1.18,2026-08-18 14:00,57.53,42.37,15.16,YES,,,,,,,15m logic removed,,,,,WATCH,👀 WATCH,"Weekly RSI 72.67 > 50, but Hourly RSI has not touched 30 (current 57.53)"
2026-08-18 14:04:53,NSE:ASHOKLEY,177.1,56.58,54.11,2.47,2026-08-18 14:00,53.92,53.92,0.0,NO,,,,,,,15m logic removed,,,,,WATCH,👀 WATCH,"Weekly RSI 56.58 > 50, but Hourly RSI has not touched 30 (current 53.92)"
2026-08-18 14:04:55,NSE:ASTRAMICRO,1746.5,67.99,67.72,0.27,2026-08-18 14:00,59.24,42.97,16.26,YES,,,,,,,15m logic removed,,,,,WATCH,👀 WATCH,"Weekly RSI 67.99 > 50, but Hourly RSI has not touched 30 (current 59.24)"
2026-08-18 14:04:56,NSE:ATHERENERG,1465.9,76.31,80.74,-4.43,2026-08-18 14:00,30.57,35.93,-5.37,NO,,,,,,,15m logic removed,,,,,WATCH,👀 WATCH,Weekly RSI 76.31 > 50 + Hourly RSI touched 30 + 15m price confirmation failed (Close 1466.0 <= Previous High 1469.3)
2026-08-18 14:04:57,NSE:AUROPHARMA,1635.9,67.97,67.08,0.89,2026-08-18 14:00,48.94,44.03,4.91,YES,,,,,,,15m logic removed,,,,,WATCH,👀 WATCH,"Weekly RSI 67.97 > 50, but Hourly RSI has not touched 30 (current 48.94)"
2026-08-18 14:04:58,NSE:BAJAJ-AUTO,11677.0,71.58,72.09,-0.5,2026-08-18 14:00,46.17,44.04,2.13,YES,,,,,,,15m logic removed,,,,,WATCH,👀 WATCH,"Weekly RSI 71.58 > 50, but Hourly RSI has not touched 30 (current 46.17)"
2026-08-18 14:04:59,NSE:BALRAMCHIN,656.15,73.98,70.01,3.97,2026-08-18 14:00,72.82,72.74,0.08,YES,,,,,,,15m logic removed,,,,,WATCH,👀 WATCH,"Weekly RSI 73.98 > 50, but Hourly RSI has not touched 30 (current 72.82)"
2026-08-18 14:05:01,NSE:BDL,1396.1,54.44,54.59,-0.14,2026-08-18 14:00,66.13,59.46,6.67,YES,,,,,,,15m logic removed,,,,,WATCH,👀 WATCH,"Weekly RSI 54.44 > 50, but Hourly RSI has not touched 30 (current 66.13)"
2026-08-18 14:05:02,NSE:BHARATFORG,2090.1,58.67,57.47,1.2,2026-08-18 14:00,50.73,52.12,-1.39,NO,,,,,,,15m logic removed,,,,,WATCH,👀 WATCH,"Weekly RSI 58.67 > 50, but Hourly RSI has not touched 30 (current 50.73)"
2026-08-18 14:05:03,NSE:BHEL,427.2,66.45,65.48,0.97,2026-08-18 14:00,55.59,70.96,-15.37,NO,,,,,,,15m logic removed,,,,,WATCH,👀 WATCH,"Weekly RSI 66.45 > 50, but Hourly RSI has not touched 30 (current 55.59)"
2026-08-18 14:05:05,NSE:BOSCHLTD,48670.0,75.2,72.96,2.24,2026-08-18 14:00,77.54,60.0,17.54,YES,,,,,,,15m logic removed,,,,,WATCH,👀 WATCH,"Weekly RSI 75.20 > 50, but Hourly RSI has not touched 30 (current 77.54)"
2026-08-18 14:05:06,NSE:CAPLIPOINT,2538.5,67.43,65.36,2.07,2026-08-18 14:00,57.93,55.11,2.82,YES,,,,,,,15m logic removed,,,,,WATCH,👀 WATCH,"Weekly RSI 67.43 > 50, but Hourly RSI has not touched 30 (current 57.93)"
2026-08-18 14:05:08,NSE:CHENNPETRO,1421.8,74.38,69.87,4.51,2026-08-18 14:00,73.75,64.69,9.06,YES,,,,,,,15m logic removed,,,,,WATCH,👀 WATCH,"Weekly RSI 74.38 > 50, but Hourly RSI has not touched 30 (current 73.75)"
2026-08-18 14:05:09,NSE:COHANCE,454.7,51.12,48.61,2.52,2026-08-18 14:00,65.02,55.0,10.02,YES,,,,,,,15m logic removed,,,,,WATCH,👀 WATCH,"Weekly RSI 51.12 > 50, but Hourly RSI has not touched 30 (current 65.02)"
2026-08-18 14:05:12,NSE:CRAFTSMAN,10873.0,71.28,67.27,4.01,2026-08-18 14:00,72.82,56.49,16.33,YES,,,,,,,15m logic removed,,,,,WATCH,👀 WATCH,"Weekly RSI 71.28 > 50, but Hourly RSI has not touched 30 (current 72.82)"
2026-08-18 14:05:13,NSE:CYIENTDLM,741.05,86.3,84.24,2.06,2026-08-18 14:00,69.77,69.29,0.48,YES,,,,,,,15m logic removed,,,,,WATCH,👀 WATCH,"Weekly RSI 86.30 > 50, but Hourly RSI has not touched 30 (current 69.77)"
2026-08-18 14:05:14,NSE:DATAPATTNS,4679.3,63.57,60.33,3.24,2026-08-18 14:00,74.16,58.21,15.95,YES,,,,,,,15m logic removed,,,,,WATCH,👀 WATCH,"Weekly RSI 63.57 > 50, but Hourly RSI has not touched 30 (current 74.16)"
2026-08-18 14:05:16,NSE:DBCORP,211.0,47.33,47.65,-0.32,2026-08-18 14:00,44.81,51.47,-6.66,NO,,,,,,,15m logic removed,,,,,IGNORE,❌ IGNORE,Weekly RSI 47.33 <= 50
2026-08-18 14:05:18,NSE:DIVISLAB,8566.5,84.05,83.43,0.62,2026-08-18 14:00,59.75,49.68,10.07,YES,,,,,,,15m logic removed,,,,,WATCH,👀 WATCH,"Weekly RSI 84.05 > 50, but Hourly RSI has not touched 30 (current 59.75)"
2026-08-18 14:05:19,NSE:DYNAMATECH,11480.0,58.37,56.53,1.84,2026-08-18 14:00,71.25,56.51,14.74,YES,,,,,,,15m logic removed,,,,,WATCH,👀 WATCH,"Weekly RSI 58.37 > 50, but Hourly RSI has not touched 30 (current 71.25)"
2026-08-18 14:05:21,NSE:EICHERMOT,8096.0,65.01,64.56,0.44,2026-08-18 14:00,56.61,47.13,9.48,YES,,,,,,,15m logic removed,,,,,WATCH,👀 WATCH,"Weekly RSI 65.01 > 50, but Hourly RSI has not touched 30 (current 56.61)"
2026-08-18 14:05:22,NSE:ENRIN,3598.1,56.93,55.76,1.16,2026-08-18 14:00,58.34,62.01,-3.67,NO,,,,,,,15m logic removed,,,,,WATCH,👀 WATCH,"Weekly RSI 56.93 > 50, but Hourly RSI has not touched 30 (current 58.34)"
2026-08-18 14:05:24,NSE:EXIDEIND,466.4,68.94,72.73,-3.78,2026-08-18 14:00,30.12,41.47,-11.35,NO,,,,,,,15m logic removed,,,,,WATCH,👀 WATCH,Weekly RSI 68.94 > 50 + Hourly RSI touched 30 + 15m price confirmation failed (Close 465.75 <= Previous High 466.5)
2026-08-18 14:05:25,NSE:GLAND,2878.7,74.35,79.58,-5.23,2026-08-18 14:00,44.44,48.81,-4.37,NO,,,,,,,15m logic removed,,,,,WATCH,👀 WATCH,"Weekly RSI 74.35 > 50, but Hourly RSI has not touched 30 (current 44.44)"
2026-08-18 14:05:27,NSE:GRANULES,853.7,65.53,66.44,-0.91,2026-08-18 14:00,44.67,53.96,-9.29,NO,,,,,,,15m logic removed,,,,,WATCH,👀 WATCH,"Weekly RSI 65.53 > 50, but Hourly RSI has not touched 30 (current 44.67)"
2026-08-18 14:05:28,NSE:HAL,5110.1,68.89,67.39,1.5,2026-08-18 14:00,71.13,63.95,7.18,YES,,,,,,,15m logic removed,,,,,WATCH,👀 WATCH,"Weekly RSI 68.89 > 50, but Hourly RSI has not touched 30 (current 71.13)"
2026-08-18 14:05:30,NSE:HATHWAY,10.54,43.59,44.13,-0.54,2026-08-18 14:00,36.49,42.66,-6.17,NO,,,,,,,15m logic removed,,,,,IGNORE,❌ IGNORE,Weekly RSI 43.59 <= 50
2026-08-18 14:05:31,NSE:HEROMOTOCO,5748.5,62.54,63.8,-1.26,2026-08-18 14:00,41.53,40.81,0.72,YES,,,,,,,15m logic removed,,,,,WATCH,👀 WATCH,"Weekly RSI 62.54 > 50, but Hourly RSI has not touched 30 (current 41.53)"
2026-08-18 14:05:33,NSE:HFCL,229.25,77.55,76.42,1.13,2026-08-18 14:00,64.04,43.81,20.23,YES,,,,,,,15m logic removed,,,,,WATCH,👀 WATCH,"Weekly RSI 77.55 > 50, but Hourly RSI has not touched 30 (current 64.04)"
2026-08-18 14:05:35,NSE:HONASA,476.5,69.4,79.49,-10.09,2026-08-18 14:00,42.08,45.33,-3.25,NO,,,,,,,15m logic removed,,,,,WATCH,👀 WATCH,"Weekly RSI 69.40 > 50, but Hourly RSI has not touched 30 (current 42.08)"
2026-08-18 14:05:36,NSE:HSCL,781.0,72.37,72.38,-0.01,2026-08-18 14:00,53.67,57.99,-4.32,NO,,,,,,,15m logic removed,,,,,WATCH,👀 WATCH,"Weekly RSI 72.37 > 50, but Hourly RSI has not touched 30 (current 53.67)"
2026-08-18 14:05:37,NSE:IFCI,80.65,61.66,58.71,2.95,2026-08-18 14:00,71.63,64.85,6.78,YES,,,,,,,15m logic removed,,,,,WATCH,👀 WATCH,"Weekly RSI 61.66 > 50, but Hourly RSI has not touched 30 (current 71.63)"
2026-08-18 14:05:39,NSE:INOXINDIA,1959.0,73.45,72.82,0.63,2026-08-18 14:00,57.51,51.54,5.97,YES,,,,,,,15m logic removed,,,,,WATCH,👀 WATCH,"Weekly RSI 73.45 > 50, but Hourly RSI has not touched 30 (current 57.51)"
2026-08-18 14:05:40,NSE:IPCALAB,1884.1,65.65,57.98,7.68,2026-08-18 14:00,70.1,68.79,1.31,YES,,,,,,,15m logic removed,,,,,WATCH,👀 WATCH,"Weekly RSI 65.65 > 50, but Hourly RSI has not touched 30 (current 70.10)"
2026-08-18 14:05:42,NSE:J&KBANK,151.13,53.07,55.42,-2.35,2026-08-18 14:00,40.45,20.94,19.51,YES,,,,,,,15m logic removed,,,,,WATCH,👀 WATCH,Weekly RSI 53.07 > 50 + Hourly RSI touched 30 + 15m price confirmation failed (Close 151.28 <= Previous High 151.75)
2026-08-18 14:05:44,NSE:JINDALSAW,267.4,61.37,61.29,0.09,2026-08-18 14:00,47.24,58.05,-10.81,NO,,,,,,,15m logic removed,,,,,WATCH,👀 WATCH,"Weekly RSI 61.37 > 50, but Hourly RSI has not touched 30 (current 47.24)"
2026-08-18 14:05:46,NSE:KIRLOSENG,2125.0,59.71,58.99,0.72,2026-08-18 14:00,58.85,50.77,8.08,YES,,,,,,,15m logic removed,,,,,WATCH,👀 WATCH,"Weekly RSI 59.71 > 50, but Hourly RSI has not touched 30 (current 58.85)"
2026-08-18 14:05:47,NSE:LALPATHLAB,1900.0,70.86,72.68,-1.83,2026-08-18 14:00,41.03,19.65,21.38,YES,,,,,,,15m logic removed,,,,,WATCH,👀 WATCH,Weekly RSI 70.86 > 50 + Hourly RSI touched 30 + 15m price confirmation failed (Close 1900.0 <= Previous High 1903.9)
2026-08-18 14:05:48,NSE:LAURUSLABS,1822.0,80.61,79.62,0.98,2026-08-18 14:00,52.91,46.24,6.67,YES,,,,,,,15m logic removed,,,,,WATCH,👀 WATCH,"Weekly RSI 80.61 > 50, but Hourly RSI has not touched 30 (current 52.91)"
2026-08-18 14:05:50,NSE:LLOYDSME,1932.0,63.95,63.36,0.58,2026-08-18 14:00,47.44,50.05,-2.61,NO,,,,,,,15m logic removed,,,,,WATCH,👀 WATCH,"Weekly RSI 63.95 > 50, but Hourly RSI has not touched 30 (current 47.44)"
2026-08-18 14:05:51,NSE:M&M,3429.1,57.69,57.66,0.03,2026-08-18 14:00,53.26,39.7,13.56,YES,,,,,,,15m logic removed,,,,,WATCH,👀 WATCH,"Weekly RSI 57.69 > 50, but Hourly RSI has not touched 30 (current 53.26)"
2026-08-18 14:05:52,NSE:MAZDOCK,2602.8,55.69,54.76,0.94,2026-08-18 14:00,64.08,52.67,11.41,YES,,,,,,,15m logic removed,,,,,WATCH,👀 WATCH,"Weekly RSI 55.69 > 50, but Hourly RSI has not touched 30 (current 64.08)"
2026-08-18 14:05:54,NSE:MIDHANI,435.05,59.36,55.61,3.75,2026-08-18 14:00,56.5,51.38,5.12,YES,,,,,,,15m logic removed,,,,,WATCH,👀 WATCH,"Weekly RSI 59.36 > 50, but Hourly RSI has not touched 30 (current 56.50)"
2026-08-18 14:05:55,NSE:MOTHERSON,169.96,74.79,74.11,0.67,2026-08-18 14:00,64.16,50.12,14.04,YES,,,,,,,15m logic removed,,,,,WATCH,👀 WATCH,"Weekly RSI 74.79 > 50, but Hourly RSI has not touched 30 (current 64.16)"
2026-08-18 14:05:56,NSE:MTARTECH,7177.5,61.13,60.33,0.8,2026-08-18 14:00,56.7,49.9,6.8,YES,,,,,,,15m logic removed,,,,,WATCH,👀 WATCH,"Weekly RSI 61.13 > 50, but Hourly RSI has not touched 30 (current 56.70)"
2026-08-18 14:05:57,NSE:NETWEB,5346.5,67.47,63.88,3.59,2026-08-18 14:00,74.3,66.61,7.7,YES,,,,,,,15m logic removed,,,,,WATCH,👀 WATCH,"Weekly RSI 67.47 > 50, but Hourly RSI has not touched 30 (current 74.30)"
2026-08-18 14:05:59,NSE:NETWORK18,28.52,35.39,36.45,-1.06,2026-08-18 14:00,37.42,52.52,-15.1,NO,,,,,,,15m logic removed,,,,,IGNORE,❌ IGNORE,Weekly RSI 35.39 <= 50
2026-08-18 14:06:01,NSE:NEULANDLAB,23323.0,77.49,77.48,0.01,2026-08-18 14:00,53.58,67.9,-14.31,NO,,,,,,,15m logic removed,,,,,WATCH,👀 WATCH,"Weekly RSI 77.49 > 50, but Hourly RSI has not touched 30 (current 53.58)"
2026-08-18 14:06:02,NSE:PARAS,1502.5,73.57,69.95,3.63,2026-08-18 14:00,86.28,69.69,16.59,YES,,,,,,,15m logic removed,,,,,WATCH,👀 WATCH,"Weekly RSI 73.57 > 50, but Hourly RSI has not touched 30 (current 86.28)"
2026-08-18 14:06:04,NSE:PFOCUS,286.5,56.83,52.7,4.12,2026-08-18 14:00,69.31,35.15,34.16,YES,,,,,,,15m logic removed,,,,,WATCH,👀 WATCH,"Weekly RSI 56.83 > 50, but Hourly RSI has not touched 30 (current 69.31)"
2026-08-18 14:06:06,NSE:POLYMED,1782.3,60.41,60.69,-0.28,2026-08-18 14:00,50.25,37.37,12.88,YES,,,,,,,15m logic removed,,,,,WATCH,👀 WATCH,"Weekly RSI 60.41 > 50, but Hourly RSI has not touched 30 (current 50.25)"
2026-08-18 14:06:07,NSE:POWERINDIA,35330.0,61.27,62.34,-1.07,2026-08-18 14:00,47.54,51.15,-3.61,NO,,,,,,,15m logic removed,,,,,WATCH,👀 WATCH,"Weekly RSI 61.27 > 50, but Hourly RSI has not touched 30 (current 47.54)"
2026-08-18 14:06:08,NSE:PPLPHARMA,210.19,70.11,68.8,1.32,2026-08-18 14:00,55.92,36.42,19.5,YES,,,,,,,15m logic removed,,,,,WATCH,👀 WATCH,"Weekly RSI 70.11 > 50, but Hourly RSI has not touched 30 (current 55.92)"
2026-08-18 14:06:10,NSE:PVRINOX,1200.0,70.47,68.44,2.03,2026-08-18 14:00,60.09,57.9,2.19,YES,,,,,,,15m logic removed,,,,,WATCH,👀 WATCH,"Weekly RSI 70.47 > 50, but Hourly RSI has not touched 30 (current 60.09)"
2026-08-18 14:06:11,NSE:RADICO,4710.0,87.21,86.65,0.56,2026-08-18 14:00,73.19,70.69,2.51,YES,,,,,,,15m logic removed,,,,,WATCH,👀 WATCH,"Weekly RSI 87.21 > 50, but Hourly RSI has not touched 30 (current 73.19)"
2026-08-18 14:06:12,NSE:RKFORGE,755.5,74.27,72.41,1.87,2026-08-18 14:00,67.31,65.72,1.58,YES,,,,,,,15m logic removed,,,,,WATCH,👀 WATCH,"Weekly RSI 74.27 > 50, but Hourly RSI has not touched 30 (current 67.31)"
2026-08-18 14:06:14,NSE:RRKABEL,2803.8,77.62,77.31,0.31,2026-08-18 14:00,58.09,44.81,13.28,YES,,,,,,,15m logic removed,,,,,WATCH,👀 WATCH,"Weekly RSI 77.62 > 50, but Hourly RSI has not touched 30 (current 58.09)"
2026-08-18 14:06:15,NSE:SAILIFE,1441.7,78.89,80.21,-1.32,2026-08-18 14:00,52.42,37.28,15.14,YES,,,,,,,15m logic removed,,,,,WATCH,👀 WATCH,"Weekly RSI 78.89 > 50, but Hourly RSI has not touched 30 (current 52.42)"
2026-08-18 14:06:16,NSE:SAREGAMA,517.3,69.66,73.51,-3.85,2026-08-18 14:00,43.1,45.51,-2.4,NO,,,,,,,15m logic removed,,,,,WATCH,👀 WATCH,"Weekly RSI 69.66 > 50, but Hourly RSI has not touched 30 (current 43.10)"
2026-08-18 14:06:18,NSE:SOLARINDS,20178.0,72.1,71.31,0.79,2026-08-18 14:00,65.23,61.19,4.03,YES,,,,,,,15m logic removed,,,,,WATCH,👀 WATCH,"Weekly RSI 72.10 > 50, but Hourly RSI has not touched 30 (current 65.23)"
2026-08-18 14:06:20,NSE:SONACOMS,821.9,78.44,76.36,2.09,2026-08-18 14:00,68.69,54.21,14.48,YES,,,,,,,15m logic removed,,,,,WATCH,👀 WATCH,"Weekly RSI 78.44 > 50, but Hourly RSI has not touched 30 (current 68.69)"
2026-08-18 14:06:21,NSE:SUNTV,483.3,38.85,39.09,-0.23,2026-08-18 14:00,43.66,51.97,-8.32,NO,,,,,,,15m logic removed,,,,,IGNORE,❌ IGNORE,Weekly RSI 38.85 <= 50
2026-08-18 14:06:23,NSE:SYRMA,1500.0,70.65,69.38,1.27,2026-08-18 14:00,60.12,50.95,9.17,YES,,,,,,,15m logic removed,,,,,WATCH,👀 WATCH,"Weekly RSI 70.65 > 50, but Hourly RSI has not touched 30 (current 60.12)"
2026-08-18 14:06:25,NSE:TIPSMUSIC,661.4,54.06,55.56,-1.5,2026-08-18 14:00,46.03,37.43,8.6,YES,,,,,,,15m logic removed,,,,,WATCH,👀 WATCH,"Weekly RSI 54.06 > 50, but Hourly RSI has not touched 30 (current 46.03)"
2026-08-18 14:06:27,NSE:TORNTPHARM,4982.0,64.48,61.07,3.41,2026-08-18 14:00,64.72,53.64,11.08,YES,,,,,,,15m logic removed,,,,,WATCH,👀 WATCH,"Weekly RSI 64.48 > 50, but Hourly RSI has not touched 30 (current 64.72)"
2026-08-18 14:06:28,NSE:TVSMOTOR,4361.2,68.22,67.22,1.0,2026-08-18 14:00,50.62,57.39,-6.77,NO,,,,,,,15m logic removed,,,,,WATCH,👀 WATCH,"Weekly RSI 68.22 > 50, but Hourly RSI has not touched 30 (current 50.62)"
2026-08-18 14:06:29,NSE:UNIMECH,1510.4,74.84,76.02,-1.18,2026-08-18 14:00,61.18,60.47,0.72,YES,,,,,,,15m logic removed,,,,,WATCH,👀 WATCH,"Weekly RSI 74.84 > 50, but Hourly RSI has not touched 30 (current 61.18)"
2026-08-18 14:06:31,NSE:UNOMINDA,1277.4,61.32,58.5,2.82,2026-08-18 14:00,68.91,64.62,4.29,YES,,,,,,,15m logic removed,,,,,WATCH,👀 WATCH,"Weekly RSI 61.32 > 50, but Hourly RSI has not touched 30 (current 68.91)"
2026-08-18 14:06:32,NSE:VIJAYA,1513.3,71.42,69.58,1.83,2026-08-18 14:00,64.2,63.24,0.96,YES,,,,,,,15m logic removed,,,,,WATCH,👀 WATCH,"Weekly RSI 71.42 > 50, but Hourly RSI has not touched 30 (current 64.20)"
2026-08-18 14:06:33,NSE:WELCORP,1899.9,88.89,88.47,0.43,2026-08-18 14:00,66.92,59.84,7.08,YES,,,,,,,15m logic removed,,,,,WATCH,👀 WATCH,"Weekly RSI 88.89 > 50, but Hourly RSI has not touched 30 (current 66.92)"
2026-08-18 14:06:35,NSE:WOCKPHARMA,1861.4,56.69,60.66,-3.97,2026-08-18 14:00,32.65,42.6,-9.95,NO,,,,,,,15m logic removed,,,,,WATCH,👀 WATCH,"Weekly RSI 56.69 > 50, but Hourly RSI has not touched 30 (current 32.65)"
2026-08-18 14:06:37,NSE:ZEEL,105.53,53.72,51.98,1.74,2026-08-18 14:00,70.08,68.7,1.39,YES,,,,,,,15m logic removed,,,,,WATCH,👀 WATCH,"Weekly RSI 53.72 > 50, but Hourly RSI has not touched 30 (current 70.08)"
2026-08-18 14:06:38,NSE:ZENTEC,1988.9,63.32,58.95,4.37,2026-08-18 14:00,83.4,63.11,20.28,YES,,,,,,,15m logic removed,,,,,WATCH,👀 WATCH,"Weekly RSI 63.32 > 50, but Hourly RSI has not touched 30 (current 83.40)"
2026-08-18 14:06:40,KPITTECH,599.55,34.53,35.68,-1.15,2026-08-18 14:00,30.29,40.85,-10.55,NO,,,,,,,15m logic removed,,,,,IGNORE,❌ IGNORE,Weekly RSI 34.53 <= 50
2026-08-18 14:06:42,PARAS,1503.7,73.61,69.95,3.66,2026-08-18 14:00,86.36,69.69,16.67,YES,,,,,,,15m logic removed,,,,,WATCH,👀 WATCH,"Weekly RSI 73.61 > 50, but Hourly RSI has not touched 30 (current 86.36)"
2026-08-18 14:06:43,KALYANKJIL,605.65,71.25,71.82,-0.57,2026-08-18 14:00,46.48,51.96,-5.48,NO,,,,,,,15m logic removed,,,,,WATCH,👀 WATCH,"Weekly RSI 71.25 > 50, but Hourly RSI has not touched 30 (current 46.48)"
2026-08-18 14:06:44,CYIENTDLM,740.4,86.28,84.24,2.04,2026-08-18 14:00,69.47,69.29,0.18,YES,,,,,,,15m logic removed,,,,,WATCH,👀 WATCH,"Weekly RSI 86.28 > 50, but Hourly RSI has not touched 30 (current 69.47)"
2026-08-18 14:06:46,UNIMECH,1510.4,74.84,76.02,-1.18,2026-08-18 14:00,61.18,60.47,0.72,YES,,,,,,,15m logic removed,,,,,WATCH,👀 WATCH,"Weekly RSI 74.84 > 50, but Hourly RSI has not touched 30 (current 61.18)"
2026-08-18 14:06:47,SYRMA,1499.4,70.63,69.38,1.25,2026-08-18 14:00,59.96,50.95,9.01,YES,,,,,,,15m logic removed,,,,,WATCH,👀 WATCH,"Weekly RSI 70.63 > 50, but Hourly RSI has not touched 30 (current 59.96)"
2026-08-18 14:06:48,HFCL,228.89,77.49,76.42,1.06,2026-08-18 14:00,63.58,43.81,19.77,YES,,,,,,,15m logic removed,,,,,WATCH,👀 WATCH,"Weekly RSI 77.49 > 50, but Hourly RSI has not touched 30 (current 63.58)"
2026-08-18 14:06:49,WELCORP,1899.9,88.89,88.47,0.43,2026-08-18 14:00,66.92,59.84,7.08,YES,,,,,,,15m logic removed,,,,,WATCH,👀 WATCH,"Weekly RSI 88.89 > 50, but Hourly RSI has not touched 30 (current 66.92)"
2026-08-18 14:06:50,TBOTEK,1699.4,67.72,64.85,2.87,2026-08-18 14:00,70.72,71.12,-0.39,NO,,,,,,,15m logic removed,,,,,WATCH,👀 WATCH,"Weekly RSI 67.72 > 50, but Hourly RSI has not touched 30 (current 70.72)"
2026-08-18 14:06:52,NAUKRI,1365.3,71.43,70.25,1.18,2026-08-18 14:00,61.21,56.44,4.77,YES,,,,,,,15m logic removed,,,,,WATCH,👀 WATCH,"Weekly RSI 71.43 > 50, but Hourly RSI has not touched 30 (current 61.21)"
2026-08-18 14:06:53,AKUMS,748.6,72.63,70.82,1.81,2026-08-18 14:00,57.4,53.28,4.12,YES,,,,,,,15m logic removed,,,,,WATCH,👀 WATCH,"Weekly RSI 72.63 > 50, but Hourly RSI has not touched 30 (current 57.40)"
2026-08-18 14:19:29,NSE:LGEINDIA,1656.9,55.33,60.65,-5.32,2026-08-18 14:00,52.99,55.5,-2.51,NO,,,,,,,15m logic removed,,,,,WATCH,👀 WATCH,"Weekly RSI 55.33 > 50, but Hourly RSI has not touched 30 (current 52.99)"
2026-08-18 14:19:30,NSE:ASTRAL,1523.1,52.01,54.81,-2.79,2026-08-18 14:00,45.51,54.86,-9.35,NO,,,,,,,15m logic removed,,,,,WATCH,👀 WATCH,"Weekly RSI 52.01 > 50, but Hourly RSI has not touched 30 (current 45.51)"
2026-08-18 14:19:32,NSE:FINCABLES,1330.25,69.27,65.92,3.35,2026-08-18 14:00,76.09,73.98,2.11,YES,,,,,,,15m logic removed,,,,,WATCH,👀 WATCH,"Weekly RSI 69.27 > 50, but Hourly RSI has not touched 30 (current 76.09)"
2026-08-18 14:19:33,NSE:GODREJAGRO,591.45,52.62,50.07,2.55,2026-08-18 14:00,71.45,74.36,-2.91,NO,,,,,,,15m logic removed,,,,,WATCH,👀 WATCH,"Weekly RSI 52.62 > 50, but Hourly RSI has not touched 30 (current 71.45)"
2026-08-18 14:19:34,NSE:HAPPSTMNDS,419.25,57.2,57.5,-0.3,2026-08-18 14:00,57.12,66.54,-9.42,NO,,,,,,,15m logic removed,,,,,WATCH,👀 WATCH,"Weekly RSI 57.20 > 50, but Hourly RSI has not touched 30 (current 57.12)"
2026-08-18 14:19:36,NSE:NAZARA,355.15,72.34,72.74,-0.4,2026-08-18 14:00,53.22,36.05,17.17,YES,,,,,,,15m logic removed,,,,,WATCH,👀 WATCH,"Weekly RSI 72.34 > 50, but Hourly RSI has not touched 30 (current 53.22)"
2026-08-18 14:19:37,NSE:OFSS,11758.0,67.16,68.0,-0.84,2026-08-18 14:00,52.65,55.31,-2.66,NO,,,,,,,15m logic removed,,,,,WATCH,👀 WATCH,"Weekly RSI 67.16 > 50, but Hourly RSI has not touched 30 (current 52.65)"
2026-08-18 14:19:38,NSE:REDINGTON,327.45,63.07,64.98,-1.91,2026-08-18 14:00,28.26,36.71,-8.45,NO,,,,,,,15m logic removed,,,,,WATCH,👀 WATCH,Weekly RSI 63.07 > 50 + Hourly RSI touched 30 + 15m price confirmation failed (Close 328.0 <= Previous High 328.2)
2026-08-18 14:19:40,NSE:ABB,7567.0,61.78,63.4,-1.62,2026-08-18 14:00,35.36,46.3,-10.95,NO,,,,,,,15m logic removed,,,,,WATCH,👀 WATCH,"Weekly RSI 61.78 > 50, but Hourly RSI has not touched 30 (current 35.36)"
2026-08-18 14:19:41,NSE:ACMESOLAR,369.35,63.92,65.76,-1.83,2026-08-18 14:00,48.71,36.88,11.83,YES,,,,,,,15m logic removed,,,,,WATCH,👀 WATCH,"Weekly RSI 63.92 > 50, but Hourly RSI has not touched 30 (current 48.71)"
2026-08-18 14:19:43,NSE:ADANIENSOL,1603.1,64.85,66.1,-1.24,2026-08-18 14:00,51.13,42.84,8.29,YES,,,,,,,15m logic removed,,,,,WATCH,👀 WATCH,"Weekly RSI 64.85 > 50, but Hourly RSI has not touched 30 (current 51.13)"
2026-08-18 14:19:44,NSE:AEGISLOG,1347.7,69.72,66.7,3.02,2026-08-18 14:00,73.56,53.03,20.53,YES,,,,,,,15m logic removed,,,,,WATCH,👀 WATCH,"Weekly RSI 69.72 > 50, but Hourly RSI has not touched 30 (current 73.56)"
2026-08-18 14:19:51,NSE:AJANTPHARM,3718.3,75.37,74.36,1.01,2026-08-18 14:00,75.73,78.51,-2.78,NO,,,,,,,15m logic removed,,,,,WATCH,👀 WATCH,"Weekly RSI 75.37 > 50, but Hourly RSI has not touched 30 (current 75.73)"
2026-08-18 14:19:52,NSE:AKUMS,746.9,72.49,70.82,1.67,2026-08-18 14:00,56.24,53.28,2.96,YES,,,,,,,15m logic removed,,,,,WATCH,👀 WATCH,"Weekly RSI 72.49 > 50, but Hourly RSI has not touched 30 (current 56.24)"
2026-08-18 14:19:54,NSE:ALIVUS,1390.9,78.58,78.41,0.17,2026-08-18 14:00,56.45,59.17,-2.72,NO,,,,,,,15m logic removed,,,,,WATCH,👀 WATCH,"Weekly RSI 78.58 > 50, but Hourly RSI has not touched 30 (current 56.45)"
2026-08-18 14:19:55,NSE:ANANDRATHI,2190.8,75.53,74.94,0.6,2026-08-18 14:00,60.89,50.24,10.65,YES,,,,,,,15m logic removed,,,,,WATCH,👀 WATCH,"Weekly RSI 75.53 > 50, but Hourly RSI has not touched 30 (current 60.89)"
2026-08-18 14:19:56,NSE:APARINDS,17116.0,72.87,71.5,1.37,2026-08-18 14:00,58.96,42.37,16.59,YES,,,,,,,15m logic removed,,,,,WATCH,👀 WATCH,"Weekly RSI 72.87 > 50, but Hourly RSI has not touched 30 (current 58.96)"
2026-08-18 14:19:58,NSE:ASHOKLEY,176.81,56.45,54.11,2.34,2026-08-18 14:00,52.94,53.92,-0.97,NO,,,,,,,15m logic removed,,,,,WATCH,👀 WATCH,"Weekly RSI 56.45 > 50, but Hourly RSI has not touched 30 (current 52.94)"
2026-08-18 14:19:59,NSE:ASTRAMICRO,1746.8,68.0,67.72,0.28,2026-08-18 14:00,59.32,42.97,16.34,YES,,,,,,,15m logic removed,,,,,WATCH,👀 WATCH,"Weekly RSI 68.00 > 50, but Hourly RSI has not touched 30 (current 59.32)"
2026-08-18 14:20:00,NSE:ATHERENERG,1465.9,76.31,80.74,-4.43,2026-08-18 14:00,30.57,35.93,-5.37,NO,,,,,,,15m logic removed,,,,,WATCH,👀 WATCH,Weekly RSI 76.31 > 50 + Hourly RSI touched 30 + 15m price confirmation failed (Close 1466.7 <= Previous High 1467.5)
2026-08-18 14:20:02,NSE:AUROPHARMA,1636.2,67.99,67.08,0.91,2026-08-18 14:00,49.1,44.03,5.06,YES,,,,,,,15m logic removed,,,,,WATCH,👀 WATCH,"Weekly RSI 67.99 > 50, but Hourly RSI has not touched 30 (current 49.10)"
2026-08-18 14:20:04,NSE:BAJAJ-AUTO,11667.0,71.36,72.09,-0.72,2026-08-18 14:00,44.66,44.04,0.63,YES,,,,,,,15m logic removed,,,,,WATCH,👀 WATCH,"Weekly RSI 71.36 > 50, but Hourly RSI has not touched 30 (current 44.66)"
2026-08-18 14:20:05,NSE:BALRAMCHIN,655.1,73.87,70.01,3.86,2026-08-18 14:00,71.43,72.74,-1.31,NO,,,,,,,15m logic removed,,,,,WATCH,👀 WATCH,"Weekly RSI 73.87 > 50, but Hourly RSI has not touched 30 (current 71.43)"
2026-08-18 14:20:06,NSE:BDL,1392.0,54.14,54.59,-0.44,2026-08-18 14:00,64.65,59.46,5.19,YES,,,,,,,15m logic removed,,,,,WATCH,👀 WATCH,"Weekly RSI 54.14 > 50, but Hourly RSI has not touched 30 (current 64.65)"
2026-08-18 14:20:08,NSE:BHARATFORG,2090.3,58.68,57.47,1.21,2026-08-18 14:00,50.82,52.12,-1.3,NO,,,,,,,15m logic removed,,,,,WATCH,👀 WATCH,"Weekly RSI 58.68 > 50, but Hourly RSI has not touched 30 (current 50.82)"
2026-08-18 14:20:09,NSE:BHEL,426.7,66.36,65.48,0.88,2026-08-18 14:00,54.91,70.96,-16.05,NO,,,,,,,15m logic removed,,,,,WATCH,👀 WATCH,"Weekly RSI 66.36 > 50, but Hourly RSI has not touched 30 (current 54.91)"
2026-08-18 14:20:10,NSE:BOSCHLTD,48650.0,75.17,72.96,2.21,2026-08-18 14:00,77.42,60.0,17.42,YES,,,,,,,15m logic removed,,,,,WATCH,👀 WATCH,"Weekly RSI 75.17 > 50, but Hourly RSI has not touched 30 (current 77.42)"
2026-08-18 14:20:12,NSE:CAPLIPOINT,2536.1,67.35,65.36,1.99,2026-08-18 14:00,57.45,55.11,2.35,YES,,,,,,,15m logic removed,,,,,WATCH,👀 WATCH,"Weekly RSI 67.35 > 50, but Hourly RSI has not touched 30 (current 57.45)"
2026-08-18 14:20:13,NSE:CHENNPETRO,1419.6,74.3,69.87,4.43,2026-08-18 14:00,73.38,64.69,8.68,YES,,,,,,,15m logic removed,,,,,WATCH,👀 WATCH,"Weekly RSI 74.30 > 50, but Hourly RSI has not touched 30 (current 73.38)"
2026-08-18 14:20:14,NSE:COHANCE,455.6,51.28,48.61,2.67,2026-08-18 14:00,65.91,55.0,10.91,YES,,,,,,,15m logic removed,,,,,WATCH,👀 WATCH,"Weekly RSI 51.28 > 50, but Hourly RSI has not touched 30 (current 65.91)"
2026-08-18 14:20:16,NSE:CRAFTSMAN,10890.5,71.37,67.27,4.11,2026-08-18 14:00,73.27,56.49,16.78,YES,,,,,,,15m logic removed,,,,,WATCH,👀 WATCH,"Weekly RSI 71.37 > 50, but Hourly RSI has not touched 30 (current 73.27)"
2026-08-18 14:20:17,NSE:CYIENTDLM,741.2,86.31,84.24,2.07,2026-08-18 14:00,69.83,69.29,0.55,YES,,,,,,,15m logic removed,,,,,WATCH,👀 WATCH,"Weekly RSI 86.31 > 50, but Hourly RSI has not touched 30 (current 69.83)"
2026-08-18 14:20:19,NSE:DATAPATTNS,4685.6,63.65,60.33,3.32,2026-08-18 14:00,74.59,58.21,16.37,YES,,,,,,,15m logic removed,,,,,WATCH,👀 WATCH,"Weekly RSI 63.65 > 50, but Hourly RSI has not touched 30 (current 74.59)"
2026-08-18 14:20:20,NSE:DBCORP,211.0,47.33,47.65,-0.32,2026-08-18 14:00,44.81,51.47,-6.66,NO,,,,,,,15m logic removed,,,,,IGNORE,❌ IGNORE,Weekly RSI 47.33 <= 50
2026-08-18 14:20:21,NSE:DIVISLAB,8563.0,84.02,83.43,0.6,2026-08-18 14:00,59.42,49.68,9.74,YES,,,,,,,15m logic removed,,,,,WATCH,👀 WATCH,"Weekly RSI 84.02 > 50, but Hourly RSI has not touched 30 (current 59.42)"
2026-08-18 14:20:23,NSE:DYNAMATECH,11773.0,60.07,56.53,3.55,2026-08-18 14:00,77.51,56.51,21.0,YES,,,,,,,15m logic removed,,,,,WATCH,👀 WATCH,"Weekly RSI 60.07 > 50, but Hourly RSI has not touched 30 (current 77.51)"
2026-08-18 14:20:25,NSE:EICHERMOT,8095.0,64.99,64.56,0.43,2026-08-18 14:00,56.44,47.13,9.31,YES,,,,,,,15m logic removed,,,,,WATCH,👀 WATCH,"Weekly RSI 64.99 > 50, but Hourly RSI has not touched 30 (current 56.44)"
2026-08-18 14:20:26,NSE:ENRIN,3595.3,56.87,55.76,1.11,2026-08-18 14:00,57.64,62.01,-4.37,NO,,,,,,,15m logic removed,,,,,WATCH,👀 WATCH,"Weekly RSI 56.87 > 50, but Hourly RSI has not touched 30 (current 57.64)"
2026-08-18 14:20:27,NSE:EXIDEIND,466.1,68.83,72.73,-3.89,2026-08-18 14:00,29.84,41.47,-11.63,NO,,,,,,,15m logic removed,,,,,WATCH,👀 WATCH,Weekly RSI 68.83 > 50 + Hourly RSI touched 30 + 15m price confirmation failed (Close 466.4 <= Previous High 466.45)
2026-08-18 14:20:29,NSE:GLAND,2870.0,73.89,79.58,-5.69,2026-08-18 14:00,43.01,48.81,-5.8,NO,,,,,,,15m logic removed,,,,,WATCH,👀 WATCH,"Weekly RSI 73.89 > 50, but Hourly RSI has not touched 30 (current 43.01)"
2026-08-18 14:20:30,NSE:GRANULES,851.6,65.13,66.44,-1.31,2026-08-18 14:00,42.31,53.96,-11.65,NO,,,,,,,15m logic removed,,,,,WATCH,👀 WATCH,"Weekly RSI 65.13 > 50, but Hourly RSI has not touched 30 (current 42.31)"
2026-08-18 14:20:31,NSE:HAL,5110.7,68.9,67.39,1.51,2026-08-18 14:00,71.19,63.95,7.24,YES,,,,,,,15m logic removed,,,,,WATCH,👀 WATCH,"Weekly RSI 68.90 > 50, but Hourly RSI has not touched 30 (current 71.19)"
2026-08-18 14:20:33,NSE:HATHWAY,10.53,43.5,44.13,-0.63,2026-08-18 14:00,35.63,42.66,-7.03,NO,,,,,,,15m logic removed,,,,,IGNORE,❌ IGNORE,Weekly RSI 43.50 <= 50
2026-08-18 14:20:34,NSE:HEROMOTOCO,5741.5,62.34,63.8,-1.46,2026-08-18 14:00,40.32,40.81,-0.5,NO,,,,,,,15m logic removed,,,,,WATCH,👀 WATCH,"Weekly RSI 62.34 > 50, but Hourly RSI has not touched 30 (current 40.32)"
2026-08-18 14:20:36,NSE:HFCL,228.51,77.42,76.42,1.0,2026-08-18 14:00,63.08,43.81,19.27,YES,,,,,,,15m logic removed,,,,,WATCH,👀 WATCH,"Weekly RSI 77.42 > 50, but Hourly RSI has not touched 30 (current 63.08)"
2026-08-18 14:20:38,NSE:HONASA,476.85,69.52,79.49,-9.97,2026-08-18 14:00,42.38,45.33,-2.95,NO,,,,,,,15m logic removed,,,,,WATCH,👀 WATCH,"Weekly RSI 69.52 > 50, but Hourly RSI has not touched 30 (current 42.38)"
2026-08-18 14:20:39,NSE:HSCL,781.25,72.4,72.38,0.02,2026-08-18 14:00,54.0,57.99,-3.98,NO,,,,,,,15m logic removed,,,,,WATCH,👀 WATCH,"Weekly RSI 72.40 > 50, but Hourly RSI has not touched 30 (current 54.00)"
2026-08-18 14:20:40,NSE:IFCI,80.47,61.53,58.71,2.82,2026-08-18 14:00,71.04,64.85,6.18,YES,,,,,,,15m logic removed,,,,,WATCH,👀 WATCH,"Weekly RSI 61.53 > 50, but Hourly RSI has not touched 30 (current 71.04)"
2026-08-18 14:20:42,NSE:INOXINDIA,1959.8,73.48,72.82,0.66,2026-08-18 14:00,57.86,51.54,6.32,YES,,,,,,,15m logic removed,,,,,WATCH,👀 WATCH,"Weekly RSI 73.48 > 50, but Hourly RSI has not touched 30 (current 57.86)"
2026-08-18 14:20:43,NSE:IPCALAB,1888.7,65.84,57.98,7.87,2026-08-18 14:00,70.73,68.79,1.94,YES,,,,,,,15m logic removed,,,,,WATCH,👀 WATCH,"Weekly RSI 65.84 > 50, but Hourly RSI has not touched 30 (current 70.73)"
2026-08-18 14:20:45,NSE:J&KBANK,151.0,53.0,55.42,-2.42,2026-08-18 14:00,39.8,20.94,18.85,YES,,,,,,,15m logic removed,,,,,WATCH,👀 WATCH,Weekly RSI 53.00 > 50 + Hourly RSI touched 30 + 15m price confirmation failed (Close 151.04 <= Previous High 151.73)
2026-08-18 14:20:46,NSE:JINDALSAW,267.55,61.42,61.29,0.13,2026-08-18 14:00,47.65,58.05,-10.4,NO,,,,,,,15m logic removed,,,,,WATCH,👀 WATCH,"Weekly RSI 61.42 > 50, but Hourly RSI has not touched 30 (current 47.65)"
2026-08-18 14:20:48,NSE:KIRLOSENG,2126.5,59.76,58.99,0.77,2026-08-18 14:00,59.22,50.77,8.45,YES,,,,,,,15m logic removed,,,,,WATCH,👀 WATCH,"Weekly RSI 59.76 > 50, but Hourly RSI has not touched 30 (current 59.22)"
2026-08-18 14:20:49,NSE:LALPATHLAB,1900.6,70.92,72.68,-1.76,2026-08-18 14:00,41.36,19.65,21.72,YES,,,,,,,15m logic removed,,,,,WATCH,👀 WATCH,Weekly RSI 70.92 > 50 + Hourly RSI touched 30 + 15m price confirmation failed (Close 1901.6 <= Previous High 1903.9)
2026-08-18 14:20:50,NSE:LAURUSLABS,1821.4,80.59,79.62,0.97,2026-08-18 14:00,52.62,46.24,6.38,YES,,,,,,,15m logic removed,,,,,WATCH,👀 WATCH,"Weekly RSI 80.59 > 50, but Hourly RSI has not touched 30 (current 52.62)"
2026-08-18 14:20:52,NSE:LLOYDSME,1934.5,64.05,63.36,0.69,2026-08-18 14:00,48.71,50.05,-1.34,NO,,,,,,,15m logic removed,,,,,WATCH,👀 WATCH,"Weekly RSI 64.05 > 50, but Hourly RSI has not touched 30 (current 48.71)"
2026-08-18 14:20:53,NSE:M&M,3428.2,57.66,57.66,-0.0,2026-08-18 14:00,53.01,39.7,13.31,YES,,,,,,,15m logic removed,,,,,WATCH,👀 WATCH,"Weekly RSI 57.66 > 50, but Hourly RSI has not touched 30 (current 53.01)"
2026-08-18 14:20:55,NSE:MAZDOCK,2596.7,55.45,54.76,0.69,2026-08-18 14:00,62.41,52.67,9.74,YES,,,,,,,15m logic removed,,,,,WATCH,👀 WATCH,"Weekly RSI 55.45 > 50, but Hourly RSI has not touched 30 (current 62.41)"
2026-08-18 14:20:56,NSE:MIDHANI,435.05,59.36,55.61,3.75,2026-08-18 14:00,56.5,51.38,5.12,YES,,,,,,,15m logic removed,,,,,WATCH,👀 WATCH,"Weekly RSI 59.36 > 50, but Hourly RSI has not touched 30 (current 56.50)"
2026-08-18 14:20:58,NSE:MOTHERSON,169.89,74.76,74.11,0.65,2026-08-18 14:00,63.78,50.12,13.66,YES,,,,,,,15m logic removed,,,,,WATCH,👀 WATCH,"Weekly RSI 74.76 > 50, but Hourly RSI has not touched 30 (current 63.78)"
2026-08-18 14:20:59,NSE:MTARTECH,7179.5,61.14,60.33,0.81,2026-08-18 14:00,56.82,49.9,6.92,YES,,,,,,,15m logic removed,,,,,WATCH,👀 WATCH,"Weekly RSI 61.14 > 50, but Hourly RSI has not touched 30 (current 56.82)"
2026-08-18 14:21:00,NSE:NETWEB,5341.1,67.42,63.88,3.54,2026-08-18 14:00,74.05,66.61,7.44,YES,,,,,,,15m logic removed,,,,,WATCH,👀 WATCH,"Weekly RSI 67.42 > 50, but Hourly RSI has not touched 30 (current 74.05)"
2026-08-18 14:21:02,NSE:NETWORK18,28.47,35.28,36.45,-1.17,2026-08-18 14:00,36.51,52.52,-16.01,NO,,,,,,,15m logic removed,,,,,IGNORE,❌ IGNORE,Weekly RSI 35.28 <= 50
2026-08-18 14:21:03,NSE:NEULANDLAB,23344.0,77.53,77.48,0.05,2026-08-18 14:00,54.32,67.9,-13.58,NO,,,,,,,15m logic removed,,,,,WATCH,👀 WATCH,"Weekly RSI 77.53 > 50, but Hourly RSI has not touched 30 (current 54.32)"
2026-08-18 14:21:04,NSE:PARAS,1520.5,74.03,69.95,4.08,2026-08-18 14:00,87.36,69.69,17.67,YES,,,,,,,15m logic removed,,,,,WATCH,👀 WATCH,"Weekly RSI 74.03 > 50, but Hourly RSI has not touched 30 (current 87.36)"
2026-08-18 14:21:06,NSE:PFOCUS,286.25,56.77,52.7,4.07,2026-08-18 14:00,69.11,35.15,33.96,YES,,,,,,,15m logic removed,,,,,WATCH,👀 WATCH,"Weekly RSI 56.77 > 50, but Hourly RSI has not touched 30 (current 69.11)"
2026-08-18 14:21:07,NSE:POLYMED,1779.8,60.22,60.69,-0.47,2026-08-18 14:00,49.62,37.37,12.25,YES,,,,,,,15m logic removed,,,,,WATCH,👀 WATCH,"Weekly RSI 60.22 > 50, but Hourly RSI has not touched 30 (current 49.62)"
2026-08-18 14:21:09,NSE:POWERINDIA,35275.0,61.12,62.34,-1.22,2026-08-18 14:00,46.05,51.15,-5.1,NO,,,,,,,15m logic removed,,,,,WATCH,👀 WATCH,"Weekly RSI 61.12 > 50, but Hourly RSI has not touched 30 (current 46.05)"
2026-08-18 14:21:10,NSE:PPLPHARMA,209.96,70.03,68.8,1.23,2026-08-18 14:00,55.34,36.42,18.93,YES,,,,,,,15m logic removed,,,,,WATCH,👀 WATCH,"Weekly RSI 70.03 > 50, but Hourly RSI has not touched 30 (current 55.34)"
2026-08-18 14:21:11,NSE:PVRINOX,1199.4,70.43,68.44,1.99,2026-08-18 14:00,59.83,57.9,1.93,YES,,,,,,,15m logic removed,,,,,WATCH,👀 WATCH,"Weekly RSI 70.43 > 50, but Hourly RSI has not touched 30 (current 59.83)"
2026-08-18 14:21:13,NSE:RADICO,4721.7,87.32,86.65,0.67,2026-08-18 14:00,74.72,70.69,4.03,YES,,,,,,,15m logic removed,,,,,WATCH,👀 WATCH,"Weekly RSI 87.32 > 50, but Hourly RSI has not touched 30 (current 74.72)"
2026-08-18 14:21:14,NSE:RKFORGE,756.05,74.32,72.41,1.91,2026-08-18 14:00,67.73,65.72,2.0,YES,,,,,,,15m logic removed,,,,,WATCH,👀 WATCH,"Weekly RSI 74.32 > 50, but Hourly RSI has not touched 30 (current 67.73)"
2026-08-18 14:21:15,NSE:RRKABEL,2807.8,77.69,77.31,0.38,2026-08-18 14:00,58.94,44.81,14.13,YES,,,,,,,15m logic removed,,,,,WATCH,👀 WATCH,"Weekly RSI 77.69 > 50, but Hourly RSI has not touched 30 (current 58.94)"
2026-08-18 14:21:17,NSE:SAILIFE,1439.4,78.53,80.21,-1.69,2026-08-18 14:00,51.17,37.28,13.89,YES,,,,,,,15m logic removed,,,,,WATCH,👀 WATCH,"Weekly RSI 78.53 > 50, but Hourly RSI has not touched 30 (current 51.17)"
2026-08-18 14:21:19,NSE:SAREGAMA,516.85,69.5,73.51,-4.01,2026-08-18 14:00,42.74,45.51,-2.77,NO,,,,,,,15m logic removed,,,,,WATCH,👀 WATCH,"Weekly RSI 69.50 > 50, but Hourly RSI has not touched 30 (current 42.74)"
2026-08-18 14:21:20,NSE:SOLARINDS,20155.0,72.01,71.31,0.7,2026-08-18 14:00,64.75,61.19,3.56,YES,,,,,,,15m logic removed,,,,,WATCH,👀 WATCH,"Weekly RSI 72.01 > 50, but Hourly RSI has not touched 30 (current 64.75)"
2026-08-18 14:21:21,NSE:SONACOMS,823.8,78.56,76.36,2.21,2026-08-18 14:00,69.77,54.21,15.56,YES,,,,,,,15m logic removed,,,,,WATCH,👀 WATCH,"Weekly RSI 78.56 > 50, but Hourly RSI has not touched 30 (current 69.77)"
2026-08-18 14:21:23,NSE:SUNTV,482.7,38.75,39.09,-0.34,2026-08-18 14:00,42.86,51.97,-9.11,NO,,,,,,,15m logic removed,,,,,IGNORE,❌ IGNORE,Weekly RSI 38.75 <= 50
2026-08-18 14:21:24,NSE:SYRMA,1499.5,70.63,69.38,1.25,2026-08-18 14:00,59.99,50.95,9.04,YES,,,,,,,15m logic removed,,,,,WATCH,👀 WATCH,"Weekly RSI 70.63 > 50, but Hourly RSI has not touched 30 (current 59.99)"
2026-08-18 14:21:26,NSE:TIPSMUSIC,660.55,53.93,55.56,-1.63,2026-08-18 14:00,44.93,37.43,7.5,YES,,,,,,,15m logic removed,,,,,WATCH,👀 WATCH,"Weekly RSI 53.93 > 50, but Hourly RSI has not touched 30 (current 44.93)"
2026-08-18 14:21:27,NSE:TORNTPHARM,5007.5,65.0,61.07,3.94,2026-08-18 14:00,67.16,53.64,13.52,YES,,,,,,,15m logic removed,,,,,WATCH,👀 WATCH,"Weekly RSI 65.00 > 50, but Hourly RSI has not touched 30 (current 67.16)"
2026-08-18 14:21:28,NSE:TVSMOTOR,4361.9,68.23,67.22,1.01,2026-08-18 14:00,50.79,57.39,-6.6,NO,,,,,,,15m logic removed,,,,,WATCH,👀 WATCH,"Weekly RSI 68.23 > 50, but Hourly RSI has not touched 30 (current 50.79)"
2026-08-18 14:21:29,NSE:UNIMECH,1507.4,74.56,76.02,-1.47,2026-08-18 14:00,60.19,60.47,-0.28,NO,,,,,,,15m logic removed,,,,,WATCH,👀 WATCH,"Weekly RSI 74.56 > 50, but Hourly RSI has not touched 30 (current 60.19)"
2026-08-18 14:21:31,NSE:UNOMINDA,1274.1,61.09,58.5,2.59,2026-08-18 14:00,67.16,64.62,2.54,YES,,,,,,,15m logic removed,,,,,WATCH,👀 WATCH,"Weekly RSI 61.09 > 50, but Hourly RSI has not touched 30 (current 67.16)"
2026-08-18 14:21:32,NSE:VIJAYA,1508.3,71.2,69.58,1.61,2026-08-18 14:00,62.37,63.24,-0.86,NO,,,,,,,15m logic removed,,,,,WATCH,👀 WATCH,"Weekly RSI 71.20 > 50, but Hourly RSI has not touched 30 (current 62.37)"
2026-08-18 14:21:33,NSE:WELCORP,1900.0,88.89,88.47,0.43,2026-08-18 14:00,66.96,59.84,7.12,YES,,,,,,,15m logic removed,,,,,WATCH,👀 WATCH,"Weekly RSI 88.89 > 50, but Hourly RSI has not touched 30 (current 66.96)"
2026-08-18 14:21:35,NSE:WOCKPHARMA,1859.5,56.59,60.66,-4.07,2026-08-18 14:00,32.24,42.6,-10.36,NO,,,,,,,15m logic removed,,,,,WATCH,👀 WATCH,"Weekly RSI 56.59 > 50, but Hourly RSI has not touched 30 (current 32.24)"
2026-08-18 14:21:36,NSE:ZEEL,105.45,53.68,51.98,1.7,2026-08-18 14:00,69.91,68.7,1.22,YES,,,,,,,15m logic removed,,,,,WATCH,👀 WATCH,"Weekly RSI 53.68 > 50, but Hourly RSI has not touched 30 (current 69.91)"
2026-08-18 14:21:37,NSE:ZENTEC,1996.9,63.56,58.95,4.61,2026-08-18 14:00,83.97,63.11,20.86,YES,,,,,,,15m logic removed,,,,,WATCH,👀 WATCH,"Weekly RSI 63.56 > 50, but Hourly RSI has not touched 30 (current 83.97)"
2026-08-18 14:21:39,KPITTECH,599.8,34.55,35.68,-1.13,2026-08-18 14:00,30.5,40.85,-10.34,NO,,,,,,,15m logic removed,,,,,IGNORE,❌ IGNORE,Weekly RSI 34.55 <= 50
2026-08-18 14:21:40,PARAS,1526.0,74.16,69.95,4.21,2026-08-18 14:00,87.65,69.69,17.96,YES,,,,,,,15m logic removed,,,,,WATCH,👀 WATCH,"Weekly RSI 74.16 > 50, but Hourly RSI has not touched 30 (current 87.65)"
2026-08-18 14:21:41,KALYANKJIL,604.0,70.89,71.82,-0.93,2026-08-18 14:00,44.69,51.96,-7.27,NO,,,,,,,15m logic removed,,,,,WATCH,👀 WATCH,"Weekly RSI 70.89 > 50, but Hourly RSI has not touched 30 (current 44.69)"
2026-08-18 14:21:43,CYIENTDLM,740.85,86.3,84.24,2.06,2026-08-18 14:00,69.68,69.29,0.39,YES,,,,,,,15m logic removed,,,,,WATCH,👀 WATCH,"Weekly RSI 86.30 > 50, but Hourly RSI has not touched 30 (current 69.68)"
2026-08-18 14:21:44,UNIMECH,1507.4,74.56,76.02,-1.47,2026-08-18 14:00,60.19,60.47,-0.28,NO,,,,,,,15m logic removed,,,,,WATCH,👀 WATCH,"Weekly RSI 74.56 > 50, but Hourly RSI has not touched 30 (current 60.19)"
2026-08-18 14:21:45,SYRMA,1499.1,70.62,69.38,1.24,2026-08-18 14:00,59.88,50.95,8.93,YES,,,,,,,15m logic removed,,,,,WATCH,👀 WATCH,"Weekly RSI 70.62 > 50, but Hourly RSI has not touched 30 (current 59.88)"
2026-08-18 14:21:46,HFCL,228.7,77.45,76.42,1.03,2026-08-18 14:00,63.33,43.81,19.52,YES,,,,,,,15m logic removed,,,,,WATCH,👀 WATCH,"Weekly RSI 77.45 > 50, but Hourly RSI has not touched 30 (current 63.33)"
2026-08-18 14:21:47,WELCORP,1900.0,88.89,88.47,0.43,2026-08-18 14:00,66.96,59.84,7.12,YES,,,,,,,15m logic removed,,,,,WATCH,👀 WATCH,"Weekly RSI 88.89 > 50, but Hourly RSI has not touched 30 (current 66.96)"
2026-08-18 14:21:49,TBOTEK,1697.6,67.65,64.85,2.8,2026-08-18 14:00,69.73,71.12,-1.39,NO,,,,,,,15m logic removed,,,,,WATCH,👀 WATCH,"Weekly RSI 67.65 > 50, but Hourly RSI has not touched 30 (current 69.73)"
2026-08-18 14:21:50,NAUKRI,1361.1,71.21,70.25,0.97,2026-08-18 14:00,59.24,56.44,2.79,YES,,,,,,,15m logic removed,,,,,WATCH,👀 WATCH,"Weekly RSI 71.21 > 50, but Hourly RSI has not touched 30 (current 59.24)"
2026-08-18 14:21:51,AKUMS,746.6,72.47,70.82,1.65,2026-08-18 14:00,56.03,53.28,2.75,YES,,,,,,,15m logic removed,,,,,WATCH,👀 WATCH,"Weekly RSI 72.47 > 50, but Hourly RSI has not touched 30 (current 56.03)"
2026-08-18 14:49:33,NSE:LGEINDIA,1650.9,54.94,60.65,-5.72,2026-08-18 14:00,50.87,55.5,-4.63,NO,,,,,,,15m logic removed,,,,,WATCH,👀 WATCH,"Weekly RSI 54.94 > 50, but Hourly RSI has not touched 30 (current 50.87)"
2026-08-18 14:49:34,NSE:ASTRAL,1522.5,51.97,54.81,-2.84,2026-08-18 14:00,45.2,54.86,-9.65,NO,,,,,,,15m logic removed,,,,,WATCH,👀 WATCH,"Weekly RSI 51.97 > 50, but Hourly RSI has not touched 30 (current 45.20)"
2026-08-18 14:49:35,NSE:FINCABLES,1329.0,69.22,65.92,3.3,2026-08-18 14:00,75.87,73.98,1.89,YES,,,,,,,15m logic removed,,,,,WATCH,👀 WATCH,"Weekly RSI 69.22 > 50, but Hourly RSI has not touched 30 (current 75.87)"
2026-08-18 14:49:37,NSE:GODREJAGRO,591.0,52.52,50.07,2.45,2026-08-18 14:00,70.65,74.36,-3.71,NO,,,,,,,15m logic removed,,,,,WATCH,👀 WATCH,"Weekly RSI 52.52 > 50, but Hourly RSI has not touched 30 (current 70.65)"
2026-08-18 14:49:38,NSE:HAPPSTMNDS,421.45,57.79,57.5,0.29,2026-08-18 14:00,59.36,66.54,-7.18,NO,,,,,,,15m logic removed,,,,,WATCH,👀 WATCH,"Weekly RSI 57.79 > 50, but Hourly RSI has not touched 30 (current 59.36)"
2026-08-18 14:49:40,NSE:NAZARA,355.6,72.58,72.74,-0.16,2026-08-18 14:00,54.16,36.05,18.12,YES,,,,,,,15m logic removed,,,,,WATCH,👀 WATCH,"Weekly RSI 72.58 > 50, but Hourly RSI has not touched 30 (current 54.16)"
2026-08-18 14:49:41,NSE:OFSS,11758.0,67.16,68.0,-0.84,2026-08-18 14:00,52.65,55.31,-2.66,NO,,,,,,,15m logic removed,,,,,WATCH,👀 WATCH,"Weekly RSI 67.16 > 50, but Hourly RSI has not touched 30 (current 52.65)"
2026-08-18 14:49:43,NSE:REDINGTON,326.25,62.73,64.98,-2.25,2026-08-18 14:00,27.08,36.71,-9.63,NO,,,,,,,15m logic removed,,,,,WATCH,👀 WATCH,Weekly RSI 62.73 > 50 + Hourly RSI touched 30 + 15m price confirmation failed (Close 326.2 <= Previous High 327.95)
2026-08-18 14:49:44,NSE:ABB,7574.0,61.91,63.4,-1.49,2026-08-18 14:00,36.0,46.3,-10.31,NO,,,,,,,15m logic removed,,,,,WATCH,👀 WATCH,"Weekly RSI 61.91 > 50, but Hourly RSI has not touched 30 (current 36.00)"
2026-08-18 14:49:45,NSE:ACMESOLAR,368.3,63.53,65.76,-2.22,2026-08-18 14:00,46.28,36.88,9.4,YES,,,,,,,15m logic removed,,,,,WATCH,👀 WATCH,"Weekly RSI 63.53 > 50, but Hourly RSI has not touched 30 (current 46.28)"
2026-08-18 14:49:47,NSE:ADANIENSOL,1604.8,65.01,66.1,-1.08,2026-08-18 14:00,51.97,42.84,9.14,YES,,,,,,,15m logic removed,,,,,WATCH,👀 WATCH,"Weekly RSI 65.01 > 50, but Hourly RSI has not touched 30 (current 51.97)"
2026-08-18 14:49:48,NSE:AEGISLOG,1347.9,69.73,66.7,3.03,2026-08-18 14:00,73.6,53.03,20.57,YES,,,,,,,15m logic removed,,,,,WATCH,👀 WATCH,"Weekly RSI 69.73 > 50, but Hourly RSI has not touched 30 (current 73.60)"
2026-08-18 14:49:49,NSE:AJANTPHARM,3712.4,75.24,74.36,0.88,2026-08-18 14:00,72.81,78.51,-5.7,NO,,,,,,,15m logic removed,,,,,WATCH,👀 WATCH,"Weekly RSI 75.24 > 50, but Hourly RSI has not touched 30 (current 72.81)"
2026-08-18 14:49:51,NSE:AKUMS,747.1,72.51,70.82,1.69,2026-08-18 14:00,56.38,53.28,3.1,YES,,,,,,,15m logic removed,,,,,WATCH,👀 WATCH,"Weekly RSI 72.51 > 50, but Hourly RSI has not touched 30 (current 56.38)"
2026-08-18 14:49:52,NSE:ALIVUS,1390.6,78.57,78.41,0.16,2026-08-18 14:00,56.26,59.17,-2.91,NO,,,,,,,15m logic removed,,,,,WATCH,👀 WATCH,"Weekly RSI 78.57 > 50, but Hourly RSI has not touched 30 (current 56.26)"
2026-08-18 14:49:53,NSE:ANANDRATHI,2194.8,75.68,74.94,0.74,2026-08-18 14:00,62.74,50.24,12.5,YES,,,,,,,15m logic removed,,,,,WATCH,👀 WATCH,"Weekly RSI 75.68 > 50, but Hourly RSI has not touched 30 (current 62.74)"
2026-08-18 14:49:55,NSE:APARINDS,17220.0,73.19,71.5,1.69,2026-08-18 14:00,61.1,42.37,18.73,YES,,,,,,,15m logic removed,,,,,WATCH,👀 WATCH,"Weekly RSI 73.19 > 50, but Hourly RSI has not touched 30 (current 61.10)"
2026-08-18 14:49:56,NSE:ASHOKLEY,177.0,56.54,54.11,2.42,2026-08-18 14:00,53.58,53.92,-0.34,NO,,,,,,,15m logic removed,,,,,WATCH,👀 WATCH,"Weekly RSI 56.54 > 50, but Hourly RSI has not touched 30 (current 53.58)"
2026-08-18 14:49:57,NSE:ASTRAMICRO,1751.0,68.16,67.72,0.43,2026-08-18 14:00,60.46,42.97,17.48,YES,,,,,,,15m logic removed,,,,,WATCH,👀 WATCH,"Weekly RSI 68.16 > 50, but Hourly RSI has not touched 30 (current 60.46)"
2026-08-18 14:49:59,NSE:ATHERENERG,1465.8,76.3,80.74,-4.43,2026-08-18 14:00,30.54,35.93,-5.39,NO,,,,,,,15m logic removed,,,,,WATCH,👀 WATCH,Weekly RSI 76.30 > 50 + Hourly RSI touched 30 + 15m price confirmation failed (Close 1466.4 <= Previous High 1467.2)
2026-08-18 14:50:01,NSE:AUROPHARMA,1636.0,67.98,67.08,0.89,2026-08-18 14:00,48.99,44.03,4.96,YES,,,,,,,15m logic removed,,,,,WATCH,👀 WATCH,"Weekly RSI 67.98 > 50, but Hourly RSI has not touched 30 (current 48.99)"
2026-08-18 14:50:02,NSE:BAJAJ-AUTO,11644.0,70.87,72.09,-1.22,2026-08-18 14:00,41.79,44.04,-2.25,NO,,,,,,,15m logic removed,,,,,WATCH,👀 WATCH,"Weekly RSI 70.87 > 50, but Hourly RSI has not touched 30 (current 41.79)"
2026-08-18 14:50:03,NSE:BALRAMCHIN,656.55,74.03,70.01,4.02,2026-08-18 14:00,73.04,72.74,0.3,YES,,,,,,,15m logic removed,,,,,WATCH,👀 WATCH,"Weekly RSI 74.03 > 50, but Hourly RSI has not touched 30 (current 73.04)"
2026-08-18 14:50:05,NSE:BDL,1395.0,54.36,54.59,-0.22,2026-08-18 14:00,65.75,59.46,6.28,YES,,,,,,,15m logic removed,,,,,WATCH,👀 WATCH,"Weekly RSI 54.36 > 50, but Hourly RSI has not touched 30 (current 65.75)"
2026-08-18 14:50:06,NSE:BHARATFORG,2090.2,58.68,57.47,1.21,2026-08-18 14:00,50.78,52.12,-1.34,NO,,,,,,,15m logic removed,,,,,WATCH,👀 WATCH,"Weekly RSI 58.68 > 50, but Hourly RSI has not touched 30 (current 50.78)"
2026-08-18 14:50:08,NSE:BHEL,426.6,66.35,65.48,0.87,2026-08-18 14:00,54.78,70.96,-16.18,NO,,,,,,,15m logic removed,,,,,WATCH,👀 WATCH,"Weekly RSI 66.35 > 50, but Hourly RSI has not touched 30 (current 54.78)"
2026-08-18 14:50:09,NSE:BOSCHLTD,48810.0,75.38,72.96,2.42,2026-08-18 14:00,78.32,60.0,18.32,YES,,,,,,,15m logic removed,,,,,WATCH,👀 WATCH,"Weekly RSI 75.38 > 50, but Hourly RSI has not touched 30 (current 78.32)"
2026-08-18 14:50:11,NSE:CAPLIPOINT,2534.8,67.31,65.36,1.95,2026-08-18 14:00,57.19,55.11,2.08,YES,,,,,,,15m logic removed,,,,,WATCH,👀 WATCH,"Weekly RSI 67.31 > 50, but Hourly RSI has not touched 30 (current 57.19)"
2026-08-18 14:50:12,NSE:CHENNPETRO,1402.1,73.6,69.87,3.73,2026-08-18 14:00,69.93,64.69,5.24,YES,,,,,,,15m logic removed,,,,,WATCH,👀 WATCH,"Weekly RSI 73.60 > 50, but Hourly RSI has not touched 30 (current 69.93)"
2026-08-18 14:50:14,NSE:COHANCE,458.2,51.71,48.61,3.11,2026-08-18 14:00,68.24,55.0,13.23,YES,,,,,,,15m logic removed,,,,,WATCH,👀 WATCH,"Weekly RSI 51.71 > 50, but Hourly RSI has not touched 30 (current 68.24)"
2026-08-18 14:50:15,NSE:CRAFTSMAN,10910.0,71.48,67.27,4.21,2026-08-18 14:00,73.76,56.49,17.26,YES,,,,,,,15m logic removed,,,,,WATCH,👀 WATCH,"Weekly RSI 71.48 > 50, but Hourly RSI has not touched 30 (current 73.76)"
2026-08-18 14:50:17,NSE:CYIENTDLM,737.75,86.17,84.24,1.93,2026-08-18 14:00,67.02,69.29,-2.27,NO,,,,,,,15m logic removed,,,,,WATCH,👀 WATCH,"Weekly RSI 86.17 > 50, but Hourly RSI has not touched 30 (current 67.02)"
2026-08-18 14:50:18,NSE:DATAPATTNS,4696.9,63.8,60.33,3.47,2026-08-18 14:00,75.31,58.21,17.1,YES,,,,,,,15m logic removed,,,,,WATCH,👀 WATCH,"Weekly RSI 63.80 > 50, but Hourly RSI has not touched 30 (current 75.31)"
2026-08-18 14:50:20,NSE:DBCORP,210.51,47.0,47.65,-0.65,2026-08-18 14:00,42.14,51.47,-9.34,NO,,,,,,,15m logic removed,,,,,IGNORE,❌ IGNORE,Weekly RSI 47.00 <= 50
2026-08-18 14:50:21,NSE:DIVISLAB,8573.5,84.09,83.43,0.67,2026-08-18 14:00,60.4,49.68,10.72,YES,,,,,,,15m logic removed,,,,,WATCH,👀 WATCH,"Weekly RSI 84.09 > 50, but Hourly RSI has not touched 30 (current 60.40)"
2026-08-18 14:50:23,NSE:DYNAMATECH,11762.0,60.01,56.53,3.48,2026-08-18 14:00,77.32,56.51,20.81,YES,,,,,,,15m logic removed,,,,,WATCH,👀 WATCH,"Weekly RSI 60.01 > 50, but Hourly RSI has not touched 30 (current 77.32)"
2026-08-18 14:50:24,NSE:EICHERMOT,8079.5,64.76,64.56,0.2,2026-08-18 14:00,53.63,47.13,6.5,YES,,,,,,,15m logic removed,,,,,WATCH,👀 WATCH,"Weekly RSI 64.76 > 50, but Hourly RSI has not touched 30 (current 53.63)"
2026-08-18 14:50:25,NSE:ENRIN,3598.9,56.94,55.76,1.18,2026-08-18 14:00,58.54,62.01,-3.47,NO,,,,,,,15m logic removed,,,,,WATCH,👀 WATCH,"Weekly RSI 56.94 > 50, but Hourly RSI has not touched 30 (current 58.54)"
2026-08-18 14:50:27,NSE:EXIDEIND,466.2,68.87,72.73,-3.86,2026-08-18 14:00,29.93,41.47,-11.54,NO,,,,,,,15m logic removed,,,,,WATCH,👀 WATCH,Weekly RSI 68.87 > 50 + Hourly RSI touched 30 + 15m price confirmation failed (Close 465.55 <= Previous High 466.85)
2026-08-18 14:50:28,NSE:GLAND,2862.6,73.5,79.58,-6.08,2026-08-18 14:00,41.86,48.81,-6.95,NO,,,,,,,15m logic removed,,,,,WATCH,👀 WATCH,"Weekly RSI 73.50 > 50, but Hourly RSI has not touched 30 (current 41.86)"
2026-08-18 14:50:30,NSE:GRANULES,851.55,65.12,66.44,-1.32,2026-08-18 14:00,42.26,53.96,-11.7,NO,,,,,,,15m logic removed,,,,,WATCH,👀 WATCH,"Weekly RSI 65.12 > 50, but Hourly RSI has not touched 30 (current 42.26)"
2026-08-18 14:50:32,NSE:GRSE,2678.3,52.93,50.26,2.67,2026-08-18 14:00,70.89,46.32,24.57,YES,,,,,,,15m logic removed,,,,,WATCH,👀 WATCH,"Weekly RSI 52.93 > 50, but Hourly RSI has not touched 30 (current 70.89)"
2026-08-18 14:50:33,NSE:HAL,5094.4,68.61,67.39,1.22,2026-08-18 14:00,69.25,63.95,5.3,YES,,,,,,,15m logic removed,,,,,WATCH,👀 WATCH,"Weekly RSI 68.61 > 50, but Hourly RSI has not touched 30 (current 69.25)"
2026-08-18 14:50:35,NSE:HATHWAY,10.53,43.5,44.13,-0.63,2026-08-18 14:00,35.63,42.66,-7.03,NO,,,,,,,15m logic removed,,,,,IGNORE,❌ IGNORE,Weekly RSI 43.50 <= 50
2026-08-18 14:50:36,NSE:HEROMOTOCO,5729.0,61.97,63.8,-1.83,2026-08-18 14:00,38.64,40.81,-2.18,NO,,,,,,,15m logic removed,,,,,WATCH,👀 WATCH,"Weekly RSI 61.97 > 50, but Hourly RSI has not touched 30 (current 38.64)"
2026-08-18 14:50:38,NSE:HFCL,229.14,77.53,76.42,1.11,2026-08-18 14:00,63.9,43.81,20.09,YES,,,,,,,15m logic removed,,,,,WATCH,👀 WATCH,"Weekly RSI 77.53 > 50, but Hourly RSI has not touched 30 (current 63.90)"
2026-08-18 14:50:39,NSE:HONASA,474.25,68.66,79.49,-10.83,2026-08-18 14:00,40.22,45.33,-5.1,NO,,,,,,,15m logic removed,,,,,WATCH,👀 WATCH,"Weekly RSI 68.66 > 50, but Hourly RSI has not touched 30 (current 40.22)"
2026-08-18 14:50:41,NSE:HSCL,778.4,71.82,72.38,-0.57,2026-08-18 14:00,50.41,57.99,-7.57,NO,,,,,,,15m logic removed,,,,,WATCH,👀 WATCH,"Weekly RSI 71.82 > 50, but Hourly RSI has not touched 30 (current 50.41)"
2026-08-18 14:50:42,NSE:IFCI,81.38,62.19,58.71,3.48,2026-08-18 14:00,73.83,64.85,8.98,YES,,,,,,,15m logic removed,,,,,WATCH,👀 WATCH,"Weekly RSI 62.19 > 50, but Hourly RSI has not touched 30 (current 73.83)"
2026-08-18 14:50:43,NSE:INOXINDIA,1958.3,73.42,72.82,0.6,2026-08-18 14:00,57.21,51.54,5.66,YES,,,,,,,15m logic removed,,,,,WATCH,👀 WATCH,"Weekly RSI 73.42 > 50, but Hourly RSI has not touched 30 (current 57.21)"
2026-08-18 14:50:45,NSE:IPCALAB,1889.7,65.88,57.98,7.91,2026-08-18 14:00,70.87,68.79,2.08,YES,,,,,,,15m logic removed,,,,,WATCH,👀 WATCH,"Weekly RSI 65.88 > 50, but Hourly RSI has not touched 30 (current 70.87)"
2026-08-18 14:50:46,NSE:J&KBANK,151.32,53.17,55.42,-2.25,2026-08-18 14:00,41.39,20.94,20.45,YES,,,,,,,15m logic removed,,,,,WATCH,👀 WATCH,Weekly RSI 53.17 > 50 + Hourly RSI touched 30 + 15m price confirmation failed (Close 151.28 <= Previous High 151.4)
2026-08-18 14:50:48,NSE:JINDALSAW,266.8,61.15,61.29,-0.14,2026-08-18 14:00,45.67,58.05,-12.38,NO,,,,,,,15m logic removed,,,,,WATCH,👀 WATCH,"Weekly RSI 61.15 > 50, but Hourly RSI has not touched 30 (current 45.67)"
2026-08-18 14:50:50,NSE:KIRLOSENG,2125.0,59.71,58.99,0.72,2026-08-18 14:00,58.85,50.77,8.08,YES,,,,,,,15m logic removed,,,,,WATCH,👀 WATCH,"Weekly RSI 59.71 > 50, but Hourly RSI has not touched 30 (current 58.85)"
2026-08-18 14:50:51,NSE:LALPATHLAB,1896.7,70.5,72.68,-2.18,2026-08-18 14:00,39.12,19.65,19.47,YES,,,,,,,15m logic removed,,,,,WATCH,👀 WATCH,Weekly RSI 70.50 > 50 + Hourly RSI touched 30 + 15m price confirmation failed (Close 1896.9 <= Previous High 1902.0)
2026-08-18 14:50:52,NSE:LAURUSLABS,1821.9,80.6,79.62,0.98,2026-08-18 14:00,52.86,46.24,6.62,YES,,,,,,,15m logic removed,,,,,WATCH,👀 WATCH,"Weekly RSI 80.60 > 50, but Hourly RSI has not touched 30 (current 52.86)"
2026-08-18 14:50:54,NSE:LLOYDSME,1939.0,64.24,63.36,0.88,2026-08-18 14:00,51.12,50.05,1.08,YES,,,,,,,15m logic removed,,,,,WATCH,👀 WATCH,"Weekly RSI 64.24 > 50, but Hourly RSI has not touched 30 (current 51.12)"
2026-08-18 14:50:55,NSE:M&M,3421.7,57.34,57.66,-0.33,2026-08-18 14:00,51.16,39.7,11.46,YES,,,,,,,15m logic removed,,,,,WATCH,👀 WATCH,"Weekly RSI 57.34 > 50, but Hourly RSI has not touched 30 (current 51.16)"
2026-08-18 14:50:56,NSE:MAZDOCK,2586.9,55.04,54.76,0.29,2026-08-18 14:00,59.37,52.67,6.71,YES,,,,,,,15m logic removed,,,,,WATCH,👀 WATCH,"Weekly RSI 55.04 > 50, but Hourly RSI has not touched 30 (current 59.37)"
2026-08-18 14:50:58,NSE:MIDHANI,436.35,59.61,55.61,4.0,2026-08-18 14:00,57.34,51.38,5.96,YES,,,,,,,15m logic removed,,,,,WATCH,👀 WATCH,"Weekly RSI 59.61 > 50, but Hourly RSI has not touched 30 (current 57.34)"
2026-08-18 14:50:59,NSE:MOTHERSON,170.0,74.8,74.11,0.69,2026-08-18 14:00,64.37,50.12,14.25,YES,,,,,,,15m logic removed,,,,,WATCH,👀 WATCH,"Weekly RSI 74.80 > 50, but Hourly RSI has not touched 30 (current 64.37)"
2026-08-18 14:51:01,NSE:MTARTECH,7171.0,61.09,60.33,0.76,2026-08-18 14:00,56.33,49.9,6.43,YES,,,,,,,15m logic removed,,,,,WATCH,👀 WATCH,"Weekly RSI 61.09 > 50, but Hourly RSI has not touched 30 (current 56.33)"
2026-08-18 14:51:02,NSE:NETWEB,5342.5,67.43,63.88,3.55,2026-08-18 14:00,74.12,66.61,7.51,YES,,,,,,,15m logic removed,,,,,WATCH,👀 WATCH,"Weekly RSI 67.43 > 50, but Hourly RSI has not touched 30 (current 74.12)"
2026-08-18 14:51:04,NSE:NETWORK18,28.56,35.47,36.45,-0.98,2026-08-18 14:00,38.17,52.52,-14.35,NO,,,,,,,15m logic removed,,,,,IGNORE,❌ IGNORE,Weekly RSI 35.47 <= 50
2026-08-18 14:51:05,NSE:NEULANDLAB,23295.0,77.3,77.48,-0.18,2026-08-18 14:00,52.63,67.9,-15.26,NO,,,,,,,15m logic removed,,,,,WATCH,👀 WATCH,"Weekly RSI 77.30 > 50, but Hourly RSI has not touched 30 (current 52.63)"
2026-08-18 14:51:07,NSE:PARAS,1527.3,74.19,69.95,4.24,2026-08-18 14:00,87.72,69.69,18.03,YES,,,,,,,15m logic removed,,,,,WATCH,👀 WATCH,"Weekly RSI 74.19 > 50, but Hourly RSI has not touched 30 (current 87.72)"
2026-08-18 14:51:08,NSE:PFOCUS,287.35,57.01,52.7,4.31,2026-08-18 14:00,69.99,35.15,34.84,YES,,,,,,,15m logic removed,,,,,WATCH,👀 WATCH,"Weekly RSI 57.01 > 50, but Hourly RSI has not touched 30 (current 69.99)"
2026-08-18 14:51:10,NSE:POLYMED,1784.1,60.54,60.69,-0.15,2026-08-18 14:00,50.69,37.37,13.32,YES,,,,,,,15m logic removed,,,,,WATCH,👀 WATCH,"Weekly RSI 60.54 > 50, but Hourly RSI has not touched 30 (current 50.69)"
2026-08-18 14:51:11,NSE:POWERINDIA,35350.0,61.33,62.34,-1.01,2026-08-18 14:00,48.1,51.15,-3.05,NO,,,,,,,15m logic removed,,,,,WATCH,👀 WATCH,"Weekly RSI 61.33 > 50, but Hourly RSI has not touched 30 (current 48.10)"
2026-08-18 14:51:13,NSE:PPLPHARMA,210.2,70.12,68.8,1.32,2026-08-18 14:00,55.95,36.42,19.53,YES,,,,,,,15m logic removed,,,,,WATCH,👀 WATCH,"Weekly RSI 70.12 > 50, but Hourly RSI has not touched 30 (current 55.95)"
2026-08-18 14:51:15,NSE:PVRINOX,1203.3,70.71,68.44,2.27,2026-08-18 14:00,61.44,57.9,3.54,YES,,,,,,,15m logic removed,,,,,WATCH,👀 WATCH,"Weekly RSI 70.71 > 50, but Hourly RSI has not touched 30 (current 61.44)"
2026-08-18 14:51:16,NSE:RADICO,4709.1,87.21,86.65,0.55,2026-08-18 14:00,73.07,70.69,2.38,YES,,,,,,,15m logic removed,,,,,WATCH,👀 WATCH,"Weekly RSI 87.21 > 50, but Hourly RSI has not touched 30 (current 73.07)"
2026-08-18 14:51:18,NSE:RKFORGE,755.35,74.26,72.41,1.85,2026-08-18 14:00,67.19,65.72,1.47,YES,,,,,,,15m logic removed,,,,,WATCH,👀 WATCH,"Weekly RSI 74.26 > 50, but Hourly RSI has not touched 30 (current 67.19)"
2026-08-18 14:51:19,NSE:RRKABEL,2779.7,76.97,77.31,-0.34,2026-08-18 14:00,52.17,44.81,7.35,YES,,,,,,,15m logic removed,,,,,WATCH,👀 WATCH,"Weekly RSI 76.97 > 50, but Hourly RSI has not touched 30 (current 52.17)"
2026-08-18 14:51:20,NSE:SAILIFE,1434.8,77.81,80.21,-2.4,2026-08-18 14:00,48.47,37.28,11.19,YES,,,,,,,15m logic removed,,,,,WATCH,👀 WATCH,"Weekly RSI 77.81 > 50, but Hourly RSI has not touched 30 (current 48.47)"
2026-08-18 14:51:22,NSE:SAREGAMA,514.8,68.76,73.51,-4.75,2026-08-18 14:00,41.16,45.51,-4.35,NO,,,,,,,15m logic removed,,,,,WATCH,👀 WATCH,"Weekly RSI 68.76 > 50, but Hourly RSI has not touched 30 (current 41.16)"
2026-08-18 14:51:23,NSE:SOLARINDS,20190.0,72.14,71.31,0.83,2026-08-18 14:00,65.47,61.19,4.27,YES,,,,,,,15m logic removed,,,,,WATCH,👀 WATCH,"Weekly RSI 72.14 > 50, but Hourly RSI has not touched 30 (current 65.47)"
2026-08-18 14:51:25,NSE:SONACOMS,822.7,78.49,76.36,2.14,2026-08-18 14:00,69.15,54.21,14.94,YES,,,,,,,15m logic removed,,,,,WATCH,👀 WATCH,"Weekly RSI 78.49 > 50, but Hourly RSI has not touched 30 (current 69.15)"
2026-08-18 14:51:27,NSE:SUNTV,483.55,38.9,39.09,-0.19,2026-08-18 14:00,43.99,51.97,-7.98,NO,,,,,,,15m logic removed,,,,,IGNORE,❌ IGNORE,Weekly RSI 38.90 <= 50
2026-08-18 14:51:28,NSE:SYRMA,1498.6,70.6,69.38,1.22,2026-08-18 14:00,59.75,50.95,8.8,YES,,,,,,,15m logic removed,,,,,WATCH,👀 WATCH,"Weekly RSI 70.60 > 50, but Hourly RSI has not touched 30 (current 59.75)"
2026-08-18 14:51:30,NSE:TIPSMUSIC,655.6,53.18,55.56,-2.38,2026-08-18 14:00,37.52,37.43,0.09,YES,,,,,,,15m logic removed,,,,,WATCH,👀 WATCH,"Weekly RSI 53.18 > 50, but Hourly RSI has not touched 30 (current 37.52)"
2026-08-18 14:51:31,NSE:TORNTPHARM,4995.0,64.75,61.07,3.68,2026-08-18 14:00,66.0,53.64,12.37,YES,,,,,,,15m logic removed,,,,,WATCH,👀 WATCH,"Weekly RSI 64.75 > 50, but Hourly RSI has not touched 30 (current 66.00)"
2026-08-18 14:51:32,NSE:TVSMOTOR,4347.9,67.98,67.22,0.76,2026-08-18 14:00,47.6,57.39,-9.79,NO,,,,,,,15m logic removed,,,,,WATCH,👀 WATCH,"Weekly RSI 67.98 > 50, but Hourly RSI has not touched 30 (current 47.60)"
2026-08-18 14:51:34,NSE:UNIMECH,1508.3,74.64,76.02,-1.38,2026-08-18 14:00,60.56,60.47,0.09,YES,,,,,,,15m logic removed,,,,,WATCH,👀 WATCH,"Weekly RSI 74.64 > 50, but Hourly RSI has not touched 30 (current 60.56)"
2026-08-18 14:51:35,NSE:UNOMINDA,1276.6,61.27,58.5,2.76,2026-08-18 14:00,68.5,64.62,3.88,YES,,,,,,,15m logic removed,,,,,WATCH,👀 WATCH,"Weekly RSI 61.27 > 50, but Hourly RSI has not touched 30 (current 68.50)"
2026-08-18 14:51:37,NSE:VIJAYA,1511.6,71.34,69.58,1.76,2026-08-18 14:00,63.71,63.24,0.47,YES,,,,,,,15m logic removed,,,,,WATCH,👀 WATCH,"Weekly RSI 71.34 > 50, but Hourly RSI has not touched 30 (current 63.71)"
2026-08-18 14:51:38,NSE:WELCORP,1912.1,89.08,88.47,0.61,2026-08-18 14:00,70.76,59.84,10.92,YES,,,,,,,15m logic removed,,,,,WATCH,👀 WATCH,"Weekly RSI 89.08 > 50, but Hourly RSI has not touched 30 (current 70.76)"
2026-08-18 14:51:39,NSE:WOCKPHARMA,1860.4,56.64,60.66,-4.03,2026-08-18 14:00,32.43,42.6,-10.17,NO,,,,,,,15m logic removed,,,,,WATCH,👀 WATCH,"Weekly RSI 56.64 > 50, but Hourly RSI has not touched 30 (current 32.43)"
2026-08-18 14:51:41,NSE:ZEEL,105.44,53.68,51.98,1.69,2026-08-18 14:00,69.89,68.7,1.19,YES,,,,,,,15m logic removed,,,,,WATCH,👀 WATCH,"Weekly RSI 53.68 > 50, but Hourly RSI has not touched 30 (current 69.89)"
2026-08-18 14:51:42,NSE:ZENTEC,1987.7,63.29,58.95,4.34,2026-08-18 14:00,83.31,63.11,20.19,YES,,,,,,,15m logic removed,,,,,WATCH,👀 WATCH,"Weekly RSI 63.29 > 50, but Hourly RSI has not touched 30 (current 83.31)"
2026-08-18 14:51:44,PARAS,1527.3,74.19,69.95,4.24,2026-08-18 14:00,87.72,69.69,18.03,YES,,,,,,,15m logic removed,,,,,WATCH,👀 WATCH,"Weekly RSI 74.19 > 50, but Hourly RSI has not touched 30 (current 87.72)"
2026-08-18 14:51:45,KALYANKJIL,603.7,70.82,71.82,-1.0,2026-08-18 14:00,44.38,51.96,-7.58,NO,,,,,,,15m logic removed,,,,,WATCH,👀 WATCH,"Weekly RSI 70.82 > 50, but Hourly RSI has not touched 30 (current 44.38)"
2026-08-18 14:51:46,CYIENTDLM,737.45,86.16,84.24,1.92,2026-08-18 14:00,66.72,69.29,-2.56,NO,,,,,,,15m logic removed,,,,,WATCH,👀 WATCH,"Weekly RSI 86.16 > 50, but Hourly RSI has not touched 30 (current 66.72)"
2026-08-18 14:51:47,UNIMECH,1507.3,74.55,76.02,-1.48,2026-08-18 14:00,60.14,60.47,-0.32,NO,,,,,,,15m logic removed,,,,,WATCH,👀 WATCH,"Weekly RSI 74.55 > 50, but Hourly RSI has not touched 30 (current 60.14)"
2026-08-18 14:51:48,SYRMA,1497.5,70.56,69.38,1.18,2026-08-18 14:00,59.45,50.95,8.49,YES,,,,,,,15m logic removed,,,,,WATCH,👀 WATCH,"Weekly RSI 70.56 > 50, but Hourly RSI has not touched 30 (current 59.45)"
2026-08-18 14:51:50,HFCL,228.88,77.48,76.42,1.06,2026-08-18 14:00,63.57,43.81,19.76,YES,,,,,,,15m logic removed,,,,,WATCH,👀 WATCH,"Weekly RSI 77.48 > 50, but Hourly RSI has not touched 30 (current 63.57)"
2026-08-18 14:51:51,WELCORP,1912.5,89.08,88.47,0.62,2026-08-18 14:00,70.87,59.84,11.03,YES,,,,,,,15m logic removed,,,,,WATCH,👀 WATCH,"Weekly RSI 89.08 > 50, but Hourly RSI has not touched 30 (current 70.87)"
2026-08-18 14:51:52,TBOTEK,1696.5,67.6,64.85,2.75,2026-08-18 14:00,69.14,71.12,-1.98,NO,,,,,,,15m logic removed,,,,,WATCH,👀 WATCH,"Weekly RSI 67.60 > 50, but Hourly RSI has not touched 30 (current 69.14)"
2026-08-18 14:51:53,NAUKRI,1359.9,71.15,70.25,0.9,2026-08-18 14:00,58.63,56.44,2.19,YES,,,,,,,15m logic removed,,,,,WATCH,👀 WATCH,"Weekly RSI 71.15 > 50, but Hourly RSI has not touched 30 (current 58.63)"
2026-08-18 14:51:55,AKUMS,747.1,72.51,70.82,1.69,2026-08-18 14:00,56.38,53.28,3.1,YES,,,,,,,15m logic removed,,,,,WATCH,👀 WATCH,"Weekly RSI 72.51 > 50, but Hourly RSI has not touched 30 (current 56.38)"
2026-08-18 14:51:56,DYNAMATECH,11775.0,60.08,56.53,3.56,2026-08-18 14:00,77.54,56.51,21.03,YES,,,,,,,15m logic removed,,,,,WATCH,👀 WATCH,"Weekly RSI 60.08 > 50, but Hourly RSI has not touched 30 (current 77.54)"
2026-08-18 14:51:57,ZENTEC,1986.4,63.25,58.95,4.3,2026-08-18 14:00,83.21,63.11,20.1,YES,,,,,,,15m logic removed,,,,,WATCH,👀 WATCH,"Weekly RSI 63.25 > 50, but Hourly RSI has not touched 30 (current 83.21)"
2026-08-18 15:19:27,NSE:LGEINDIA,1650.1,54.88,60.65,-5.77,2026-08-18 15:00,50.6,55.5,-4.9,NO,,,,,,,15m logic removed,,,,,WATCH,👀 WATCH,"Weekly RSI 54.88 > 50, but Hourly RSI has not touched 30 (current 50.60)"
2026-08-18 15:19:29,NSE:ASTRAL,1525.9,52.24,54.81,-2.57,2026-08-18 15:00,46.98,54.86,-7.87,NO,,,,,,,15m logic removed,,,,,WATCH,👀 WATCH,"Weekly RSI 52.24 > 50, but Hourly RSI has not touched 30 (current 46.98)"
2026-08-18 15:19:30,NSE:FINCABLES,1330.65,69.28,65.92,3.36,2026-08-18 15:00,76.16,73.98,2.18,YES,,,,,,,15m logic removed,,,,,WATCH,👀 WATCH,"Weekly RSI 69.28 > 50, but Hourly RSI has not touched 30 (current 76.16)"
2026-08-18 15:19:32,NSE:GODREJAGRO,588.6,51.98,50.07,1.92,2026-08-18 15:00,66.66,74.36,-7.7,NO,,,,,,,15m logic removed,,,,,WATCH,👀 WATCH,"Weekly RSI 51.98 > 50, but Hourly RSI has not touched 30 (current 66.66)"
2026-08-18 15:19:33,NSE:HAPPSTMNDS,419.35,57.23,57.5,-0.27,2026-08-18 15:00,57.22,66.54,-9.32,NO,,,,,,,15m logic removed,,,,,WATCH,👀 WATCH,"Weekly RSI 57.23 > 50, but Hourly RSI has not touched 30 (current 57.22)"
2026-08-18 15:19:34,NSE:NAZARA,355.0,72.26,72.74,-0.48,2026-08-18 15:00,52.89,36.05,16.85,YES,,,,,,,15m logic removed,,,,,WATCH,👀 WATCH,"Weekly RSI 72.26 > 50, but Hourly RSI has not touched 30 (current 52.89)"
2026-08-18 15:19:36,NSE:OFSS,11690.0,66.36,68.0,-1.64,2026-08-18 15:00,47.63,55.31,-7.68,NO,,,,,,,15m logic removed,,,,,WATCH,👀 WATCH,"Weekly RSI 66.36 > 50, but Hourly RSI has not touched 30 (current 47.63)"
2026-08-18 15:19:38,NSE:REDINGTON,326.3,62.74,64.98,-2.23,2026-08-18 15:00,27.13,36.71,-9.58,NO,,,,,,,15m logic removed,,,,,WATCH,👀 WATCH,Weekly RSI 62.74 > 50 + Hourly RSI touched 30 + 15m price confirmation failed (Close 326.25 <= Previous High 326.45)
2026-08-18 15:19:39,NSE:AARTIIND,530.5,65.1,66.18,-1.09,2026-08-18 15:00,54.61,49.76,4.86,YES,,,,,,,15m logic removed,,,,,WATCH,👀 WATCH,"Weekly RSI 65.10 > 50, but Hourly RSI has not touched 30 (current 54.61)"
2026-08-18 15:19:41,NSE:ABB,7568.0,61.8,63.4,-1.6,2026-08-18 15:00,35.45,46.3,-10.86,NO,,,,,,,15m logic removed,,,,,WATCH,👀 WATCH,"Weekly RSI 61.80 > 50, but Hourly RSI has not touched 30 (current 35.45)"
2026-08-18 15:19:42,NSE:ACMESOLAR,372.15,64.99,65.76,-0.76,2026-08-18 15:00,54.23,36.88,17.35,YES,,,,,,,15m logic removed,,,,,WATCH,👀 WATCH,"Weekly RSI 64.99 > 50, but Hourly RSI has not touched 30 (current 54.23)"
2026-08-18 15:19:44,NSE:ADANIENSOL,1607.0,65.22,66.1,-0.87,2026-08-18 15:00,53.03,42.84,10.19,YES,,,,,,,15m logic removed,,,,,WATCH,👀 WATCH,"Weekly RSI 65.22 > 50, but Hourly RSI has not touched 30 (current 53.03)"
2026-08-18 15:19:45,NSE:AEGISLOG,1366.9,70.35,66.7,3.65,2026-08-18 15:00,76.82,53.03,23.79,YES,,,,,,,15m logic removed,,,,,WATCH,👀 WATCH,"Weekly RSI 70.35 > 50, but Hourly RSI has not touched 30 (current 76.82)"
2026-08-18 15:19:47,NSE:AJANTPHARM,3701.2,75.0,74.36,0.64,2026-08-18 15:00,67.84,78.51,-10.66,NO,,,,,,,15m logic removed,,,,,WATCH,👀 WATCH,"Weekly RSI 75.00 > 50, but Hourly RSI has not touched 30 (current 67.84)"
2026-08-18 15:19:48,NSE:AKUMS,743.85,72.26,70.82,1.44,2026-08-18 15:00,53.99,53.28,0.71,YES,,,,,,,15m logic removed,,,,,WATCH,👀 WATCH,"Weekly RSI 72.26 > 50, but Hourly RSI has not touched 30 (current 53.99)"
2026-08-18 15:19:50,NSE:ALIVUS,1399.5,78.93,78.41,0.52,2026-08-18 15:00,61.22,59.17,2.05,YES,,,,,,,15m logic removed,,,,,WATCH,👀 WATCH,"Weekly RSI 78.93 > 50, but Hourly RSI has not touched 30 (current 61.22)"
2026-08-18 15:19:51,NSE:ANANDRATHI,2196.0,75.72,74.94,0.78,2026-08-18 15:00,63.26,50.24,13.02,YES,,,,,,,15m logic removed,,,,,WATCH,👀 WATCH,"Weekly RSI 75.72 > 50, but Hourly RSI has not touched 30 (current 63.26)"
2026-08-18 15:19:52,NSE:APARINDS,17211.0,73.16,71.5,1.66,2026-08-18 15:00,60.92,42.37,18.55,YES,,,,,,,15m logic removed,,,,,WATCH,👀 WATCH,"Weekly RSI 73.16 > 50, but Hourly RSI has not touched 30 (current 60.92)"
2026-08-18 15:19:54,NSE:ASHOKLEY,176.16,56.17,54.11,2.06,2026-08-18 15:00,50.88,53.92,-3.03,NO,,,,,,,15m logic removed,,,,,WATCH,👀 WATCH,"Weekly RSI 56.17 > 50, but Hourly RSI has not touched 30 (current 50.88)"
2026-08-18 15:19:56,NSE:ASTRAMICRO,1756.8,68.37,67.72,0.64,2026-08-18 15:00,61.93,42.97,18.95,YES,,,,,,,15m logic removed,,,,,WATCH,👀 WATCH,"Weekly RSI 68.37 > 50, but Hourly RSI has not touched 30 (current 61.93)"
2026-08-18 15:19:57,NSE:ATHERENERG,1466.2,76.34,80.74,-4.4,2026-08-18 15:00,30.65,35.93,-5.28,NO,,,,,,,15m logic removed,,,,,WATCH,👀 WATCH,Weekly RSI 76.34 > 50 + Hourly RSI touched 30 + 15m price confirmation failed (Close 1465.6 <= Previous High 1467.3)
2026-08-18 15:19:59,NSE:AUROPHARMA,1636.2,67.99,67.08,0.91,2026-08-18 15:00,49.1,44.03,5.06,YES,,,,,,,15m logic removed,,,,,WATCH,👀 WATCH,"Weekly RSI 67.99 > 50, but Hourly RSI has not touched 30 (current 49.10)"
2026-08-18 15:20:00,NSE:BAJAJ-AUTO,11590.0,69.74,72.09,-2.35,2026-08-18 15:00,36.5,44.04,-7.54,NO,,,,,,,15m logic removed,,,,,WATCH,👀 WATCH,"Weekly RSI 69.74 > 50, but Hourly RSI has not touched 30 (current 36.50)"
2026-08-18 15:20:02,NSE:BALRAMCHIN,652.5,73.58,70.01,3.57,2026-08-18 15:00,67.89,72.74,-4.85,NO,,,,,,,15m logic removed,,,,,WATCH,👀 WATCH,"Weekly RSI 73.58 > 50, but Hourly RSI has not touched 30 (current 67.89)"
2026-08-18 15:20:03,NSE:BDL,1393.0,54.21,54.59,-0.37,2026-08-18 15:00,65.02,59.46,5.56,YES,,,,,,,15m logic removed,,,,,WATCH,👀 WATCH,"Weekly RSI 54.21 > 50, but Hourly RSI has not touched 30 (current 65.02)"
2026-08-18 15:20:04,NSE:BEML,1964.7,60.25,55.85,4.4,2026-08-18 15:00,72.11,57.48,14.63,YES,,,,,,,15m logic removed,,,,,WATCH,👀 WATCH,"Weekly RSI 60.25 > 50, but Hourly RSI has not touched 30 (current 72.11)"
2026-08-18 15:20:06,NSE:BHARATFORG,2091.1,58.72,57.47,1.25,2026-08-18 15:00,51.2,52.12,-0.92,NO,,,,,,,15m logic removed,,,,,WATCH,👀 WATCH,"Weekly RSI 58.72 > 50, but Hourly RSI has not touched 30 (current 51.20)"
2026-08-18 15:20:07,NSE:BHEL,425.5,66.16,65.48,0.68,2026-08-18 15:00,53.35,70.96,-17.61,NO,,,,,,,15m logic removed,,,,,WATCH,👀 WATCH,"Weekly RSI 66.16 > 50, but Hourly RSI has not touched 30 (current 53.35)"
2026-08-18 15:20:08,NSE:BOSCHLTD,48820.0,75.39,72.96,2.43,2026-08-18 15:00,78.37,60.0,18.37,YES,,,,,,,15m logic removed,,,,,WATCH,👀 WATCH,"Weekly RSI 75.39 > 50, but Hourly RSI has not touched 30 (current 78.37)"
2026-08-18 15:20:10,NSE:CAPLIPOINT,2519.1,66.77,65.36,1.41,2026-08-18 15:00,53.54,55.11,-1.57,NO,,,,,,,15m logic removed,,,,,WATCH,👀 WATCH,"Weekly RSI 66.77 > 50, but Hourly RSI has not touched 30 (current 53.54)"
2026-08-18 15:20:12,NSE:CHENNPETRO,1400.2,73.53,69.87,3.66,2026-08-18 15:00,69.51,64.69,4.81,YES,,,,,,,15m logic removed,,,,,WATCH,👀 WATCH,"Weekly RSI 73.53 > 50, but Hourly RSI has not touched 30 (current 69.51)"
2026-08-18 15:20:13,NSE:COHANCE,453.9,50.99,48.61,2.38,2026-08-18 15:00,64.19,55.0,9.19,YES,,,,,,,15m logic removed,,,,,WATCH,👀 WATCH,"Weekly RSI 50.99 > 50, but Hourly RSI has not touched 30 (current 64.19)"
2026-08-18 15:20:15,NSE:CRAFTSMAN,10900.0,71.43,67.27,4.16,2026-08-18 15:00,73.51,56.49,17.02,YES,,,,,,,15m logic removed,,,,,WATCH,👀 WATCH,"Weekly RSI 71.43 > 50, but Hourly RSI has not touched 30 (current 73.51)"
2026-08-18 15:20:16,NSE:CYIENTDLM,737.7,86.17,84.24,1.93,2026-08-18 15:00,66.97,69.29,-2.32,NO,,,,,,,15m logic removed,,,,,WATCH,👀 WATCH,"Weekly RSI 86.17 > 50, but Hourly RSI has not touched 30 (current 66.97)"
2026-08-18 15:20:17,NSE:DATAPATTNS,4742.4,64.39,60.33,4.06,2026-08-18 15:00,77.86,58.21,19.64,YES,,,,,,,15m logic removed,,,,,WATCH,👀 WATCH,"Weekly RSI 64.39 > 50, but Hourly RSI has not touched 30 (current 77.86)"
2026-08-18 15:20:19,NSE:DBCORP,210.24,46.82,47.65,-0.83,2026-08-18 15:00,40.8,51.47,-10.68,NO,,,,,,,15m logic removed,,,,,IGNORE,❌ IGNORE,Weekly RSI 46.82 <= 50
2026-08-18 15:20:20,NSE:DIVISLAB,8580.0,84.13,83.43,0.71,2026-08-18 15:00,60.99,49.68,11.31,YES,,,,,,,15m logic removed,,,,,WATCH,👀 WATCH,"Weekly RSI 84.13 > 50, but Hourly RSI has not touched 30 (current 60.99)"
2026-08-18 15:20:21,NSE:DYNAMATECH,11760.0,60.0,56.53,3.47,2026-08-18 15:00,77.29,56.51,20.78,YES,,,,,,,15m logic removed,,,,,WATCH,👀 WATCH,"Weekly RSI 60.00 > 50, but Hourly RSI has not touched 30 (current 77.29)"
2026-08-18 15:20:23,NSE:EICHERMOT,8055.0,64.24,64.56,-0.32,2026-08-18 15:00,48.36,47.13,1.23,YES,,,,,,,15m logic removed,,,,,WATCH,👀 WATCH,"Weekly RSI 64.24 > 50, but Hourly RSI has not touched 30 (current 48.36)"
2026-08-18 15:20:24,NSE:ENRIN,3587.6,56.73,55.76,0.97,2026-08-18 15:00,55.81,62.01,-6.2,NO,,,,,,,15m logic removed,,,,,WATCH,👀 WATCH,"Weekly RSI 56.73 > 50, but Hourly RSI has not touched 30 (current 55.81)"
2026-08-18 15:20:25,NSE:EXIDEIND,464.75,68.34,72.73,-4.39,2026-08-18 15:00,28.62,41.47,-12.85,NO,,,,,,,15m logic removed,,,,,WATCH,👀 WATCH,Weekly RSI 68.34 > 50 + Hourly RSI touched 30 + 15m price confirmation failed (Close 465.0 <= Previous High 467.05)
2026-08-18 15:20:27,NSE:GLAND,2860.0,73.36,79.58,-6.22,2026-08-18 15:00,41.47,48.81,-7.34,NO,,,,,,,15m logic removed,,,,,WATCH,👀 WATCH,"Weekly RSI 73.36 > 50, but Hourly RSI has not touched 30 (current 41.47)"
2026-08-18 15:20:28,NSE:GRANULES,851.2,65.05,66.44,-1.39,2026-08-18 15:00,41.89,53.96,-12.07,NO,,,,,,,15m logic removed,,,,,WATCH,👀 WATCH,"Weekly RSI 65.05 > 50, but Hourly RSI has not touched 30 (current 41.89)"
2026-08-18 15:20:30,NSE:GRSE,2678.3,52.93,50.26,2.67,2026-08-18 15:00,70.89,46.32,24.57,YES,,,,,,,15m logic removed,,,,,WATCH,👀 WATCH,"Weekly RSI 52.93 > 50, but Hourly RSI has not touched 30 (current 70.89)"
2026-08-18 15:20:32,NSE:HAL,5089.1,68.51,67.39,1.12,2026-08-18 15:00,68.55,63.95,4.6,YES,,,,,,,15m logic removed,,,,,WATCH,👀 WATCH,"Weekly RSI 68.51 > 50, but Hourly RSI has not touched 30 (current 68.55)"
2026-08-18 15:20:33,NSE:HATHWAY,10.52,43.41,44.13,-0.72,2026-08-18 15:00,34.81,42.66,-7.85,NO,,,,,,,15m logic removed,,,,,IGNORE,❌ IGNORE,Weekly RSI 43.41 <= 50
2026-08-18 15:20:34,NSE:HEROMOTOCO,5729.0,61.97,63.8,-1.83,2026-08-18 15:00,38.64,40.81,-2.18,NO,,,,,,,15m logic removed,,,,,WATCH,👀 WATCH,"Weekly RSI 61.97 > 50, but Hourly RSI has not touched 30 (current 38.64)"
2026-08-18 15:20:36,NSE:HFCL,230.47,77.76,76.42,1.34,2026-08-18 15:00,65.52,43.81,21.71,YES,,,,,,,15m logic removed,,,,,WATCH,👀 WATCH,"Weekly RSI 77.76 > 50, but Hourly RSI has not touched 30 (current 65.52)"
2026-08-18 15:20:37,NSE:HONASA,474.7,68.81,79.49,-10.68,2026-08-18 15:00,40.58,45.33,-4.75,NO,,,,,,,15m logic removed,,,,,WATCH,👀 WATCH,"Weekly RSI 68.81 > 50, but Hourly RSI has not touched 30 (current 40.58)"
2026-08-18 15:20:38,NSE:HSCL,781.65,72.43,72.38,0.05,2026-08-18 15:00,54.55,57.99,-3.44,NO,,,,,,,15m logic removed,,,,,WATCH,👀 WATCH,"Weekly RSI 72.43 > 50, but Hourly RSI has not touched 30 (current 54.55)"
2026-08-18 15:20:40,NSE:IFCI,81.69,62.41,58.71,3.7,2026-08-18 15:00,74.66,64.85,9.81,YES,,,,,,,15m logic removed,,,,,WATCH,👀 WATCH,"Weekly RSI 62.41 > 50, but Hourly RSI has not touched 30 (current 74.66)"
2026-08-18 15:20:42,NSE:INOXINDIA,1957.6,73.4,72.82,0.58,2026-08-18 15:00,56.89,51.54,5.35,YES,,,,,,,15m logic removed,,,,,WATCH,👀 WATCH,"Weekly RSI 73.40 > 50, but Hourly RSI has not touched 30 (current 56.89)"
2026-08-18 15:20:43,NSE:IPCALAB,1883.6,65.63,57.98,7.65,2026-08-18 15:00,70.03,68.79,1.24,YES,,,,,,,15m logic removed,,,,,WATCH,👀 WATCH,"Weekly RSI 65.63 > 50, but Hourly RSI has not touched 30 (current 70.03)"
2026-08-18 15:20:45,NSE:JINDALSAW,269.2,61.89,61.29,0.6,2026-08-18 15:00,52.67,58.05,-5.38,NO,,,,,,,15m logic removed,,,,,WATCH,👀 WATCH,"Weekly RSI 61.89 > 50, but Hourly RSI has not touched 30 (current 52.67)"
2026-08-18 15:20:46,NSE:KIRLOSENG,2126.3,59.75,58.99,0.76,2026-08-18 15:00,59.17,50.77,8.4,YES,,,,,,,15m logic removed,,,,,WATCH,👀 WATCH,"Weekly RSI 59.75 > 50, but Hourly RSI has not touched 30 (current 59.17)"
2026-08-18 15:20:48,NSE:LALPATHLAB,1901.9,71.07,72.68,-1.62,2026-08-18 15:00,42.08,19.65,22.43,YES,,,,,,,15m logic removed,,,,,SETUP,🔥 SETUP,Weekly RSI 71.07 > 50 + Hourly RSI touched 30 + 15m Close > Previous 15m High
2026-08-18 15:20:49,NSE:LAURUSLABS,1821.0,80.58,79.62,0.96,2026-08-18 15:00,52.43,46.24,6.19,YES,,,,,,,15m logic removed,,,,,WATCH,👀 WATCH,"Weekly RSI 80.58 > 50, but Hourly RSI has not touched 30 (current 52.43)"
2026-08-18 15:20:50,NSE:LLOYDSME,1939.3,64.25,63.36,0.89,2026-08-18 15:00,51.28,50.05,1.23,YES,,,,,,,15m logic removed,,,,,WATCH,👀 WATCH,"Weekly RSI 64.25 > 50, but Hourly RSI has not touched 30 (current 51.28)"
2026-08-18 15:20:52,NSE:M&M,3412.5,56.89,57.66,-0.78,2026-08-18 15:00,48.27,39.7,8.57,YES,,,,,,,15m logic removed,,,,,WATCH,👀 WATCH,"Weekly RSI 56.89 > 50, but Hourly RSI has not touched 30 (current 48.27)"
2026-08-18 15:20:53,NSE:MIDHANI,436.55,59.64,55.61,4.03,2026-08-18 15:00,57.46,51.38,6.09,YES,,,,,,,15m logic removed,,,,,WATCH,👀 WATCH,"Weekly RSI 59.64 > 50, but Hourly RSI has not touched 30 (current 57.46)"
2026-08-18 15:20:54,NSE:MOTHERSON,169.96,74.79,74.11,0.67,2026-08-18 15:00,64.16,50.12,14.04,YES,,,,,,,15m logic removed,,,,,WATCH,👀 WATCH,"Weekly RSI 74.79 > 50, but Hourly RSI has not touched 30 (current 64.16)"
2026-08-18 15:20:56,NSE:MTARTECH,7131.0,60.83,60.33,0.5,2026-08-18 15:00,53.86,49.9,3.96,YES,,,,,,,15m logic removed,,,,,WATCH,👀 WATCH,"Weekly RSI 60.83 > 50, but Hourly RSI has not touched 30 (current 53.86)"
2026-08-18 15:20:57,NSE:NETWEB,5368.0,67.67,63.88,3.79,2026-08-18 15:00,75.26,66.61,8.66,YES,,,,,,,15m logic removed,,,,,WATCH,👀 WATCH,"Weekly RSI 67.67 > 50, but Hourly RSI has not touched 30 (current 75.26)"
2026-08-18 15:20:58,NSE:NETWORK18,28.45,35.24,36.45,-1.21,2026-08-18 15:00,36.16,52.52,-16.36,NO,,,,,,,15m logic removed,,,,,IGNORE,❌ IGNORE,Weekly RSI 35.24 <= 50
2026-08-18 15:21:00,NSE:NEULANDLAB,23462.0,77.78,77.48,0.29,2026-08-18 15:00,58.86,67.9,-9.04,NO,,,,,,,15m logic removed,,,,,WATCH,👀 WATCH,"Weekly RSI 77.78 > 50, but Hourly RSI has not touched 30 (current 58.86)"
2026-08-18 15:21:01,NSE:PARAS,1527.3,74.19,69.95,4.24,2026-08-18 15:00,87.72,69.69,18.03,YES,,,,,,,15m logic removed,,,,,WATCH,👀 WATCH,"Weekly RSI 74.19 > 50, but Hourly RSI has not touched 30 (current 87.72)"
2026-08-18 15:21:02,NSE:PFOCUS,284.05,56.27,52.7,3.57,2026-08-18 15:00,67.18,35.15,32.03,YES,,,,,,,15m logic removed,,,,,WATCH,👀 WATCH,"Weekly RSI 56.27 > 50, but Hourly RSI has not touched 30 (current 67.18)"
2026-08-18 15:21:04,NSE:POLYMED,1784.5,60.57,60.69,-0.12,2026-08-18 15:00,50.79,37.37,13.42,YES,,,,,,,15m logic removed,,,,,WATCH,👀 WATCH,"Weekly RSI 60.57 > 50, but Hourly RSI has not touched 30 (current 50.79)"
2026-08-18 15:21:05,NSE:POWERINDIA,35210.0,60.94,62.34,-1.4,2026-08-18 15:00,44.4,51.15,-6.75,NO,,,,,,,15m logic removed,,,,,WATCH,👀 WATCH,"Weekly RSI 60.94 > 50, but Hourly RSI has not touched 30 (current 44.40)"
2026-08-18 15:21:07,NSE:PPLPHARMA,210.65,70.27,68.8,1.48,2026-08-18 15:00,57.03,36.42,20.62,YES,,,,,,,15m logic removed,,,,,WATCH,👀 WATCH,"Weekly RSI 70.27 > 50, but Hourly RSI has not touched 30 (current 57.03)"
2026-08-18 15:21:08,NSE:PVRINOX,1193.9,70.02,68.44,1.58,2026-08-18 15:00,57.13,57.9,-0.77,NO,,,,,,,15m logic removed,,,,,WATCH,👀 WATCH,"Weekly RSI 70.02 > 50, but Hourly RSI has not touched 30 (current 57.13)"
2026-08-18 15:21:09,NSE:RADICO,4709.3,87.21,86.65,0.56,2026-08-18 15:00,73.1,70.69,2.41,YES,,,,,,,15m logic removed,,,,,WATCH,👀 WATCH,"Weekly RSI 87.21 > 50, but Hourly RSI has not touched 30 (current 73.10)"
2026-08-18 15:21:11,NSE:RKFORGE,753.95,74.16,72.41,1.75,2026-08-18 15:00,66.06,65.72,0.34,YES,,,,,,,15m logic removed,,,,,WATCH,👀 WATCH,"Weekly RSI 74.16 > 50, but Hourly RSI has not touched 30 (current 66.06)"
2026-08-18 15:21:12,NSE:RRKABEL,2786.5,77.33,77.31,0.02,2026-08-18 15:00,54.0,44.81,9.19,YES,,,,,,,15m logic removed,,,,,WATCH,👀 WATCH,"Weekly RSI 77.33 > 50, but Hourly RSI has not touched 30 (current 54.00)"
2026-08-18 15:21:14,NSE:SAILIFE,1443.9,79.24,80.21,-0.97,2026-08-18 15:00,53.56,37.28,16.28,YES,,,,,,,15m logic removed,,,,,WATCH,👀 WATCH,"Weekly RSI 79.24 > 50, but Hourly RSI has not touched 30 (current 53.56)"
2026-08-18 15:21:15,NSE:SAREGAMA,514.05,68.49,73.51,-5.01,2026-08-18 15:00,40.61,45.51,-4.89,NO,,,,,,,15m logic removed,,,,,WATCH,👀 WATCH,"Weekly RSI 68.49 > 50, but Hourly RSI has not touched 30 (current 40.61)"
2026-08-18 15:21:17,NSE:SOLARINDS,20100.0,71.81,71.31,0.5,2026-08-18 15:00,63.57,61.19,2.37,YES,,,,,,,15m logic removed,,,,,WATCH,👀 WATCH,"Weekly RSI 71.81 > 50, but Hourly RSI has not touched 30 (current 63.57)"
2026-08-18 15:21:18,NSE:SONACOMS,826.9,78.76,76.36,2.4,2026-08-18 15:00,71.38,54.21,17.17,YES,,,,,,,15m logic removed,,,,,WATCH,👀 WATCH,"Weekly RSI 78.76 > 50, but Hourly RSI has not touched 30 (current 71.38)"
2026-08-18 15:21:20,NSE:SUNTV,482.6,38.73,39.09,-0.36,2026-08-18 15:00,42.74,51.97,-9.24,NO,,,,,,,15m logic removed,,,,,IGNORE,❌ IGNORE,Weekly RSI 38.73 <= 50
2026-08-18 15:21:21,NSE:SYRMA,1501.4,70.7,69.38,1.32,2026-08-18 15:00,60.49,50.95,9.54,YES,,,,,,,15m logic removed,,,,,WATCH,👀 WATCH,"Weekly RSI 70.70 > 50, but Hourly RSI has not touched 30 (current 60.49)"
2026-08-18 15:21:22,NSE:TIPSMUSIC,656.1,53.25,55.56,-2.31,2026-08-18 15:00,38.36,37.43,0.92,YES,,,,,,,15m logic removed,,,,,WATCH,👀 WATCH,"Weekly RSI 53.25 > 50, but Hourly RSI has not touched 30 (current 38.36)"
2026-08-18 15:21:24,NSE:TORNTPHARM,4977.0,64.38,61.07,3.31,2026-08-18 15:00,64.19,53.64,10.56,YES,,,,,,,15m logic removed,,,,,WATCH,👀 WATCH,"Weekly RSI 64.38 > 50, but Hourly RSI has not touched 30 (current 64.19)"
2026-08-18 15:21:25,NSE:TVSMOTOR,4355.0,68.11,67.22,0.89,2026-08-18 15:00,49.16,57.39,-8.22,NO,,,,,,,15m logic removed,,,,,WATCH,👀 WATCH,"Weekly RSI 68.11 > 50, but Hourly RSI has not touched 30 (current 49.16)"
2026-08-18 15:21:26,NSE:UNIMECH,1521.7,75.93,76.02,-0.09,2026-08-18 15:00,64.23,60.47,3.76,YES,,,,,,,15m logic removed,,,,,WATCH,👀 WATCH,"Weekly RSI 75.93 > 50, but Hourly RSI has not touched 30 (current 64.23)"
2026-08-18 15:21:28,NSE:UNOMINDA,1272.7,60.99,58.5,2.49,2026-08-18 15:00,66.35,64.62,1.73,YES,,,,,,,15m logic removed,,,,,WATCH,👀 WATCH,"Weekly RSI 60.99 > 50, but Hourly RSI has not touched 30 (current 66.35)"
2026-08-18 15:21:29,NSE:VIJAYA,1495.8,70.63,69.58,1.04,2026-08-18 15:00,56.68,63.24,-6.56,NO,,,,,,,15m logic removed,,,,,WATCH,👀 WATCH,"Weekly RSI 70.63 > 50, but Hourly RSI has not touched 30 (current 56.68)"
2026-08-18 15:21:30,NSE:WELCORP,1922.0,89.22,88.47,0.76,2026-08-18 15:00,73.27,59.84,13.43,YES,,,,,,,15m logic removed,,,,,WATCH,👀 WATCH,"Weekly RSI 89.22 > 50, but Hourly RSI has not touched 30 (current 73.27)"
2026-08-18 15:21:32,NSE:WOCKPHARMA,1860.0,56.62,60.66,-4.05,2026-08-18 15:00,32.35,42.6,-10.25,NO,,,,,,,15m logic removed,,,,,WATCH,👀 WATCH,"Weekly RSI 56.62 > 50, but Hourly RSI has not touched 30 (current 32.35)"
2026-08-18 15:21:33,NSE:ZEEL,105.45,53.68,51.98,1.7,2026-08-18 15:00,69.91,68.7,1.22,YES,,,,,,,15m logic removed,,,,,WATCH,👀 WATCH,"Weekly RSI 53.68 > 50, but Hourly RSI has not touched 30 (current 69.91)"
2026-08-18 15:21:35,NSE:ZENTEC,1983.9,63.17,58.95,4.22,2026-08-18 15:00,83.02,63.11,19.9,YES,,,,,,,15m logic removed,,,,,WATCH,👀 WATCH,"Weekly RSI 63.17 > 50, but Hourly RSI has not touched 30 (current 83.02)"
2026-08-18 15:21:36,PARAS,1527.3,74.19,69.95,4.24,2026-08-18 15:00,87.72,69.69,18.03,YES,,,,,,,15m logic removed,,,,,WATCH,👀 WATCH,"Weekly RSI 74.19 > 50, but Hourly RSI has not touched 30 (current 87.72)"
2026-08-18 15:21:37,KALYANKJIL,603.0,70.67,71.82,-1.15,2026-08-18 15:00,43.68,51.96,-8.28,NO,,,,,,,15m logic removed,,,,,WATCH,👀 WATCH,"Weekly RSI 70.67 > 50, but Hourly RSI has not touched 30 (current 43.68)"
2026-08-18 15:21:39,CYIENTDLM,737.95,86.18,84.24,1.94,2026-08-18 15:00,67.21,69.29,-2.08,NO,,,,,,,15m logic removed,,,,,WATCH,👀 WATCH,"Weekly RSI 86.18 > 50, but Hourly RSI has not touched 30 (current 67.21)"
2026-08-18 15:21:40,UNIMECH,1521.0,75.86,76.02,-0.16,2026-08-18 15:00,64.06,60.47,3.59,YES,,,,,,,15m logic removed,,,,,WATCH,👀 WATCH,"Weekly RSI 75.86 > 50, but Hourly RSI has not touched 30 (current 64.06)"
2026-08-18 15:21:41,SYRMA,1501.3,70.69,69.38,1.32,2026-08-18 15:00,60.47,50.95,9.51,YES,,,,,,,15m logic removed,,,,,WATCH,👀 WATCH,"Weekly RSI 70.69 > 50, but Hourly RSI has not touched 30 (current 60.47)"
2026-08-18 15:21:43,HFCL,230.47,77.76,76.42,1.34,2026-08-18 15:00,65.52,43.81,21.71,YES,,,,,,,15m logic removed,,,,,WATCH,👀 WATCH,"Weekly RSI 77.76 > 50, but Hourly RSI has not touched 30 (current 65.52)"
2026-08-18 15:21:44,WELCORP,1921.9,89.22,88.47,0.76,2026-08-18 15:00,73.25,59.84,13.41,YES,,,,,,,15m logic removed,,,,,WATCH,👀 WATCH,"Weekly RSI 89.22 > 50, but Hourly RSI has not touched 30 (current 73.25)"
2026-08-18 15:21:45,TBOTEK,1711.8,68.21,64.85,3.36,2026-08-18 15:00,73.57,71.12,2.46,YES,,,,,,,15m logic removed,,,,,WATCH,👀 WATCH,"Weekly RSI 68.21 > 50, but Hourly RSI has not touched 30 (current 73.57)"
2026-08-18 15:21:47,NAUKRI,1357.9,71.05,70.25,0.8,2026-08-18 15:00,57.59,56.44,1.15,YES,,,,,,,15m logic removed,,,,,WATCH,👀 WATCH,"Weekly RSI 71.05 > 50, but Hourly RSI has not touched 30 (current 57.59)"
2026-08-18 15:21:48,AKUMS,744.75,72.33,70.82,1.51,2026-08-18 15:00,54.68,53.28,1.4,YES,,,,,,,15m logic removed,,,,,WATCH,👀 WATCH,"Weekly RSI 72.33 > 50, but Hourly RSI has not touched 30 (current 54.68)"
2026-08-18 15:21:49,DYNAMATECH,11762.0,60.01,56.53,3.48,2026-08-18 15:00,77.32,56.51,20.81,YES,,,,,,,15m logic removed,,,,,WATCH,👀 WATCH,"Weekly RSI 60.01 > 50, but Hourly RSI has not touched 30 (current 77.32)"
2026-08-18 15:21:51,ZENTEC,1983.1,63.15,58.95,4.2,2026-08-18 15:00,82.96,63.11,19.84,YES,,,,,,,15m logic removed,,,,,WATCH,👀 WATCH,"Weekly RSI 63.15 > 50, but Hourly RSI has not touched 30 (current 82.96)"
2026-08-18 15:21:53,PAYTM,1548.0,68.75,73.5,-4.75,2026-08-18 15:00,32.06,41.86,-9.8,NO,,,,,,,15m logic removed,,,,,WATCH,👀 WATCH,"Weekly RSI 68.75 > 50, but Hourly RSI has not touched 30 (current 32.06)"
2026-08-18 21:34:50,NSE:LGEINDIA,1649.4,54.84,60.65,-5.82,2026-08-18 21:00,50.36,55.5,-5.13,NO,,,,,,,15m logic removed,HOURLY,NORMAL,,,WATCH,👀 WATCH,Weekly RSI 54.84 > 50; Hourly RSI 50.36; 15m confirmation checked only while monitored
2026-08-18 21:36:51,NSE:ASTRAL,1520.0,51.77,54.81,-3.04,2026-08-18 21:00,43.98,54.86,-10.88,NO,,,,,,,15m logic removed,15M MONITOR,MONITORING,,,WATCH,👀 WATCH,"Weekly RSI 51.77 > 50, but Hourly RSI has not touched 30 (current 43.98)"
2026-08-18 21:34:52,NSE:FINCABLES,1329.35,69.23,65.92,3.32,2026-08-18 21:00,75.93,73.98,1.95,YES,,,,,,,15m logic removed,HOURLY,NORMAL,,,WATCH,👀 WATCH,Weekly RSI 69.23 > 50; Hourly RSI 75.93; 15m confirmation checked only while monitored
2026-08-18 21:34:53,NSE:GODREJAGRO,588.7,52.01,50.07,1.94,2026-08-18 21:00,66.82,74.36,-7.55,NO,,,,,,,15m logic removed,HOURLY,NORMAL,,,WATCH,👀 WATCH,Weekly RSI 52.01 > 50; Hourly RSI 66.82; 15m confirmation checked only while monitored
2026-08-18 21:34:54,NSE:HAPPSTMNDS,419.95,57.42,57.5,-0.08,2026-08-18 21:00,57.82,66.54,-8.72,NO,,,,,,,15m logic removed,HOURLY,NORMAL,,,WATCH,👀 WATCH,Weekly RSI 57.42 > 50; Hourly RSI 57.82; 15m confirmation checked only while monitored
2026-08-18 21:34:56,NSE:NAZARA,355.55,72.56,72.74,-0.19,2026-08-18 21:00,54.06,36.05,18.02,YES,,,,,,,15m logic removed,HOURLY,NORMAL,,,WATCH,👀 WATCH,Weekly RSI 72.56 > 50; Hourly RSI 54.06; 15m confirmation checked only while monitored
2026-08-18 21:36:52,NSE:OFSS,11623.0,65.6,68.0,-2.4,2026-08-18 21:00,43.54,55.31,-11.77,NO,,,,,,,15m logic removed,15M MONITOR,MONITORING,,,WATCH,👀 WATCH,"Weekly RSI 65.60 > 50, but Hourly RSI has not touched 30 (current 43.54)"
2026-08-18 21:36:54,NSE:REDINGTON,326.3,62.74,64.98,-2.23,2026-08-18 21:00,27.13,36.71,-9.58,NO,,,,,,,15m logic removed,15M MONITOR,MONITORING,,,WATCH,👀 WATCH,Weekly RSI 62.74 > 50 + Hourly RSI touched 30 + 15m price confirmation failed (Close 326.0 <= Previous High 327.0)
2026-08-18 21:34:59,NSE:AARTIIND,530.1,64.98,66.18,-1.21,2026-08-18 21:00,54.28,49.76,4.52,YES,,,,,,,15m logic removed,HOURLY,NORMAL,,,WATCH,👀 WATCH,Weekly RSI 64.98 > 50; Hourly RSI 54.28; 15m confirmation checked only while monitored
2026-08-18 21:36:55,NSE:ABB,7546.0,61.38,63.4,-2.02,2026-08-18 21:00,33.56,46.3,-12.74,NO,,,,,,,15m logic removed,15M MONITOR,MONITORING,,,WATCH,👀 WATCH,"Weekly RSI 61.38 > 50, but Hourly RSI has not touched 30 (current 33.56)"
2026-08-18 21:35:01,NSE:ACMESOLAR,371.75,64.84,65.76,-0.92,2026-08-18 21:00,53.51,36.88,16.64,YES,,,,,,,15m logic removed,HOURLY,NORMAL,,,WATCH,👀 WATCH,Weekly RSI 64.84 > 50; Hourly RSI 53.51; 15m confirmation checked only while monitored
2026-08-18 21:35:02,NSE:ADANIENSOL,1603.0,64.84,66.1,-1.25,2026-08-18 21:00,51.08,42.84,8.24,YES,,,,,,,15m logic removed,HOURLY,NORMAL,,,WATCH,👀 WATCH,Weekly RSI 64.84 > 50; Hourly RSI 51.08; 15m confirmation checked only while monitored
2026-08-18 21:35:03,NSE:AEGISLOG,1367.7,70.37,66.7,3.67,2026-08-18 21:00,76.94,53.03,23.91,YES,,,,,,,15m logic removed,HOURLY,NORMAL,,,WATCH,👀 WATCH,Weekly RSI 70.37 > 50; Hourly RSI 76.94; 15m confirmation checked only while monitored
2026-08-18 21:35:05,NSE:AJANTPHARM,3706.4,75.11,74.36,0.75,2026-08-18 21:00,70.06,78.51,-8.45,NO,,,,,,,15m logic removed,HOURLY,NORMAL,,,WATCH,👀 WATCH,Weekly RSI 75.11 > 50; Hourly RSI 70.06; 15m confirmation checked only while monitored
2026-08-18 21:35:06,NSE:AKUMS,744.15,72.28,70.82,1.46,2026-08-18 21:00,54.22,53.28,0.94,YES,,,,,,,15m logic removed,HOURLY,NORMAL,,,WATCH,👀 WATCH,Weekly RSI 72.28 > 50; Hourly RSI 54.22; 15m confirmation checked only while monitored
2026-08-18 21:35:07,NSE:ALIVUS,1400.0,78.95,78.41,0.54,2026-08-18 21:00,61.43,59.17,2.27,YES,,,,,,,15m logic removed,HOURLY,NORMAL,,,WATCH,👀 WATCH,Weekly RSI 78.95 > 50; Hourly RSI 61.43; 15m confirmation checked only while monitored
2026-08-18 21:35:08,NSE:ANANDRATHI,2194.8,75.68,74.94,0.74,2026-08-18 21:00,62.74,50.24,12.5,YES,,,,,,,15m logic removed,HOURLY,NORMAL,,,WATCH,👀 WATCH,Weekly RSI 75.68 > 50; Hourly RSI 62.74; 15m confirmation checked only while monitored
2026-08-18 21:35:09,NSE:APARINDS,17214.0,73.17,71.5,1.67,2026-08-18 21:00,60.98,42.37,18.61,YES,,,,,,,15m logic removed,HOURLY,NORMAL,,,WATCH,👀 WATCH,Weekly RSI 73.17 > 50; Hourly RSI 60.98; 15m confirmation checked only while monitored
2026-08-18 21:35:10,NSE:ASHOKLEY,176.35,56.26,54.11,2.14,2026-08-18 21:00,51.47,53.92,-2.45,NO,,,,,,,15m logic removed,HOURLY,NORMAL,,,WATCH,👀 WATCH,Weekly RSI 56.26 > 50; Hourly RSI 51.47; 15m confirmation checked only while monitored
2026-08-18 21:35:11,NSE:ASTRAMICRO,1767.4,68.74,67.72,1.02,2026-08-18 21:00,64.35,42.97,21.38,YES,,,,,,,15m logic removed,HOURLY,NORMAL,,,WATCH,👀 WATCH,Weekly RSI 68.74 > 50; Hourly RSI 64.35; 15m confirmation checked only while monitored
2026-08-18 21:36:57,NSE:ATHERENERG,1465.8,76.3,80.74,-4.43,2026-08-18 21:00,30.54,35.93,-5.39,NO,,,,,,,15m logic removed,15M MONITOR,MONITORING,,,SETUP,🔥 SETUP,Weekly RSI 76.30 > 50 + Hourly RSI touched 30 + 15m Close > Previous 15m High
2026-08-18 21:35:13,NSE:AUROPHARMA,1645.0,68.53,67.08,1.45,2026-08-18 21:00,53.23,44.03,9.2,YES,,,,,,,15m logic removed,HOURLY,NORMAL,,,WATCH,👀 WATCH,Weekly RSI 68.53 > 50; Hourly RSI 53.23; 15m confirmation checked only while monitored
2026-08-18 21:36:58,NSE:BAJAJ-AUTO,11607.0,70.09,72.09,-2.0,2026-08-18 21:00,38.01,44.04,-6.02,NO,,,,,,,15m logic removed,15M MONITOR,MONITORING,,,WATCH,👀 WATCH,"Weekly RSI 70.09 > 50, but Hourly RSI has not touched 30 (current 38.01)"
2026-08-18 21:35:15,NSE:BALRAMCHIN,653.25,73.66,70.01,3.65,2026-08-18 21:00,68.87,72.74,-3.87,NO,,,,,,,15m logic removed,HOURLY,NORMAL,,,WATCH,👀 WATCH,Weekly RSI 73.66 > 50; Hourly RSI 68.87; 15m confirmation checked only while monitored
2026-08-18 21:35:16,NSE:BDL,1393.0,54.21,54.59,-0.37,2026-08-18 21:00,65.02,59.46,5.56,YES,,,,,,,15m logic removed,HOURLY,NORMAL,,,WATCH,👀 WATCH,Weekly RSI 54.21 > 50; Hourly RSI 65.02; 15m confirmation checked only while monitored
2026-08-18 21:35:18,NSE:BEML,1965.5,60.28,55.85,4.43,2026-08-18 21:00,72.24,57.48,14.77,YES,,,,,,,15m logic removed,HOURLY,NORMAL,,,WATCH,👀 WATCH,Weekly RSI 60.28 > 50; Hourly RSI 72.24; 15m confirmation checked only while monitored
2026-08-18 21:35:19,NSE:BHARATFORG,2098.9,59.08,57.47,1.61,2026-08-18 21:00,54.65,52.12,2.53,YES,,,,,,,15m logic removed,HOURLY,NORMAL,,,WATCH,👀 WATCH,Weekly RSI 59.08 > 50; Hourly RSI 54.65; 15m confirmation checked only while monitored
2026-08-18 21:35:20,NSE:BHEL,425.0,66.07,65.48,0.59,2026-08-18 21:00,52.72,70.96,-18.24,NO,,,,,,,15m logic removed,HOURLY,NORMAL,,,WATCH,👀 WATCH,Weekly RSI 66.07 > 50; Hourly RSI 52.72; 15m confirmation checked only while monitored
2026-08-18 21:35:21,NSE:BOSCHLTD,48730.0,75.27,72.96,2.32,2026-08-18 21:00,77.88,60.0,17.88,YES,,,,,,,15m logic removed,HOURLY,NORMAL,,,WATCH,👀 WATCH,Weekly RSI 75.27 > 50; Hourly RSI 77.88; 15m confirmation checked only while monitored
2026-08-18 21:35:22,NSE:CAPLIPOINT,2529.7,67.13,65.36,1.77,2026-08-18 21:00,56.13,55.11,1.02,YES,,,,,,,15m logic removed,HOURLY,NORMAL,,,WATCH,👀 WATCH,Weekly RSI 67.13 > 50; Hourly RSI 56.13; 15m confirmation checked only while monitored
2026-08-18 21:35:23,NSE:CHENNPETRO,1404.0,73.68,69.87,3.81,2026-08-18 21:00,70.35,64.69,5.66,YES,,,,,,,15m logic removed,HOURLY,NORMAL,,,WATCH,👀 WATCH,Weekly RSI 73.68 > 50; Hourly RSI 70.35; 15m confirmation checked only while monitored
2026-08-18 21:35:24,NSE:COHANCE,455.2,51.21,48.61,2.6,2026-08-18 21:00,65.52,55.0,10.52,YES,,,,,,,15m logic removed,HOURLY,NORMAL,,,WATCH,👀 WATCH,Weekly RSI 51.21 > 50; Hourly RSI 65.52; 15m confirmation checked only while monitored
2026-08-18 21:35:25,NSE:CRAFTSMAN,10900.0,71.43,67.27,4.16,2026-08-18 21:00,73.51,56.49,17.02,YES,,,,,,,15m logic removed,HOURLY,NORMAL,,,WATCH,👀 WATCH,Weekly RSI 71.43 > 50; Hourly RSI 73.51; 15m confirmation checked only while monitored
2026-08-18 21:35:26,NSE:CYIENTDLM,736.1,86.1,84.24,1.86,2026-08-18 21:00,65.44,69.29,-3.85,NO,,,,,,,15m logic removed,HOURLY,NORMAL,,,WATCH,👀 WATCH,Weekly RSI 86.10 > 50; Hourly RSI 65.44; 15m confirmation checked only while monitored
2026-08-18 21:35:27,NSE:DATAPATTNS,4737.2,64.32,60.33,3.99,2026-08-18 21:00,77.59,58.21,19.38,YES,,,,,,,15m logic removed,HOURLY,NORMAL,,,WATCH,👀 WATCH,Weekly RSI 64.32 > 50; Hourly RSI 77.59; 15m confirmation checked only while monitored
2026-08-18 21:37:00,NSE:DBCORP,209.85,46.57,47.65,-1.08,2026-08-18 21:00,39.01,51.47,-12.47,NO,,,,,,,15m logic removed,15M MONITOR,MONITORING,,,IGNORE,❌ IGNORE,Weekly RSI 46.57 <= 50
2026-08-18 21:35:29,NSE:DIVISLAB,8588.0,84.19,83.43,0.76,2026-08-18 21:00,61.69,49.68,12.01,YES,,,,,,,15m logic removed,HOURLY,NORMAL,,,WATCH,👀 WATCH,Weekly RSI 84.19 > 50; Hourly RSI 61.69; 15m confirmation checked only while monitored
2026-08-18 21:35:31,NSE:DYNAMATECH,11770.0,60.06,56.53,3.53,2026-08-18 21:00,77.46,56.51,20.95,YES,,,,,,,15m logic removed,HOURLY,NORMAL,,,WATCH,👀 WATCH,Weekly RSI 60.06 > 50; Hourly RSI 77.46; 15m confirmation checked only while monitored
2026-08-18 21:37:01,NSE:EICHERMOT,8018.5,63.25,64.56,-1.31,2026-08-18 21:00,41.0,47.13,-6.13,NO,,,,,,,15m logic removed,15M MONITOR,MONITORING,,,WATCH,👀 WATCH,"Weekly RSI 63.25 > 50, but Hourly RSI has not touched 30 (current 41.00)"
2026-08-18 21:35:33,NSE:ENRIN,3593.2,56.84,55.76,1.07,2026-08-18 21:00,57.13,62.01,-4.88,NO,,,,,,,15m logic removed,HOURLY,NORMAL,,,WATCH,👀 WATCH,Weekly RSI 56.84 > 50; Hourly RSI 57.13; 15m confirmation checked only while monitored
2026-08-18 21:37:03,NSE:EXIDEIND,465.25,68.52,72.73,-4.2,2026-08-18 21:00,29.06,41.47,-12.41,NO,,,,,,,15m logic removed,15M MONITOR,MONITORING,,,WATCH,👀 WATCH,Weekly RSI 68.52 > 50 + Hourly RSI touched 30 + 15m price confirmation failed (Close 465.15 <= Previous High 466.75)
2026-08-18 21:37:04,NSE:GLAND,2858.6,73.29,79.58,-6.29,2026-08-18 21:00,41.26,48.81,-7.55,NO,,,,,,,15m logic removed,15M MONITOR,MONITORING,,,WATCH,👀 WATCH,"Weekly RSI 73.29 > 50, but Hourly RSI has not touched 30 (current 41.26)"
2026-08-18 21:37:05,NSE:GRANULES,852.05,65.21,66.44,-1.23,2026-08-18 21:00,42.8,53.96,-11.16,NO,,,,,,,15m logic removed,15M MONITOR,MONITORING,,,WATCH,👀 WATCH,"Weekly RSI 65.21 > 50, but Hourly RSI has not touched 30 (current 42.80)"
2026-08-18 21:35:37,NSE:GRSE,2677.0,52.87,50.26,2.61,2026-08-18 21:00,70.67,46.32,24.34,YES,,,,,,,15m logic removed,HOURLY,NORMAL,,,WATCH,👀 WATCH,Weekly RSI 52.87 > 50; Hourly RSI 70.67; 15m confirmation checked only while monitored
2026-08-18 21:35:38,NSE:HAL,5099.0,68.69,67.39,1.3,2026-08-18 21:00,69.82,63.95,5.87,YES,,,,,,,15m logic removed,HOURLY,NORMAL,,,WATCH,👀 WATCH,Weekly RSI 68.69 > 50; Hourly RSI 69.82; 15m confirmation checked only while monitored
2026-08-18 21:37:07,NSE:HATHWAY,10.51,43.32,44.13,-0.8,2026-08-18 21:00,34.03,42.66,-8.63,NO,,,,,,,15m logic removed,15M MONITOR,MONITORING,,,IGNORE,❌ IGNORE,Weekly RSI 43.32 <= 50
2026-08-18 21:37:08,NSE:HEROMOTOCO,5745.5,62.45,63.8,-1.35,2026-08-18 21:00,40.92,40.81,0.1,YES,,,,,,,15m logic removed,15M MONITOR,MONITORING,,,WATCH,👀 WATCH,"Weekly RSI 62.45 > 50, but Hourly RSI has not touched 30 (current 40.92)"
2026-08-18 21:35:41,NSE:HFCL,230.03,77.68,76.42,1.26,2026-08-18 21:00,65.0,43.81,21.19,YES,,,,,,,15m logic removed,HOURLY,NORMAL,,,WATCH,👀 WATCH,Weekly RSI 77.68 > 50; Hourly RSI 65.00; 15m confirmation checked only while monitored
2026-08-18 21:37:10,NSE:HONASA,474.6,68.77,79.49,-10.72,2026-08-18 21:00,40.5,45.33,-4.83,NO,,,,,,,15m logic removed,15M MONITOR,MONITORING,,,WATCH,👀 WATCH,"Weekly RSI 68.77 > 50, but Hourly RSI has not touched 30 (current 40.50)"
2026-08-18 21:35:44,NSE:HSCL,781.8,72.45,72.38,0.06,2026-08-18 21:00,54.76,57.99,-3.23,NO,,,,,,,15m logic removed,HOURLY,NORMAL,,,WATCH,👀 WATCH,Weekly RSI 72.45 > 50; Hourly RSI 54.76; 15m confirmation checked only while monitored
2026-08-18 21:35:45,NSE:IFCI,81.36,62.18,58.71,3.47,2026-08-18 21:00,73.77,64.85,8.92,YES,,,,,,,15m logic removed,HOURLY,NORMAL,,,WATCH,👀 WATCH,Weekly RSI 62.18 > 50; Hourly RSI 73.77; 15m confirmation checked only while monitored
2026-08-18 21:35:46,NSE:INOXINDIA,1959.0,73.45,72.82,0.63,2026-08-18 21:00,57.51,51.54,5.97,YES,,,,,,,15m logic removed,HOURLY,NORMAL,,,WATCH,👀 WATCH,Weekly RSI 73.45 > 50; Hourly RSI 57.51; 15m confirmation checked only while monitored
2026-08-18 21:35:47,NSE:IPCALAB,1882.1,65.57,57.98,7.59,2026-08-18 21:00,69.81,68.79,1.02,YES,,,,,,,15m logic removed,HOURLY,NORMAL,,,WATCH,👀 WATCH,Weekly RSI 65.57 > 50; Hourly RSI 69.81; 15m confirmation checked only while monitored
2026-08-18 21:35:49,NSE:JINDALSAW,268.65,61.73,61.29,0.45,2026-08-18 21:00,50.88,58.05,-7.17,NO,,,,,,,15m logic removed,HOURLY,NORMAL,,,WATCH,👀 WATCH,Weekly RSI 61.73 > 50; Hourly RSI 50.88; 15m confirmation checked only while monitored
2026-08-18 21:35:50,NSE:KIRLOSENG,2125.7,59.73,58.99,0.74,2026-08-18 21:00,59.03,50.77,8.26,YES,,,,,,,15m logic removed,HOURLY,NORMAL,,,WATCH,👀 WATCH,Weekly RSI 59.73 > 50; Hourly RSI 59.03; 15m confirmation checked only while monitored
2026-08-18 21:37:11,NSE:LALPATHLAB,1894.0,70.21,72.68,-2.48,2026-08-18 21:00,37.46,19.65,17.82,YES,,,,,,,15m logic removed,15M MONITOR,MONITORING,,,WATCH,👀 WATCH,Weekly RSI 70.21 > 50 + Hourly RSI touched 30 + 15m price confirmation failed (Close 1894.0 <= Previous High 1902.1)
2026-08-18 21:37:12,NSE:LAURUSLABS,1814.0,80.39,79.62,0.77,2026-08-18 21:00,48.77,46.24,2.54,YES,,,,,,,15m logic removed,15M MONITOR,MONITORING,,,WATCH,👀 WATCH,"Weekly RSI 80.39 > 50, but Hourly RSI has not touched 30 (current 48.77)"
2026-08-18 21:35:53,NSE:LLOYDSME,1938.6,64.23,63.36,0.86,2026-08-18 21:00,50.91,50.05,0.86,YES,,,,,,,15m logic removed,HOURLY,NORMAL,,,WATCH,👀 WATCH,Weekly RSI 64.23 > 50; Hourly RSI 50.91; 15m confirmation checked only while monitored
2026-08-18 21:35:54,NSE:M&M,3421.5,57.33,57.66,-0.34,2026-08-18 21:00,51.1,39.7,11.4,YES,,,,,,,15m logic removed,HOURLY,NORMAL,,,WATCH,👀 WATCH,Weekly RSI 57.33 > 50; Hourly RSI 51.10; 15m confirmation checked only while monitored
2026-08-18 21:35:55,NSE:MIDHANI,437.5,59.82,55.61,4.21,2026-08-18 21:00,58.05,51.38,6.67,YES,,,,,,,15m logic removed,HOURLY,NORMAL,,,WATCH,👀 WATCH,Weekly RSI 59.82 > 50; Hourly RSI 58.05; 15m confirmation checked only while monitored
2026-08-18 21:35:56,NSE:MOTHERSON,170.4,74.96,74.11,0.85,2026-08-18 21:00,66.35,50.12,16.23,YES,,,,,,,15m logic removed,HOURLY,NORMAL,,,WATCH,👀 WATCH,Weekly RSI 74.96 > 50; Hourly RSI 66.35; 15m confirmation checked only while monitored
2026-08-18 21:35:57,NSE:MTARTECH,7132.0,60.84,60.33,0.5,2026-08-18 21:00,53.93,49.9,4.03,YES,,,,,,,15m logic removed,HOURLY,NORMAL,,,WATCH,👀 WATCH,Weekly RSI 60.84 > 50; Hourly RSI 53.93; 15m confirmation checked only while monitored
2026-08-18 21:35:58,NSE:NETWEB,5354.5,67.55,63.88,3.67,2026-08-18 21:00,74.67,66.61,8.06,YES,,,,,,,15m logic removed,HOURLY,NORMAL,,,WATCH,👀 WATCH,Weekly RSI 67.55 > 50; Hourly RSI 74.67; 15m confirmation checked only while monitored
2026-08-18 21:37:14,NSE:NETWORK18,28.51,35.36,36.45,-1.08,2026-08-18 21:00,37.23,52.52,-15.29,NO,,,,,,,15m logic removed,15M MONITOR,MONITORING,,,IGNORE,❌ IGNORE,Weekly RSI 35.36 <= 50
2026-08-18 21:36:00,NSE:NEULANDLAB,23399.0,77.65,77.48,0.16,2026-08-18 21:00,56.35,67.9,-11.55,NO,,,,,,,15m logic removed,HOURLY,NORMAL,,,WATCH,👀 WATCH,Weekly RSI 77.65 > 50; Hourly RSI 56.35; 15m confirmation checked only while monitored
2026-08-18 21:36:01,NSE:PARAS,1527.3,74.19,69.95,4.24,2026-08-18 21:00,87.72,69.69,18.03,YES,,,,,,,15m logic removed,HOURLY,NORMAL,,,WATCH,👀 WATCH,Weekly RSI 74.19 > 50; Hourly RSI 87.72; 15m confirmation checked only while monitored
2026-08-18 21:36:03,NSE:PFOCUS,286.25,56.77,52.7,4.07,2026-08-18 21:00,69.11,35.15,33.96,YES,,,,,,,15m logic removed,HOURLY,NORMAL,,,WATCH,👀 WATCH,Weekly RSI 56.77 > 50; Hourly RSI 69.11; 15m confirmation checked only while monitored
2026-08-18 21:36:04,NSE:POLYMED,1784.7,60.58,60.69,-0.11,2026-08-18 21:00,50.84,37.37,13.47,YES,,,,,,,15m logic removed,HOURLY,NORMAL,,,WATCH,👀 WATCH,Weekly RSI 60.58 > 50; Hourly RSI 50.84; 15m confirmation checked only while monitored
2026-08-18 21:37:15,NSE:POWERINDIA,35275.0,61.12,62.34,-1.22,2026-08-18 21:00,46.05,51.15,-5.1,NO,,,,,,,15m logic removed,15M MONITOR,MONITORING,,,WATCH,👀 WATCH,"Weekly RSI 61.12 > 50, but Hourly RSI has not touched 30 (current 46.05)"
2026-08-18 21:36:06,NSE:PPLPHARMA,210.53,70.23,68.8,1.44,2026-08-18 21:00,56.75,36.42,20.33,YES,,,,,,,15m logic removed,HOURLY,NORMAL,,,WATCH,👀 WATCH,Weekly RSI 70.23 > 50; Hourly RSI 56.75; 15m confirmation checked only while monitored
2026-08-18 21:36:07,NSE:PVRINOX,1198.1,70.33,68.44,1.89,2026-08-18 21:00,59.27,57.9,1.37,YES,,,,,,,15m logic removed,HOURLY,NORMAL,,,WATCH,👀 WATCH,Weekly RSI 70.33 > 50; Hourly RSI 59.27; 15m confirmation checked only while monitored
2026-08-18 21:36:08,NSE:RADICO,4732.9,87.42,86.65,0.76,2026-08-18 21:00,76.02,70.69,5.33,YES,,,,,,,15m logic removed,HOURLY,NORMAL,,,WATCH,👀 WATCH,Weekly RSI 87.42 > 50; Hourly RSI 76.02; 15m confirmation checked only while monitored
2026-08-18 21:36:09,NSE:RKFORGE,754.35,74.19,72.41,1.78,2026-08-18 21:00,66.39,65.72,0.67,YES,,,,,,,15m logic removed,HOURLY,NORMAL,,,WATCH,👀 WATCH,Weekly RSI 74.19 > 50; Hourly RSI 66.39; 15m confirmation checked only while monitored
2026-08-18 21:36:10,NSE:RRKABEL,2784.9,77.27,77.31,-0.04,2026-08-18 21:00,53.58,44.81,8.77,YES,,,,,,,15m logic removed,HOURLY,NORMAL,,,WATCH,👀 WATCH,Weekly RSI 77.27 > 50; Hourly RSI 53.58; 15m confirmation checked only while monitored
2026-08-18 21:36:11,NSE:SAILIFE,1443.4,79.16,80.21,-1.05,2026-08-18 21:00,53.31,37.28,16.03,YES,,,,,,,15m logic removed,HOURLY,NORMAL,,,WATCH,👀 WATCH,Weekly RSI 79.16 > 50; Hourly RSI 53.31; 15m confirmation checked only while monitored
2026-08-18 21:37:16,NSE:SAREGAMA,513.95,68.46,73.51,-5.05,2026-08-18 21:00,40.54,45.51,-4.97,NO,,,,,,,15m logic removed,15M MONITOR,MONITORING,,,WATCH,👀 WATCH,"Weekly RSI 68.46 > 50, but Hourly RSI has not touched 30 (current 40.54)"
2026-08-18 21:36:13,NSE:SOLARINDS,20280.0,72.47,71.31,1.15,2026-08-18 21:00,67.18,61.19,5.99,YES,,,,,,,15m logic removed,HOURLY,NORMAL,,,WATCH,👀 WATCH,Weekly RSI 72.47 > 50; Hourly RSI 67.18; 15m confirmation checked only while monitored
2026-08-18 21:36:14,NSE:SONACOMS,824.0,78.57,76.36,2.22,2026-08-18 21:00,69.88,54.21,15.67,YES,,,,,,,15m logic removed,HOURLY,NORMAL,,,WATCH,👀 WATCH,Weekly RSI 78.57 > 50; Hourly RSI 69.88; 15m confirmation checked only while monitored
2026-08-18 21:37:18,NSE:SUNTV,482.8,38.76,39.09,-0.32,2026-08-18 21:00,42.99,51.97,-8.98,NO,,,,,,,15m logic removed,15M MONITOR,MONITORING,,,IGNORE,❌ IGNORE,Weekly RSI 38.76 <= 50
2026-08-18 21:36:17,NSE:SYRMA,1500.1,70.65,69.38,1.27,2026-08-18 21:00,60.15,50.95,9.2,YES,,,,,,,15m logic removed,HOURLY,NORMAL,,,WATCH,👀 WATCH,Weekly RSI 70.65 > 50; Hourly RSI 60.15; 15m confirmation checked only while monitored
2026-08-18 21:37:20,NSE:TIPSMUSIC,655.5,53.16,55.56,-2.4,2026-08-18 21:00,37.38,37.43,-0.05,NO,,,,,,,15m logic removed,15M MONITOR,MONITORING,,,WATCH,👀 WATCH,"Weekly RSI 53.16 > 50, but Hourly RSI has not touched 30 (current 37.38)"
2026-08-18 21:36:19,NSE:TORNTPHARM,4971.0,64.25,61.07,3.18,2026-08-18 21:00,63.55,53.64,9.91,YES,,,,,,,15m logic removed,HOURLY,NORMAL,,,WATCH,👀 WATCH,Weekly RSI 64.25 > 50; Hourly RSI 63.55; 15m confirmation checked only while monitored
2026-08-18 21:37:21,NSE:TVSMOTOR,4356.8,68.14,67.22,0.92,2026-08-18 21:00,49.58,57.39,-7.81,NO,,,,,,,15m logic removed,15M MONITOR,MONITORING,,,WATCH,👀 WATCH,"Weekly RSI 68.14 > 50, but Hourly RSI has not touched 30 (current 49.58)"
2026-08-18 21:36:21,NSE:UNIMECH,1517.4,75.51,76.02,-0.51,2026-08-18 21:00,63.13,60.47,2.66,YES,,,,,,,15m logic removed,HOURLY,NORMAL,,,WATCH,👀 WATCH,Weekly RSI 75.51 > 50; Hourly RSI 63.13; 15m confirmation checked only while monitored
2026-08-18 21:36:22,NSE:UNOMINDA,1273.0,61.01,58.5,2.51,2026-08-18 21:00,66.53,64.62,1.91,YES,,,,,,,15m logic removed,HOURLY,NORMAL,,,WATCH,👀 WATCH,Weekly RSI 61.01 > 50; Hourly RSI 66.53; 15m confirmation checked only while monitored
2026-08-18 21:36:23,NSE:VIJAYA,1497.3,70.7,69.58,1.11,2026-08-18 21:00,57.31,63.24,-5.93,NO,,,,,,,15m logic removed,HOURLY,NORMAL,,,WATCH,👀 WATCH,Weekly RSI 70.70 > 50; Hourly RSI 57.31; 15m confirmation checked only while monitored
2026-08-18 21:36:24,NSE:WELCORP,1917.1,89.15,88.47,0.69,2026-08-18 21:00,72.08,59.84,12.25,YES,,,,,,,15m logic removed,HOURLY,NORMAL,,,WATCH,👀 WATCH,Weekly RSI 89.15 > 50; Hourly RSI 72.08; 15m confirmation checked only while monitored
2026-08-18 21:37:22,NSE:WOCKPHARMA,1859.9,56.61,60.66,-4.05,2026-08-18 21:00,32.33,42.6,-10.27,NO,,,,,,,15m logic removed,15M MONITOR,MONITORING,,,WATCH,👀 WATCH,"Weekly RSI 56.61 > 50, but Hourly RSI has not touched 30 (current 32.33)"
2026-08-18 21:36:26,NSE:ZEEL,105.32,53.61,51.98,1.63,2026-08-18 21:00,69.64,68.7,0.94,YES,,,,,,,15m logic removed,HOURLY,NORMAL,,,WATCH,👀 WATCH,Weekly RSI 53.61 > 50; Hourly RSI 69.64; 15m confirmation checked only while monitored
2026-08-18 21:36:27,NSE:ZENTEC,1982.4,63.13,58.95,4.18,2026-08-18 21:00,82.9,63.11,19.79,YES,,,,,,,15m logic removed,HOURLY,NORMAL,,,WATCH,👀 WATCH,Weekly RSI 63.13 > 50; Hourly RSI 82.90; 15m confirmation checked only while monitored
2026-08-18 21:36:28,PARAS,1527.3,74.19,69.95,4.24,2026-08-18 21:00,87.72,69.69,18.03,YES,,,,,,,15m logic removed,HOURLY,NORMAL,,,WATCH,👀 WATCH,Weekly RSI 74.19 > 50; Hourly RSI 87.72; 15m confirmation checked only while monitored
2026-08-18 21:37:24,KALYANKJIL,601.6,70.37,71.82,-1.45,2026-08-18 21:00,42.33,51.96,-9.63,NO,,,,,,,15m logic removed,15M MONITOR,MONITORING,,,WATCH,👀 WATCH,"Weekly RSI 70.37 > 50, but Hourly RSI has not touched 30 (current 42.33)"
2026-08-18 21:36:30,CYIENTDLM,736.1,86.1,84.24,1.86,2026-08-18 21:00,65.44,69.29,-3.85,NO,,,,,,,15m logic removed,HOURLY,NORMAL,,,WATCH,👀 WATCH,Weekly RSI 86.10 > 50; Hourly RSI 65.44; 15m confirmation checked only while monitored
2026-08-18 21:36:31,UNIMECH,1517.4,75.51,76.02,-0.51,2026-08-18 21:00,63.13,60.47,2.66,YES,,,,,,,15m logic removed,HOURLY,NORMAL,,,WATCH,👀 WATCH,Weekly RSI 75.51 > 50; Hourly RSI 63.13; 15m confirmation checked only while monitored
2026-08-18 21:36:33,SYRMA,1500.1,70.65,69.38,1.27,2026-08-18 21:00,60.15,50.95,9.2,YES,,,,,,,15m logic removed,HOURLY,NORMAL,,,WATCH,👀 WATCH,Weekly RSI 70.65 > 50; Hourly RSI 60.15; 15m confirmation checked only while monitored
2026-08-18 21:36:34,HFCL,230.03,77.68,76.42,1.26,2026-08-18 21:00,65.0,43.81,21.19,YES,,,,,,,15m logic removed,HOURLY,NORMAL,,,WATCH,👀 WATCH,Weekly RSI 77.68 > 50; Hourly RSI 65.00; 15m confirmation checked only while monitored
2026-08-18 21:36:35,WELCORP,1917.1,89.15,88.47,0.69,2026-08-18 21:00,72.08,59.84,12.25,YES,,,,,,,15m logic removed,HOURLY,NORMAL,,,WATCH,👀 WATCH,Weekly RSI 89.15 > 50; Hourly RSI 72.08; 15m confirmation checked only while monitored
2026-08-18 21:36:36,TBOTEK,1708.2,68.07,64.85,3.22,2026-08-18 21:00,72.86,71.12,1.75,YES,,,,,,,15m logic removed,HOURLY,NORMAL,,,WATCH,👀 WATCH,Weekly RSI 68.07 > 50; Hourly RSI 72.86; 15m confirmation checked only while monitored
2026-08-18 21:36:37,NAUKRI,1354.9,70.89,70.25,0.64,2026-08-18 21:00,55.79,56.44,-0.65,NO,,,,,,,15m logic removed,HOURLY,NORMAL,,,WATCH,👀 WATCH,Weekly RSI 70.89 > 50; Hourly RSI 55.79; 15m confirmation checked only while monitored
2026-08-18 21:36:38,AKUMS,744.15,72.28,70.82,1.46,2026-08-18 21:00,54.22,53.28,0.94,YES,,,,,,,15m logic removed,HOURLY,NORMAL,,,WATCH,👀 WATCH,Weekly RSI 72.28 > 50; Hourly RSI 54.22; 15m confirmation checked only while monitored
2026-08-18 21:36:39,DYNAMATECH,11770.0,60.06,56.53,3.53,2026-08-18 21:00,77.46,56.51,20.95,YES,,,,,,,15m logic removed,HOURLY,NORMAL,,,WATCH,👀 WATCH,Weekly RSI 60.06 > 50; Hourly RSI 77.46; 15m confirmation checked only while monitored
2026-08-18 21:36:40,ZENTEC,1982.4,63.13,58.95,4.18,2026-08-18 21:00,82.9,63.11,19.79,YES,,,,,,,15m logic removed,HOURLY,NORMAL,,,WATCH,👀 WATCH,Weekly RSI 63.13 > 50; Hourly RSI 82.90; 15m confirmation checked only while monitored
2026-08-18 21:37:25,PAYTM,1546.3,68.61,73.5,-4.89,2026-08-18 21:00,31.67,41.86,-10.19,NO,,,,,,,15m logic removed,15M MONITOR,MONITORING,,,WATCH,👀 WATCH,"Weekly RSI 68.61 > 50, but Hourly RSI has not touched 30 (current 31.67)"
2026-08-18 21:36:43,TIINDIA,2959.0,53.77,44.2,9.57,2026-08-18 21:00,75.54,46.44,29.1,YES,,,,,,,15m logic removed,HOURLY,NORMAL,,,WATCH,👀 WATCH,Weekly RSI 53.77 > 50; Hourly RSI 75.54; 15m confirmation checked only while monitored
2026-08-18 21:36:44,GLAXO,2877.4,68.11,61.82,6.29,2026-08-18 21:00,91.03,70.61,20.42,YES,,,,,,,15m logic removed,HOURLY,NORMAL,,,WATCH,👀 WATCH,Weekly RSI 68.11 > 50; Hourly RSI 91.03; 15m confirmation checked only while monitored
2026-08-18 21:36:46,ACE,1184.8,74.31,66.77,7.55,2026-08-18 21:00,84.83,68.49,16.34,YES,,,,,,,15m logic removed,HOURLY,NORMAL,,,WATCH,👀 WATCH,Weekly RSI 74.31 > 50; Hourly RSI 84.83; 15m confirmation checked only while monitored
2026-08-18 21:36:48,HEG,739.25,71.21,67.84,3.38,2026-08-18 21:00,72.05,52.5,19.55,YES,,,,,,,15m logic removed,HOURLY,NORMAL,,,WATCH,👀 WATCH,Weekly RSI 71.21 > 50; Hourly RSI 72.05; 15m confirmation checked only while monitored
2026-08-18 21:36:49,WELSPUNLIV,177.79,69.65,63.21,6.44,2026-08-18 21:00,69.28,55.81,13.47,YES,,,,,,,15m logic removed,HOURLY,NORMAL,,,WATCH,👀 WATCH,Weekly RSI 69.65 > 50; Hourly RSI 69.28; 15m confirmation checked only while monitored
2026-08-18 21:54:21,NSE:LGEINDIA,1649.4,54.84,60.65,-5.82,2026-08-18 21:00,50.36,55.5,-5.13,NO,,,,,,,15m logic removed,HOURLY,NORMAL,,,WATCH,👀 WATCH,Weekly RSI 54.84 > 50; Hourly RSI 50.36; 15m confirmation checked only while monitored
2026-08-18 21:56:09,NSE:ASTRAL,1520.0,51.77,54.81,-3.04,2026-08-18 21:00,43.98,54.86,-10.88,NO,,,,,,,15m logic removed,15M MONITOR,MONITORING,,,WATCH,👀 WATCH,"Weekly RSI 51.77 > 50, but Hourly RSI has not touched 30 (current 43.98)"
2026-08-18 21:54:23,NSE:FINCABLES,1329.35,69.23,65.92,3.32,2026-08-18 21:00,75.93,73.98,1.95,YES,,,,,,,15m logic removed,HOURLY,NORMAL,,,WATCH,👀 WATCH,Weekly RSI 69.23 > 50; Hourly RSI 75.93; 15m confirmation checked only while monitored
2026-08-18 21:54:24,NSE:GODREJAGRO,588.7,52.01,50.07,1.94,2026-08-18 21:00,66.82,74.36,-7.55,NO,,,,,,,15m logic removed,HOURLY,NORMAL,,,WATCH,👀 WATCH,Weekly RSI 52.01 > 50; Hourly RSI 66.82; 15m confirmation checked only while monitored
2026-08-18 21:54:25,NSE:HAPPSTMNDS,419.95,57.42,57.5,-0.08,2026-08-18 21:00,57.82,66.54,-8.72,NO,,,,,,,15m logic removed,HOURLY,NORMAL,,,WATCH,👀 WATCH,Weekly RSI 57.42 > 50; Hourly RSI 57.82; 15m confirmation checked only while monitored
2026-08-18 21:54:27,NSE:NAZARA,355.55,72.56,72.74,-0.19,2026-08-18 21:00,54.06,36.05,18.02,YES,,,,,,,15m logic removed,HOURLY,NORMAL,,,WATCH,👀 WATCH,Weekly RSI 72.56 > 50; Hourly RSI 54.06; 15m confirmation checked only while monitored
2026-08-18 21:56:10,NSE:OFSS,11623.0,65.6,68.0,-2.4,2026-08-18 21:00,43.54,55.31,-11.77,NO,,,,,,,15m logic removed,15M MONITOR,MONITORING,,,WATCH,👀 WATCH,"Weekly RSI 65.60 > 50, but Hourly RSI has not touched 30 (current 43.54)"
2026-08-18 21:56:11,NSE:REDINGTON,326.3,62.74,64.98,-2.23,2026-08-18 21:00,27.13,36.71,-9.58,NO,,,,,,,15m logic removed,15M MONITOR,MONITORING,,,WATCH,👀 WATCH,Weekly RSI 62.74 > 50 + Hourly RSI touched 30 + 15m price confirmation failed (Close 326.0 <= Previous High 327.0)
2026-08-18 21:54:29,NSE:AARTIIND,530.1,64.98,66.18,-1.21,2026-08-18 21:00,54.28,49.76,4.52,YES,,,,,,,15m logic removed,HOURLY,NORMAL,,,WATCH,👀 WATCH,Weekly RSI 64.98 > 50; Hourly RSI 54.28; 15m confirmation checked only while monitored
2026-08-18 21:56:13,NSE:ABB,7546.0,61.38,63.4,-2.02,2026-08-18 21:00,33.56,46.3,-12.74,NO,,,,,,,15m logic removed,15M MONITOR,MONITORING,,,WATCH,👀 WATCH,"Weekly RSI 61.38 > 50, but Hourly RSI has not touched 30 (current 33.56)"
2026-08-18 21:54:31,NSE:ACMESOLAR,371.75,64.84,65.76,-0.92,2026-08-18 21:00,53.51,36.88,16.64,YES,,,,,,,15m logic removed,HOURLY,NORMAL,,,WATCH,👀 WATCH,Weekly RSI 64.84 > 50; Hourly RSI 53.51; 15m confirmation checked only while monitored
2026-08-18 21:54:32,NSE:ADANIENSOL,1603.0,64.84,66.1,-1.25,2026-08-18 21:00,51.08,42.84,8.24,YES,,,,,,,15m logic removed,HOURLY,NORMAL,,,WATCH,👀 WATCH,Weekly RSI 64.84 > 50; Hourly RSI 51.08; 15m confirmation checked only while monitored
2026-08-18 21:54:34,NSE:AEGISLOG,1367.7,70.37,66.7,3.67,2026-08-18 21:00,76.94,53.03,23.91,YES,,,,,,,15m logic removed,HOURLY,NORMAL,,,WATCH,👀 WATCH,Weekly RSI 70.37 > 50; Hourly RSI 76.94; 15m confirmation checked only while monitored
2026-08-18 21:54:34,NSE:AJANTPHARM,3706.4,75.11,74.36,0.75,2026-08-18 21:00,70.06,78.51,-8.45,NO,,,,,,,15m logic removed,HOURLY,NORMAL,,,WATCH,👀 WATCH,Weekly RSI 75.11 > 50; Hourly RSI 70.06; 15m confirmation checked only while monitored
2026-08-18 21:54:35,NSE:AKUMS,744.15,72.28,70.82,1.46,2026-08-18 21:00,54.22,53.28,0.94,YES,,,,,,,15m logic removed,HOURLY,NORMAL,,,WATCH,👀 WATCH,Weekly RSI 72.28 > 50; Hourly RSI 54.22; 15m confirmation checked only while monitored
2026-08-18 21:54:36,NSE:ALIVUS,1400.0,78.95,78.41,0.54,2026-08-18 21:00,61.43,59.17,2.27,YES,,,,,,,15m logic removed,HOURLY,NORMAL,,,WATCH,👀 WATCH,Weekly RSI 78.95 > 50; Hourly RSI 61.43; 15m confirmation checked only while monitored
2026-08-18 21:54:37,NSE:ANANDRATHI,2194.8,75.68,74.94,0.74,2026-08-18 21:00,62.74,50.24,12.5,YES,,,,,,,15m logic removed,HOURLY,NORMAL,,,WATCH,👀 WATCH,Weekly RSI 75.68 > 50; Hourly RSI 62.74; 15m confirmation checked only while monitored
2026-08-18 21:54:38,NSE:APARINDS,17214.0,73.17,71.5,1.67,2026-08-18 21:00,60.98,42.37,18.61,YES,,,,,,,15m logic removed,HOURLY,NORMAL,,,WATCH,👀 WATCH,Weekly RSI 73.17 > 50; Hourly RSI 60.98; 15m confirmation checked only while monitored
2026-08-18 21:54:39,NSE:ASHOKLEY,176.35,56.26,54.11,2.14,2026-08-18 21:00,51.47,53.92,-2.45,NO,,,,,,,15m logic removed,HOURLY,NORMAL,,,WATCH,👀 WATCH,Weekly RSI 56.26 > 50; Hourly RSI 51.47; 15m confirmation checked only while monitored
2026-08-18 21:54:40,NSE:ASTRAMICRO,1767.4,68.74,67.72,1.02,2026-08-18 21:00,64.35,42.97,21.38,YES,,,,,,,15m logic removed,HOURLY,NORMAL,,,WATCH,👀 WATCH,Weekly RSI 68.74 > 50; Hourly RSI 64.35; 15m confirmation checked only while monitored
2026-08-18 21:56:14,NSE:ATHERENERG,1465.8,76.3,80.74,-4.43,2026-08-18 21:00,30.54,35.93,-5.39,NO,,,,,,,15m logic removed,15M MONITOR,MONITORING,,,SETUP,🔥 SETUP,Weekly RSI 76.30 > 50 + Hourly RSI touched 30 + 15m Close > Previous 15m High
2026-08-18 21:54:42,NSE:AUROPHARMA,1645.0,68.53,67.08,1.45,2026-08-18 21:00,53.23,44.03,9.2,YES,,,,,,,15m logic removed,HOURLY,NORMAL,,,WATCH,👀 WATCH,Weekly RSI 68.53 > 50; Hourly RSI 53.23; 15m confirmation checked only while monitored
2026-08-18 21:56:15,NSE:BAJAJ-AUTO,11607.0,70.09,72.09,-2.0,2026-08-18 21:00,38.01,44.04,-6.02,NO,,,,,,,15m logic removed,15M MONITOR,MONITORING,,,WATCH,👀 WATCH,"Weekly RSI 70.09 > 50, but Hourly RSI has not touched 30 (current 38.01)"
2026-08-18 21:54:44,NSE:BALRAMCHIN,653.25,73.66,70.01,3.65,2026-08-18 21:00,68.87,72.74,-3.87,NO,,,,,,,15m logic removed,HOURLY,NORMAL,,,WATCH,👀 WATCH,Weekly RSI 73.66 > 50; Hourly RSI 68.87; 15m confirmation checked only while monitored
2026-08-18 21:54:45,NSE:BDL,1393.0,54.21,54.59,-0.37,2026-08-18 21:00,65.02,59.46,5.56,YES,,,,,,,15m logic removed,HOURLY,NORMAL,,,WATCH,👀 WATCH,Weekly RSI 54.21 > 50; Hourly RSI 65.02; 15m confirmation checked only while monitored
2026-08-18 21:54:46,NSE:BEML,1965.5,60.28,55.85,4.43,2026-08-18 21:00,72.24,57.48,14.77,YES,,,,,,,15m logic removed,HOURLY,NORMAL,,,WATCH,👀 WATCH,Weekly RSI 60.28 > 50; Hourly RSI 72.24; 15m confirmation checked only while monitored
2026-08-18 21:54:47,NSE:BHARATFORG,2098.9,59.08,57.47,1.61,2026-08-18 21:00,54.65,52.12,2.53,YES,,,,,,,15m logic removed,HOURLY,NORMAL,,,WATCH,👀 WATCH,Weekly RSI 59.08 > 50; Hourly RSI 54.65; 15m confirmation checked only while monitored
2026-08-18 21:54:47,NSE:BHEL,425.0,66.07,65.48,0.59,2026-08-18 21:00,52.72,70.96,-18.24,NO,,,,,,,15m logic removed,HOURLY,NORMAL,,,WATCH,👀 WATCH,Weekly RSI 66.07 > 50; Hourly RSI 52.72; 15m confirmation checked only while monitored
2026-08-18 21:54:48,NSE:BOSCHLTD,48730.0,75.27,72.96,2.32,2026-08-18 21:00,77.88,60.0,17.88,YES,,,,,,,15m logic removed,HOURLY,NORMAL,,,WATCH,👀 WATCH,Weekly RSI 75.27 > 50; Hourly RSI 77.88; 15m confirmation checked only while monitored
2026-08-18 21:54:49,NSE:CAPLIPOINT,2529.7,67.13,65.36,1.77,2026-08-18 21:00,56.13,55.11,1.02,YES,,,,,,,15m logic removed,HOURLY,NORMAL,,,WATCH,👀 WATCH,Weekly RSI 67.13 > 50; Hourly RSI 56.13; 15m confirmation checked only while monitored
2026-08-18 21:54:51,NSE:CHENNPETRO,1404.0,73.68,69.87,3.81,2026-08-18 21:00,70.35,64.69,5.66,YES,,,,,,,15m logic removed,HOURLY,NORMAL,,,WATCH,👀 WATCH,Weekly RSI 73.68 > 50; Hourly RSI 70.35; 15m confirmation checked only while monitored
2026-08-18 21:54:52,NSE:COHANCE,455.2,51.21,48.61,2.6,2026-08-18 21:00,65.52,55.0,10.52,YES,,,,,,,15m logic removed,HOURLY,NORMAL,,,WATCH,👀 WATCH,Weekly RSI 51.21 > 50; Hourly RSI 65.52; 15m confirmation checked only while monitored
2026-08-18 21:54:53,NSE:CRAFTSMAN,10900.0,71.43,67.27,4.16,2026-08-18 21:00,73.51,56.49,17.02,YES,,,,,,,15m logic removed,HOURLY,NORMAL,,,WATCH,👀 WATCH,Weekly RSI 71.43 > 50; Hourly RSI 73.51; 15m confirmation checked only while monitored
2026-08-18 21:54:54,NSE:CYIENTDLM,736.1,86.1,84.24,1.86,2026-08-18 21:00,65.44,69.29,-3.85,NO,,,,,,,15m logic removed,HOURLY,NORMAL,,,WATCH,👀 WATCH,Weekly RSI 86.10 > 50; Hourly RSI 65.44; 15m confirmation checked only while monitored
2026-08-18 21:54:55,NSE:DATAPATTNS,4737.2,64.32,60.33,3.99,2026-08-18 21:00,77.59,58.21,19.38,YES,,,,,,,15m logic removed,HOURLY,NORMAL,,,WATCH,👀 WATCH,Weekly RSI 64.32 > 50; Hourly RSI 77.59; 15m confirmation checked only while monitored
2026-08-18 21:56:16,NSE:DBCORP,209.85,46.57,47.65,-1.08,2026-08-18 21:00,39.01,51.47,-12.47,NO,,,,,,,15m logic removed,15M MONITOR,MONITORING,,,IGNORE,❌ IGNORE,Weekly RSI 46.57 <= 50
2026-08-18 21:54:57,NSE:DIVISLAB,8588.0,84.19,83.43,0.76,2026-08-18 21:00,61.69,49.68,12.01,YES,,,,,,,15m logic removed,HOURLY,NORMAL,,,WATCH,👀 WATCH,Weekly RSI 84.19 > 50; Hourly RSI 61.69; 15m confirmation checked only while monitored
2026-08-18 21:54:58,NSE:DYNAMATECH,11770.0,60.06,56.53,3.53,2026-08-18 21:00,77.46,56.51,20.95,YES,,,,,,,15m logic removed,HOURLY,NORMAL,,,WATCH,👀 WATCH,Weekly RSI 60.06 > 50; Hourly RSI 77.46; 15m confirmation checked only while monitored
2026-08-18 21:56:17,NSE:EICHERMOT,8018.5,63.25,64.56,-1.31,2026-08-18 21:00,41.0,47.13,-6.13,NO,,,,,,,15m logic removed,15M MONITOR,MONITORING,,,WATCH,👀 WATCH,"Weekly RSI 63.25 > 50, but Hourly RSI has not touched 30 (current 41.00)"
2026-08-18 21:55:00,NSE:ENRIN,3593.2,56.84,55.76,1.07,2026-08-18 21:00,57.13,62.01,-4.88,NO,,,,,,,15m logic removed,HOURLY,NORMAL,,,WATCH,👀 WATCH,Weekly RSI 56.84 > 50; Hourly RSI 57.13; 15m confirmation checked only while monitored
2026-08-18 21:56:19,NSE:EXIDEIND,465.25,68.52,72.73,-4.2,2026-08-18 21:00,29.06,41.47,-12.41,NO,,,,,,,15m logic removed,15M MONITOR,MONITORING,,,WATCH,👀 WATCH,Weekly RSI 68.52 > 50 + Hourly RSI touched 30 + 15m price confirmation failed (Close 465.15 <= Previous High 466.75)
2026-08-18 21:56:20,NSE:GLAND,2858.6,73.29,79.58,-6.29,2026-08-18 21:00,41.26,48.81,-7.55,NO,,,,,,,15m logic removed,15M MONITOR,MONITORING,,,WATCH,👀 WATCH,"Weekly RSI 73.29 > 50, but Hourly RSI has not touched 30 (current 41.26)"
2026-08-18 21:56:21,NSE:GRANULES,852.05,65.21,66.44,-1.23,2026-08-18 21:00,42.8,53.96,-11.16,NO,,,,,,,15m logic removed,15M MONITOR,MONITORING,,,WATCH,👀 WATCH,"Weekly RSI 65.21 > 50, but Hourly RSI has not touched 30 (current 42.80)"
2026-08-18 21:55:04,NSE:GRSE,2677.0,52.87,50.26,2.61,2026-08-18 21:00,70.67,46.32,24.34,YES,,,,,,,15m logic removed,HOURLY,NORMAL,,,WATCH,👀 WATCH,Weekly RSI 52.87 > 50; Hourly RSI 70.67; 15m confirmation checked only while monitored
2026-08-18 21:55:05,NSE:HAL,5099.0,68.69,67.39,1.3,2026-08-18 21:00,69.82,63.95,5.87,YES,,,,,,,15m logic removed,HOURLY,NORMAL,,,WATCH,👀 WATCH,Weekly RSI 68.69 > 50; Hourly RSI 69.82; 15m confirmation checked only while monitored
2026-08-18 21:56:23,NSE:HATHWAY,10.51,43.32,44.13,-0.8,2026-08-18 21:00,34.03,42.66,-8.63,NO,,,,,,,15m logic removed,15M MONITOR,MONITORING,,,IGNORE,❌ IGNORE,Weekly RSI 43.32 <= 50
2026-08-18 21:56:24,NSE:HEROMOTOCO,5745.5,62.45,63.8,-1.35,2026-08-18 21:00,40.92,40.81,0.1,YES,,,,,,,15m logic removed,15M MONITOR,MONITORING,,,WATCH,👀 WATCH,"Weekly RSI 62.45 > 50, but Hourly RSI has not touched 30 (current 40.92)"
2026-08-18 21:55:08,NSE:HFCL,230.03,77.68,76.42,1.26,2026-08-18 21:00,65.0,43.81,21.19,YES,,,,,,,15m logic removed,HOURLY,NORMAL,,,WATCH,👀 WATCH,Weekly RSI 77.68 > 50; Hourly RSI 65.00; 15m confirmation checked only while monitored
2026-08-18 21:56:25,NSE:HONASA,474.6,68.77,79.49,-10.72,2026-08-18 21:00,40.5,45.33,-4.83,NO,,,,,,,15m logic removed,15M MONITOR,MONITORING,,,WATCH,👀 WATCH,"Weekly RSI 68.77 > 50, but Hourly RSI has not touched 30 (current 40.50)"
2026-08-18 21:55:10,NSE:HSCL,781.8,72.45,72.38,0.06,2026-08-18 21:00,54.76,57.99,-3.23,NO,,,,,,,15m logic removed,HOURLY,NORMAL,,,WATCH,👀 WATCH,Weekly RSI 72.45 > 50; Hourly RSI 54.76; 15m confirmation checked only while monitored
2026-08-18 21:55:11,NSE:IFCI,81.36,62.18,58.71,3.47,2026-08-18 21:00,73.77,64.85,8.92,YES,,,,,,,15m logic removed,HOURLY,NORMAL,,,WATCH,👀 WATCH,Weekly RSI 62.18 > 50; Hourly RSI 73.77; 15m confirmation checked only while monitored
2026-08-18 21:55:12,NSE:INOXINDIA,1959.0,73.45,72.82,0.63,2026-08-18 21:00,57.51,51.54,5.97,YES,,,,,,,15m logic removed,HOURLY,NORMAL,,,WATCH,👀 WATCH,Weekly RSI 73.45 > 50; Hourly RSI 57.51; 15m confirmation checked only while monitored
2026-08-18 21:55:13,NSE:IPCALAB,1882.1,65.57,57.98,7.59,2026-08-18 21:00,69.81,68.79,1.02,YES,,,,,,,15m logic removed,HOURLY,NORMAL,,,WATCH,👀 WATCH,Weekly RSI 65.57 > 50; Hourly RSI 69.81; 15m confirmation checked only while monitored
2026-08-18 21:55:14,NSE:JINDALSAW,268.65,61.73,61.29,0.45,2026-08-18 21:00,50.88,58.05,-7.17,NO,,,,,,,15m logic removed,HOURLY,NORMAL,,,WATCH,👀 WATCH,Weekly RSI 61.73 > 50; Hourly RSI 50.88; 15m confirmation checked only while monitored
2026-08-18 21:55:15,NSE:KIRLOSENG,2125.7,59.73,58.99,0.74,2026-08-18 21:00,59.03,50.77,8.26,YES,,,,,,,15m logic removed,HOURLY,NORMAL,,,WATCH,👀 WATCH,Weekly RSI 59.73 > 50; Hourly RSI 59.03; 15m confirmation checked only while monitored
2026-08-18 21:56:27,NSE:LALPATHLAB,1894.0,70.21,72.68,-2.48,2026-08-18 21:00,37.46,19.65,17.82,YES,,,,,,,15m logic removed,15M MONITOR,MONITORING,,,WATCH,👀 WATCH,Weekly RSI 70.21 > 50 + Hourly RSI touched 30 + 15m price confirmation failed (Close 1894.0 <= Previous High 1902.1)
2026-08-18 21:56:28,NSE:LAURUSLABS,1814.0,80.39,79.62,0.77,2026-08-18 21:00,48.77,46.24,2.54,YES,,,,,,,15m logic removed,15M MONITOR,MONITORING,,,WATCH,👀 WATCH,"Weekly RSI 80.39 > 50, but Hourly RSI has not touched 30 (current 48.77)"
2026-08-18 21:55:18,NSE:LLOYDSME,1938.6,64.23,63.36,0.86,2026-08-18 21:00,50.91,50.05,0.86,YES,,,,,,,15m logic removed,HOURLY,NORMAL,,,WATCH,👀 WATCH,Weekly RSI 64.23 > 50; Hourly RSI 50.91; 15m confirmation checked only while monitored
2026-08-18 21:55:19,NSE:M&M,3421.5,57.33,57.66,-0.34,2026-08-18 21:00,51.1,39.7,11.4,YES,,,,,,,15m logic removed,HOURLY,NORMAL,,,WATCH,👀 WATCH,Weekly RSI 57.33 > 50; Hourly RSI 51.10; 15m confirmation checked only while monitored
2026-08-18 21:55:20,NSE:MIDHANI,437.5,59.82,55.61,4.21,2026-08-18 21:00,58.05,51.38,6.67,YES,,,,,,,15m logic removed,HOURLY,NORMAL,,,WATCH,👀 WATCH,Weekly RSI 59.82 > 50; Hourly RSI 58.05; 15m confirmation checked only while monitored
2026-08-18 21:55:21,NSE:MOTHERSON,170.4,74.96,74.11,0.85,2026-08-18 21:00,66.35,50.12,16.23,YES,,,,,,,15m logic removed,HOURLY,NORMAL,,,WATCH,👀 WATCH,Weekly RSI 74.96 > 50; Hourly RSI 66.35; 15m confirmation checked only while monitored
2026-08-18 21:55:22,NSE:MTARTECH,7132.0,60.84,60.33,0.5,2026-08-18 21:00,53.93,49.9,4.03,YES,,,,,,,15m logic removed,HOURLY,NORMAL,,,WATCH,👀 WATCH,Weekly RSI 60.84 > 50; Hourly RSI 53.93; 15m confirmation checked only while monitored
2026-08-18 21:55:23,NSE:NETWEB,5354.5,67.55,63.88,3.67,2026-08-18 21:00,74.67,66.61,8.06,YES,,,,,,,15m logic removed,HOURLY,NORMAL,,,WATCH,👀 WATCH,Weekly RSI 67.55 > 50; Hourly RSI 74.67; 15m confirmation checked only while monitored
2026-08-18 21:56:29,NSE:NETWORK18,28.51,35.36,36.45,-1.08,2026-08-18 21:00,37.23,52.52,-15.29,NO,,,,,,,15m logic removed,15M MONITOR,MONITORING,,,IGNORE,❌ IGNORE,Weekly RSI 35.36 <= 50
2026-08-18 21:55:25,NSE:NEULANDLAB,23399.0,77.65,77.48,0.16,2026-08-18 21:00,56.35,67.9,-11.55,NO,,,,,,,15m logic removed,HOURLY,NORMAL,,,WATCH,👀 WATCH,Weekly RSI 77.65 > 50; Hourly RSI 56.35; 15m confirmation checked only while monitored
2026-08-18 21:55:26,NSE:PARAS,1527.3,74.19,69.95,4.24,2026-08-18 21:00,87.72,69.69,18.03,YES,,,,,,,15m logic removed,HOURLY,NORMAL,,,WATCH,👀 WATCH,Weekly RSI 74.19 > 50; Hourly RSI 87.72; 15m confirmation checked only while monitored
2026-08-18 21:55:27,NSE:PFOCUS,286.25,56.77,52.7,4.07,2026-08-18 21:00,69.11,35.15,33.96,YES,,,,,,,15m logic removed,HOURLY,NORMAL,,,WATCH,👀 WATCH,Weekly RSI 56.77 > 50; Hourly RSI 69.11; 15m confirmation checked only while monitored
2026-08-18 21:55:28,NSE:POLYMED,1784.7,60.58,60.69,-0.11,2026-08-18 21:00,50.84,37.37,13.47,YES,,,,,,,15m logic removed,HOURLY,NORMAL,,,WATCH,👀 WATCH,Weekly RSI 60.58 > 50; Hourly RSI 50.84; 15m confirmation checked only while monitored
2026-08-18 21:56:30,NSE:POWERINDIA,35275.0,61.12,62.34,-1.22,2026-08-18 21:00,46.05,51.15,-5.1,NO,,,,,,,15m logic removed,15M MONITOR,MONITORING,,,WATCH,👀 WATCH,"Weekly RSI 61.12 > 50, but Hourly RSI has not touched 30 (current 46.05)"
2026-08-18 21:55:30,NSE:PPLPHARMA,210.53,70.23,68.8,1.44,2026-08-18 21:00,56.75,36.42,20.33,YES,,,,,,,15m logic removed,HOURLY,NORMAL,,,WATCH,👀 WATCH,Weekly RSI 70.23 > 50; Hourly RSI 56.75; 15m confirmation checked only while monitored
2026-08-18 21:55:31,NSE:PVRINOX,1198.1,70.33,68.44,1.89,2026-08-18 21:00,59.27,57.9,1.37,YES,,,,,,,15m logic removed,HOURLY,NORMAL,,,WATCH,👀 WATCH,Weekly RSI 70.33 > 50; Hourly RSI 59.27; 15m confirmation checked only while monitored
2026-08-18 21:55:32,NSE:RADICO,4732.9,87.42,86.65,0.76,2026-08-18 21:00,76.02,70.69,5.33,YES,,,,,,,15m logic removed,HOURLY,NORMAL,,,WATCH,👀 WATCH,Weekly RSI 87.42 > 50; Hourly RSI 76.02; 15m confirmation checked only while monitored
2026-08-18 21:55:33,NSE:RKFORGE,754.35,74.19,72.41,1.78,2026-08-18 21:00,66.39,65.72,0.67,YES,,,,,,,15m logic removed,HOURLY,NORMAL,,,WATCH,👀 WATCH,Weekly RSI 74.19 > 50; Hourly RSI 66.39; 15m confirmation checked only while monitored
2026-08-18 21:55:34,NSE:RRKABEL,2784.9,77.27,77.31,-0.04,2026-08-18 21:00,53.58,44.81,8.77,YES,,,,,,,15m logic removed,HOURLY,NORMAL,,,WATCH,👀 WATCH,Weekly RSI 77.27 > 50; Hourly RSI 53.58; 15m confirmation checked only while monitored
2026-08-18 21:55:35,NSE:SAILIFE,1443.4,79.16,80.21,-1.05,2026-08-18 21:00,53.31,37.28,16.03,YES,,,,,,,15m logic removed,HOURLY,NORMAL,,,WATCH,👀 WATCH,Weekly RSI 79.16 > 50; Hourly RSI 53.31; 15m confirmation checked only while monitored
2026-08-18 21:56:32,NSE:SAREGAMA,513.95,68.46,73.51,-5.05,2026-08-18 21:00,40.54,45.51,-4.97,NO,,,,,,,15m logic removed,15M MONITOR,MONITORING,,,WATCH,👀 WATCH,"Weekly RSI 68.46 > 50, but Hourly RSI has not touched 30 (current 40.54)"
2026-08-18 21:55:37,NSE:SOLARINDS,20280.0,72.47,71.31,1.15,2026-08-18 21:00,67.18,61.19,5.99,YES,,,,,,,15m logic removed,HOURLY,NORMAL,,,WATCH,👀 WATCH,Weekly RSI 72.47 > 50; Hourly RSI 67.18; 15m confirmation checked only while monitored
2026-08-18 21:55:38,NSE:SONACOMS,824.0,78.57,76.36,2.22,2026-08-18 21:00,69.88,54.21,15.67,YES,,,,,,,15m logic removed,HOURLY,NORMAL,,,WATCH,👀 WATCH,Weekly RSI 78.57 > 50; Hourly RSI 69.88; 15m confirmation checked only while monitored
2026-08-18 21:56:34,NSE:SUNTV,482.8,38.76,39.09,-0.32,2026-08-18 21:00,42.99,51.97,-8.98,NO,,,,,,,15m logic removed,15M MONITOR,MONITORING,,,IGNORE,❌ IGNORE,Weekly RSI 38.76 <= 50
2026-08-18 21:55:40,NSE:SYRMA,1500.1,70.65,69.38,1.27,2026-08-18 21:00,60.15,50.95,9.2,YES,,,,,,,15m logic removed,HOURLY,NORMAL,,,WATCH,👀 WATCH,Weekly RSI 70.65 > 50; Hourly RSI 60.15; 15m confirmation checked only while monitored
2026-08-18 21:56:35,NSE:TIPSMUSIC,655.5,53.16,55.56,-2.4,2026-08-18 21:00,37.38,37.43,-0.05,NO,,,,,,,15m logic removed,15M MONITOR,MONITORING,,,WATCH,👀 WATCH,"Weekly RSI 53.16 > 50, but Hourly RSI has not touched 30 (current 37.38)"
2026-08-18 21:55:42,NSE:TORNTPHARM,4971.0,64.25,61.07,3.18,2026-08-18 21:00,63.55,53.64,9.91,YES,,,,,,,15m logic removed,HOURLY,NORMAL,,,WATCH,👀 WATCH,Weekly RSI 64.25 > 50; Hourly RSI 63.55; 15m confirmation checked only while monitored
2026-08-18 21:56:36,NSE:TVSMOTOR,4356.8,68.14,67.22,0.92,2026-08-18 21:00,49.58,57.39,-7.81,NO,,,,,,,15m logic removed,15M MONITOR,MONITORING,,,WATCH,👀 WATCH,"Weekly RSI 68.14 > 50, but Hourly RSI has not touched 30 (current 49.58)"
2026-08-18 21:55:44,NSE:UNIMECH,1517.4,75.51,76.02,-0.51,2026-08-18 21:00,63.13,60.47,2.66,YES,,,,,,,15m logic removed,HOURLY,NORMAL,,,WATCH,👀 WATCH,Weekly RSI 75.51 > 50; Hourly RSI 63.13; 15m confirmation checked only while monitored
2026-08-18 21:55:45,NSE:UNOMINDA,1273.0,61.01,58.5,2.51,2026-08-18 21:00,66.53,64.62,1.91,YES,,,,,,,15m logic removed,HOURLY,NORMAL,,,WATCH,👀 WATCH,Weekly RSI 61.01 > 50; Hourly RSI 66.53; 15m confirmation checked only while monitored
2026-08-18 21:55:46,NSE:VIJAYA,1497.3,70.7,69.58,1.11,2026-08-18 21:00,57.31,63.24,-5.93,NO,,,,,,,15m logic removed,HOURLY,NORMAL,,,WATCH,👀 WATCH,Weekly RSI 70.70 > 50; Hourly RSI 57.31; 15m confirmation checked only while monitored
2026-08-18 21:55:47,NSE:WELCORP,1917.1,89.15,88.47,0.69,2026-08-18 21:00,72.08,59.84,12.25,YES,,,,,,,15m logic removed,HOURLY,NORMAL,,,WATCH,👀 WATCH,Weekly RSI 89.15 > 50; Hourly RSI 72.08; 15m confirmation checked only while monitored
2026-08-18 21:56:38,NSE:WOCKPHARMA,1859.9,56.61,60.66,-4.05,2026-08-18 21:00,32.33,42.6,-10.27,NO,,,,,,,15m logic removed,15M MONITOR,MONITORING,,,WATCH,👀 WATCH,"Weekly RSI 56.61 > 50, but Hourly RSI has not touched 30 (current 32.33)"
2026-08-18 21:55:49,NSE:ZEEL,105.32,53.61,51.98,1.63,2026-08-18 21:00,69.64,68.7,0.94,YES,,,,,,,15m logic removed,HOURLY,NORMAL,,,WATCH,👀 WATCH,Weekly RSI 53.61 > 50; Hourly RSI 69.64; 15m confirmation checked only while monitored
2026-08-18 21:55:50,NSE:ZENTEC,1982.4,63.13,58.95,4.18,2026-08-18 21:00,82.9,63.11,19.79,YES,,,,,,,15m logic removed,HOURLY,NORMAL,,,WATCH,👀 WATCH,Weekly RSI 63.13 > 50; Hourly RSI 82.90; 15m confirmation checked only while monitored
2026-08-18 21:55:51,PARAS,1527.3,74.19,69.95,4.24,2026-08-18 21:00,87.72,69.69,18.03,YES,,,,,,,15m logic removed,HOURLY,NORMAL,,,WATCH,👀 WATCH,Weekly RSI 74.19 > 50; Hourly RSI 87.72; 15m confirmation checked only while monitored
2026-08-18 21:56:40,KALYANKJIL,601.6,70.37,71.82,-1.45,2026-08-18 21:00,42.33,51.96,-9.63,NO,,,,,,,15m logic removed,15M MONITOR,MONITORING,,,WATCH,👀 WATCH,"Weekly RSI 70.37 > 50, but Hourly RSI has not touched 30 (current 42.33)"
2026-08-18 21:55:53,CYIENTDLM,736.1,86.1,84.24,1.86,2026-08-18 21:00,65.44,69.29,-3.85,NO,,,,,,,15m logic removed,HOURLY,NORMAL,,,WATCH,👀 WATCH,Weekly RSI 86.10 > 50; Hourly RSI 65.44; 15m confirmation checked only while monitored
2026-08-18 21:55:54,UNIMECH,1517.4,75.51,76.02,-0.51,2026-08-18 21:00,63.13,60.47,2.66,YES,,,,,,,15m logic removed,HOURLY,NORMAL,,,WATCH,👀 WATCH,Weekly RSI 75.51 > 50; Hourly RSI 63.13; 15m confirmation checked only while monitored
2026-08-18 21:55:55,SYRMA,1500.1,70.65,69.38,1.27,2026-08-18 21:00,60.15,50.95,9.2,YES,,,,,,,15m logic removed,HOURLY,NORMAL,,,WATCH,👀 WATCH,Weekly RSI 70.65 > 50; Hourly RSI 60.15; 15m confirmation checked only while monitored
2026-08-18 21:55:56,HFCL,230.03,77.68,76.42,1.26,2026-08-18 21:00,65.0,43.81,21.19,YES,,,,,,,15m logic removed,HOURLY,NORMAL,,,WATCH,👀 WATCH,Weekly RSI 77.68 > 50; Hourly RSI 65.00; 15m confirmation checked only while monitored
2026-08-18 21:55:56,WELCORP,1917.1,89.15,88.47,0.69,2026-08-18 21:00,72.08,59.84,12.25,YES,,,,,,,15m logic removed,HOURLY,NORMAL,,,WATCH,👀 WATCH,Weekly RSI 89.15 > 50; Hourly RSI 72.08; 15m confirmation checked only while monitored
2026-08-18 21:55:57,TBOTEK,1708.2,68.07,64.85,3.22,2026-08-18 21:00,72.86,71.12,1.75,YES,,,,,,,15m logic removed,HOURLY,NORMAL,,,WATCH,👀 WATCH,Weekly RSI 68.07 > 50; Hourly RSI 72.86; 15m confirmation checked only while monitored
2026-08-18 21:55:58,NAUKRI,1354.9,70.89,70.25,0.64,2026-08-18 21:00,55.79,56.44,-0.65,NO,,,,,,,15m logic removed,HOURLY,NORMAL,,,WATCH,👀 WATCH,Weekly RSI 70.89 > 50; Hourly RSI 55.79; 15m confirmation checked only while monitored
2026-08-18 21:55:59,AKUMS,744.15,72.28,70.82,1.46,2026-08-18 21:00,54.22,53.28,0.94,YES,,,,,,,15m logic removed,HOURLY,NORMAL,,,WATCH,👀 WATCH,Weekly RSI 72.28 > 50; Hourly RSI 54.22; 15m confirmation checked only while monitored
2026-08-18 21:56:00,DYNAMATECH,11770.0,60.06,56.53,3.53,2026-08-18 21:00,77.46,56.51,20.95,YES,,,,,,,15m logic removed,HOURLY,NORMAL,,,WATCH,👀 WATCH,Weekly RSI 60.06 > 50; Hourly RSI 77.46; 15m confirmation checked only while monitored
2026-08-18 21:56:01,ZENTEC,1982.4,63.13,58.95,4.18,2026-08-18 21:00,82.9,63.11,19.79,YES,,,,,,,15m logic removed,HOURLY,NORMAL,,,WATCH,👀 WATCH,Weekly RSI 63.13 > 50; Hourly RSI 82.90; 15m confirmation checked only while monitored
2026-08-18 21:56:41,PAYTM,1546.3,68.61,73.5,-4.89,2026-08-18 21:00,31.67,41.86,-10.19,NO,,,,,,,15m logic removed,15M MONITOR,MONITORING,,,WATCH,👀 WATCH,"Weekly RSI 68.61 > 50, but Hourly RSI has not touched 30 (current 31.67)"
2026-08-18 21:56:04,TIINDIA,2959.0,53.77,44.2,9.57,2026-08-18 21:00,75.54,46.44,29.1,YES,,,,,,,15m logic removed,HOURLY,NORMAL,,,WATCH,👀 WATCH,Weekly RSI 53.77 > 50; Hourly RSI 75.54; 15m confirmation checked only while monitored
2026-08-18 21:56:05,GLAXO,2877.4,68.11,61.82,6.29,2026-08-18 21:00,91.03,70.61,20.42,YES,,,,,,,15m logic removed,HOURLY,NORMAL,,,WATCH,👀 WATCH,Weekly RSI 68.11 > 50; Hourly RSI 91.03; 15m confirmation checked only while monitored
2026-08-18 21:56:06,ACE,1184.8,74.31,66.77,7.55,2026-08-18 21:00,84.83,68.49,16.34,YES,,,,,,,15m logic removed,HOURLY,NORMAL,,,WATCH,👀 WATCH,Weekly RSI 74.31 > 50; Hourly RSI 84.83; 15m confirmation checked only while monitored
2026-08-18 21:56:07,HEG,739.25,71.21,67.84,3.38,2026-08-18 21:00,72.05,52.5,19.55,YES,,,,,,,15m logic removed,HOURLY,NORMAL,,,WATCH,👀 WATCH,Weekly RSI 71.21 > 50; Hourly RSI 72.05; 15m confirmation checked only while monitored
2026-08-18 21:56:08,WELSPUNLIV,177.79,69.65,63.21,6.44,2026-08-18 21:00,69.28,55.81,13.47,YES,,,,,,,15m logic removed,HOURLY,NORMAL,,,WATCH,👀 WATCH,Weekly RSI 69.65 > 50; Hourly RSI 69.28; 15m confirmation checked only while monitored
2026-08-18 22:14:56,NSE:LGEINDIA,1649.4,54.84,60.65,-5.82,2026-08-18 22:00,50.36,55.5,-5.13,NO,,,,,,,15m logic removed,HOURLY,NORMAL,,,WATCH,👀 WATCH,Weekly RSI 54.84 > 50; Hourly RSI 50.36; 15m confirmation checked only while monitored
2026-08-18 22:16:41,NSE:ASTRAL,1520.0,51.77,54.81,-3.04,2026-08-18 22:00,43.98,54.86,-10.88,NO,,,,,,,15m logic removed,15M MONITOR,MONITORING,,,WATCH,👀 WATCH,"Weekly RSI 51.77 > 50, but Hourly RSI has not touched 30 (current 43.98)"
2026-08-18 22:14:57,NSE:FINCABLES,1329.35,69.23,65.92,3.32,2026-08-18 22:00,75.93,73.98,1.95,YES,,,,,,,15m logic removed,HOURLY,NORMAL,,,WATCH,👀 WATCH,Weekly RSI 69.23 > 50; Hourly RSI 75.93; 15m confirmation checked only while monitored
2026-08-18 22:14:58,NSE:GODREJAGRO,588.7,52.01,50.07,1.94,2026-08-18 22:00,66.82,74.36,-7.55,NO,,,,,,,15m logic removed,HOURLY,NORMAL,,,WATCH,👀 WATCH,Weekly RSI 52.01 > 50; Hourly RSI 66.82; 15m confirmation checked only while monitored
2026-08-18 22:15:00,NSE:HAPPSTMNDS,419.95,57.42,57.5,-0.08,2026-08-18 22:00,57.82,66.54,-8.72,NO,,,,,,,15m logic removed,HOURLY,NORMAL,,,WATCH,👀 WATCH,Weekly RSI 57.42 > 50; Hourly RSI 57.82; 15m confirmation checked only while monitored
2026-08-18 22:15:01,NSE:NAZARA,355.55,72.56,72.74,-0.19,2026-08-18 22:00,54.06,36.05,18.02,YES,,,,,,,15m logic removed,HOURLY,NORMAL,,,WATCH,👀 WATCH,Weekly RSI 72.56 > 50; Hourly RSI 54.06; 15m confirmation checked only while monitored
2026-08-18 22:16:42,NSE:OFSS,11623.0,65.6,68.0,-2.4,2026-08-18 22:00,43.54,55.31,-11.77,NO,,,,,,,15m logic removed,15M MONITOR,MONITORING,,,WATCH,👀 WATCH,"Weekly RSI 65.60 > 50, but Hourly RSI has not touched 30 (current 43.54)"
2026-08-18 22:16:44,NSE:REDINGTON,326.3,62.74,64.98,-2.23,2026-08-18 22:00,27.13,36.71,-9.58,NO,,,,,,,15m logic removed,15M MONITOR,MONITORING,,,WATCH,👀 WATCH,Weekly RSI 62.74 > 50 + Hourly RSI touched 30 + 15m price confirmation failed (Close 326.0 <= Previous High 327.0)
2026-08-18 22:15:04,NSE:AARTIIND,530.1,64.98,66.18,-1.21,2026-08-18 22:00,54.28,49.76,4.52,YES,,,,,,,15m logic removed,HOURLY,NORMAL,,,WATCH,👀 WATCH,Weekly RSI 64.98 > 50; Hourly RSI 54.28; 15m confirmation checked only while monitored
2026-08-18 22:16:45,NSE:ABB,7546.0,61.38,63.4,-2.02,2026-08-18 22:00,33.56,46.3,-12.74,NO,,,,,,,15m logic removed,15M MONITOR,MONITORING,,,WATCH,👀 WATCH,"Weekly RSI 61.38 > 50, but Hourly RSI has not touched 30 (current 33.56)"
2026-08-18 22:15:08,NSE:ACMESOLAR,371.75,64.84,65.76,-0.92,2026-08-18 22:00,53.51,36.88,16.64,YES,,,,,,,15m logic removed,HOURLY,NORMAL,,,WATCH,👀 WATCH,Weekly RSI 64.84 > 50; Hourly RSI 53.51; 15m confirmation checked only while monitored
2026-08-18 22:15:09,NSE:ADANIENSOL,1603.0,64.84,66.1,-1.25,2026-08-18 22:00,51.08,42.84,8.24,YES,,,,,,,15m logic removed,HOURLY,NORMAL,,,WATCH,👀 WATCH,Weekly RSI 64.84 > 50; Hourly RSI 51.08; 15m confirmation checked only while monitored
2026-08-18 22:15:10,NSE:AEGISLOG,1367.7,70.37,66.7,3.67,2026-08-18 22:00,76.94,53.03,23.91,YES,,,,,,,15m logic removed,HOURLY,NORMAL,,,WATCH,👀 WATCH,Weekly RSI 70.37 > 50; Hourly RSI 76.94; 15m confirmation checked only while monitored
2026-08-18 22:15:11,NSE:AJANTPHARM,3706.4,75.11,74.36,0.75,2026-08-18 22:00,70.06,78.51,-8.45,NO,,,,,,,15m logic removed,HOURLY,NORMAL,,,WATCH,👀 WATCH,Weekly RSI 75.11 > 50; Hourly RSI 70.06; 15m confirmation checked only while monitored
2026-08-18 22:15:12,NSE:AKUMS,744.15,72.28,70.82,1.46,2026-08-18 22:00,54.22,53.28,0.94,YES,,,,,,,15m logic removed,HOURLY,NORMAL,,,WATCH,👀 WATCH,Weekly RSI 72.28 > 50; Hourly RSI 54.22; 15m confirmation checked only while monitored
2026-08-18 22:15:13,NSE:ALIVUS,1400.0,78.95,78.41,0.54,2026-08-18 22:00,61.43,59.17,2.27,YES,,,,,,,15m logic removed,HOURLY,NORMAL,,,WATCH,👀 WATCH,Weekly RSI 78.95 > 50; Hourly RSI 61.43; 15m confirmation checked only while monitored
2026-08-18 22:15:14,NSE:ANANDRATHI,2194.8,75.68,74.94,0.74,2026-08-18 22:00,62.74,50.24,12.5,YES,,,,,,,15m logic removed,HOURLY,NORMAL,,,WATCH,👀 WATCH,Weekly RSI 75.68 > 50; Hourly RSI 62.74; 15m confirmation checked only while monitored
2026-08-18 22:15:15,NSE:APARINDS,17214.0,73.17,71.5,1.67,2026-08-18 22:00,60.98,42.37,18.61,YES,,,,,,,15m logic removed,HOURLY,NORMAL,,,WATCH,👀 WATCH,Weekly RSI 73.17 > 50; Hourly RSI 60.98; 15m confirmation checked only while monitored
2026-08-18 22:15:16,NSE:ASHOKLEY,176.35,56.26,54.11,2.14,2026-08-18 22:00,51.47,53.92,-2.45,NO,,,,,,,15m logic removed,HOURLY,NORMAL,,,WATCH,👀 WATCH,Weekly RSI 56.26 > 50; Hourly RSI 51.47; 15m confirmation checked only while monitored
2026-08-18 22:15:17,NSE:ASTRAMICRO,1767.4,68.74,67.72,1.02,2026-08-18 22:00,64.35,42.97,21.38,YES,,,,,,,15m logic removed,HOURLY,NORMAL,,,WATCH,👀 WATCH,Weekly RSI 68.74 > 50; Hourly RSI 64.35; 15m confirmation checked only while monitored
2026-08-18 22:16:46,NSE:ATHERENERG,1465.8,76.3,80.74,-4.43,2026-08-18 22:00,30.54,35.93,-5.39,NO,,,,,,,15m logic removed,15M MONITOR,MONITORING,,,SETUP,🔥 SETUP,Weekly RSI 76.30 > 50 + Hourly RSI touched 30 + 15m Close > Previous 15m High
2026-08-18 22:15:19,NSE:AUROPHARMA,1645.0,68.53,67.08,1.45,2026-08-18 22:00,53.23,44.03,9.2,YES,,,,,,,15m logic removed,HOURLY,NORMAL,,,WATCH,👀 WATCH,Weekly RSI 68.53 > 50; Hourly RSI 53.23; 15m confirmation checked only while monitored
2026-08-18 22:16:47,NSE:BAJAJ-AUTO,11607.0,70.09,72.09,-2.0,2026-08-18 22:00,38.01,44.04,-6.02,NO,,,,,,,15m logic removed,15M MONITOR,MONITORING,,,WATCH,👀 WATCH,"Weekly RSI 70.09 > 50, but Hourly RSI has not touched 30 (current 38.01)"
2026-08-18 22:15:21,NSE:BALRAMCHIN,653.25,73.66,70.01,3.65,2026-08-18 22:00,68.87,72.74,-3.87,NO,,,,,,,15m logic removed,HOURLY,NORMAL,,,WATCH,👀 WATCH,Weekly RSI 73.66 > 50; Hourly RSI 68.87; 15m confirmation checked only while monitored
2026-08-18 22:15:22,NSE:BDL,1393.0,54.21,54.59,-0.37,2026-08-18 22:00,65.02,59.46,5.56,YES,,,,,,,15m logic removed,HOURLY,NORMAL,,,WATCH,👀 WATCH,Weekly RSI 54.21 > 50; Hourly RSI 65.02; 15m confirmation checked only while monitored
2026-08-18 22:15:23,NSE:BEML,1965.5,60.28,55.85,4.43,2026-08-18 22:00,72.24,57.48,14.77,YES,,,,,,,15m logic removed,HOURLY,NORMAL,,,WATCH,👀 WATCH,Weekly RSI 60.28 > 50; Hourly RSI 72.24; 15m confirmation checked only while monitored
2026-08-18 22:15:24,NSE:BHARATFORG,2098.9,59.08,57.47,1.61,2026-08-18 22:00,54.65,52.12,2.53,YES,,,,,,,15m logic removed,HOURLY,NORMAL,,,WATCH,👀 WATCH,Weekly RSI 59.08 > 50; Hourly RSI 54.65; 15m confirmation checked only while monitored
2026-08-18 22:15:25,NSE:BHEL,425.0,66.07,65.48,0.59,2026-08-18 22:00,52.72,70.96,-18.24,NO,,,,,,,15m logic removed,HOURLY,NORMAL,,,WATCH,👀 WATCH,Weekly RSI 66.07 > 50; Hourly RSI 52.72; 15m confirmation checked only while monitored
2026-08-18 22:15:26,NSE:BOSCHLTD,48730.0,75.27,72.96,2.32,2026-08-18 22:00,77.88,60.0,17.88,YES,,,,,,,15m logic removed,HOURLY,NORMAL,,,WATCH,👀 WATCH,Weekly RSI 75.27 > 50; Hourly RSI 77.88; 15m confirmation checked only while monitored
2026-08-18 22:15:27,NSE:CAPLIPOINT,2529.7,67.13,65.36,1.77,2026-08-18 22:00,56.13,55.11,1.02,YES,,,,,,,15m logic removed,HOURLY,NORMAL,,,WATCH,👀 WATCH,Weekly RSI 67.13 > 50; Hourly RSI 56.13; 15m confirmation checked only while monitored
2026-08-18 22:15:28,NSE:CHENNPETRO,1404.0,73.68,69.87,3.81,2026-08-18 22:00,70.35,64.69,5.66,YES,,,,,,,15m logic removed,HOURLY,NORMAL,,,WATCH,👀 WATCH,Weekly RSI 73.68 > 50; Hourly RSI 70.35; 15m confirmation checked only while monitored
2026-08-18 22:15:28,NSE:COHANCE,455.2,51.21,48.61,2.6,2026-08-18 22:00,65.52,55.0,10.52,YES,,,,,,,15m logic removed,HOURLY,NORMAL,,,WATCH,👀 WATCH,Weekly RSI 51.21 > 50; Hourly RSI 65.52; 15m confirmation checked only while monitored
2026-08-18 22:15:29,NSE:CRAFTSMAN,10900.0,71.43,67.27,4.16,2026-08-18 22:00,73.51,56.49,17.02,YES,,,,,,,15m logic removed,HOURLY,NORMAL,,,WATCH,👀 WATCH,Weekly RSI 71.43 > 50; Hourly RSI 73.51; 15m confirmation checked only while monitored
2026-08-18 22:15:30,NSE:CYIENTDLM,736.1,86.1,84.24,1.86,2026-08-18 22:00,65.44,69.29,-3.85,NO,,,,,,,15m logic removed,HOURLY,NORMAL,,,WATCH,👀 WATCH,Weekly RSI 86.10 > 50; Hourly RSI 65.44; 15m confirmation checked only while monitored
2026-08-18 22:15:31,NSE:DATAPATTNS,4737.2,64.32,60.33,3.99,2026-08-18 22:00,77.59,58.21,19.38,YES,,,,,,,15m logic removed,HOURLY,NORMAL,,,WATCH,👀 WATCH,Weekly RSI 64.32 > 50; Hourly RSI 77.59; 15m confirmation checked only while monitored
2026-08-18 22:16:48,NSE:DBCORP,209.85,46.57,47.65,-1.08,2026-08-18 22:00,39.01,51.47,-12.47,NO,,,,,,,15m logic removed,15M MONITOR,MONITORING,,,IGNORE,❌ IGNORE,Weekly RSI 46.57 <= 50
2026-08-18 22:15:33,NSE:DIVISLAB,8588.0,84.19,83.43,0.76,2026-08-18 22:00,61.69,49.68,12.01,YES,,,,,,,15m logic removed,HOURLY,NORMAL,,,WATCH,👀 WATCH,Weekly RSI 84.19 > 50; Hourly RSI 61.69; 15m confirmation checked only while monitored
2026-08-18 22:15:34,NSE:DYNAMATECH,11770.0,60.06,56.53,3.53,2026-08-18 22:00,77.46,56.51,20.95,YES,,,,,,,15m logic removed,HOURLY,NORMAL,,,WATCH,👀 WATCH,Weekly RSI 60.06 > 50; Hourly RSI 77.46; 15m confirmation checked only while monitored
2026-08-18 22:16:50,NSE:EICHERMOT,8018.5,63.25,64.56,-1.31,2026-08-18 22:00,41.0,47.13,-6.13,NO,,,,,,,15m logic removed,15M MONITOR,MONITORING,,,WATCH,👀 WATCH,"Weekly RSI 63.25 > 50, but Hourly RSI has not touched 30 (current 41.00)"
2026-08-18 22:15:36,NSE:ENRIN,3593.2,56.84,55.76,1.07,2026-08-18 22:00,57.13,62.01,-4.88,NO,,,,,,,15m logic removed,HOURLY,NORMAL,,,WATCH,👀 WATCH,Weekly RSI 56.84 > 50; Hourly RSI 57.13; 15m confirmation checked only while monitored
2026-08-18 22:16:51,NSE:EXIDEIND,465.25,68.52,72.73,-4.2,2026-08-18 22:00,29.06,41.47,-12.41,NO,,,,,,,15m logic removed,15M MONITOR,MONITORING,,,WATCH,👀 WATCH,Weekly RSI 68.52 > 50 + Hourly RSI touched 30 + 15m price confirmation failed (Close 465.15 <= Previous High 466.75)
2026-08-18 22:16:52,NSE:GLAND,2858.6,73.29,79.58,-6.29,2026-08-18 22:00,41.26,48.81,-7.55,NO,,,,,,,15m logic removed,15M MONITOR,MONITORING,,,WATCH,👀 WATCH,"Weekly RSI 73.29 > 50, but Hourly RSI has not touched 30 (current 41.26)"
2026-08-18 22:16:53,NSE:GRANULES,852.05,65.21,66.44,-1.23,2026-08-18 22:00,42.8,53.96,-11.16,NO,,,,,,,15m logic removed,15M MONITOR,MONITORING,,,WATCH,👀 WATCH,"Weekly RSI 65.21 > 50, but Hourly RSI has not touched 30 (current 42.80)"
2026-08-18 22:15:40,NSE:GRSE,2677.0,52.87,50.26,2.61,2026-08-18 22:00,70.67,46.32,24.34,YES,,,,,,,15m logic removed,HOURLY,NORMAL,,,WATCH,👀 WATCH,Weekly RSI 52.87 > 50; Hourly RSI 70.67; 15m confirmation checked only while monitored
2026-08-18 22:15:41,NSE:HAL,5099.0,68.69,67.39,1.3,2026-08-18 22:00,69.82,63.95,5.87,YES,,,,,,,15m logic removed,HOURLY,NORMAL,,,WATCH,👀 WATCH,Weekly RSI 68.69 > 50; Hourly RSI 69.82; 15m confirmation checked only while monitored
2026-08-18 22:16:54,NSE:HATHWAY,10.51,43.32,44.13,-0.8,2026-08-18 22:00,34.03,42.66,-8.63,NO,,,,,,,15m logic removed,15M MONITOR,MONITORING,,,IGNORE,❌ IGNORE,Weekly RSI 43.32 <= 50
2026-08-18 22:16:56,NSE:HEROMOTOCO,5745.5,62.45,63.8,-1.35,2026-08-18 22:00,40.92,40.81,0.1,YES,,,,,,,15m logic removed,15M MONITOR,MONITORING,,,WATCH,👀 WATCH,"Weekly RSI 62.45 > 50, but Hourly RSI has not touched 30 (current 40.92)"
2026-08-18 22:15:44,NSE:HFCL,230.03,77.68,76.42,1.26,2026-08-18 22:00,65.0,43.81,21.19,YES,,,,,,,15m logic removed,HOURLY,NORMAL,,,WATCH,👀 WATCH,Weekly RSI 77.68 > 50; Hourly RSI 65.00; 15m confirmation checked only while monitored
2026-08-18 22:16:57,NSE:HONASA,474.6,68.77,79.49,-10.72,2026-08-18 22:00,40.5,45.33,-4.83,NO,,,,,,,15m logic removed,15M MONITOR,MONITORING,,,WATCH,👀 WATCH,"Weekly RSI 68.77 > 50, but Hourly RSI has not touched 30 (current 40.50)"
2026-08-18 22:15:45,NSE:HSCL,781.8,72.45,72.38,0.06,2026-08-18 22:00,54.76,57.99,-3.23,NO,,,,,,,15m logic removed,HOURLY,NORMAL,,,WATCH,👀 WATCH,Weekly RSI 72.45 > 50; Hourly RSI 54.76; 15m confirmation checked only while monitored
2026-08-18 22:15:46,NSE:IFCI,81.36,62.18,58.71,3.47,2026-08-18 22:00,73.77,64.85,8.92,YES,,,,,,,15m logic removed,HOURLY,NORMAL,,,WATCH,👀 WATCH,Weekly RSI 62.18 > 50; Hourly RSI 73.77; 15m confirmation checked only while monitored
2026-08-18 22:15:47,NSE:INOXINDIA,1959.0,73.45,72.82,0.63,2026-08-18 22:00,57.51,51.54,5.97,YES,,,,,,,15m logic removed,HOURLY,NORMAL,,,WATCH,👀 WATCH,Weekly RSI 73.45 > 50; Hourly RSI 57.51; 15m confirmation checked only while monitored
2026-08-18 22:15:48,NSE:IPCALAB,1882.1,65.57,57.98,7.59,2026-08-18 22:00,69.81,68.79,1.02,YES,,,,,,,15m logic removed,HOURLY,NORMAL,,,WATCH,👀 WATCH,Weekly RSI 65.57 > 50; Hourly RSI 69.81; 15m confirmation checked only while monitored
2026-08-18 22:15:50,NSE:JINDALSAW,268.65,61.73,61.29,0.45,2026-08-18 22:00,50.88,58.05,-7.17,NO,,,,,,,15m logic removed,HOURLY,NORMAL,,,WATCH,👀 WATCH,Weekly RSI 61.73 > 50; Hourly RSI 50.88; 15m confirmation checked only while monitored
2026-08-18 22:15:51,NSE:KIRLOSENG,2125.7,59.73,58.99,0.74,2026-08-18 22:00,59.03,50.77,8.26,YES,,,,,,,15m logic removed,HOURLY,NORMAL,,,WATCH,👀 WATCH,Weekly RSI 59.73 > 50; Hourly RSI 59.03; 15m confirmation checked only while monitored
2026-08-18 22:16:58,NSE:LALPATHLAB,1894.0,70.21,72.68,-2.48,2026-08-18 22:00,37.46,19.65,17.82,YES,,,,,,,15m logic removed,15M MONITOR,MONITORING,,,WATCH,👀 WATCH,Weekly RSI 70.21 > 50 + Hourly RSI touched 30 + 15m price confirmation failed (Close 1894.0 <= Previous High 1902.1)
2026-08-18 22:16:59,NSE:LAURUSLABS,1814.0,80.39,79.62,0.77,2026-08-18 22:00,48.77,46.24,2.54,YES,,,,,,,15m logic removed,15M MONITOR,MONITORING,,,WATCH,👀 WATCH,"Weekly RSI 80.39 > 50, but Hourly RSI has not touched 30 (current 48.77)"
2026-08-18 22:15:53,NSE:LLOYDSME,1938.6,64.23,63.36,0.86,2026-08-18 22:00,50.91,50.05,0.86,YES,,,,,,,15m logic removed,HOURLY,NORMAL,,,WATCH,👀 WATCH,Weekly RSI 64.23 > 50; Hourly RSI 50.91; 15m confirmation checked only while monitored
2026-08-18 22:15:54,NSE:M&M,3421.5,57.33,57.66,-0.34,2026-08-18 22:00,51.1,39.7,11.4,YES,,,,,,,15m logic removed,HOURLY,NORMAL,,,WATCH,👀 WATCH,Weekly RSI 57.33 > 50; Hourly RSI 51.10; 15m confirmation checked only while monitored
2026-08-18 22:15:55,NSE:MIDHANI,437.5,59.82,55.61,4.21,2026-08-18 22:00,58.05,51.38,6.67,YES,,,,,,,15m logic removed,HOURLY,NORMAL,,,WATCH,👀 WATCH,Weekly RSI 59.82 > 50; Hourly RSI 58.05; 15m confirmation checked only while monitored
2026-08-18 22:15:56,NSE:MOTHERSON,170.4,74.96,74.11,0.85,2026-08-18 22:00,66.35,50.12,16.23,YES,,,,,,,15m logic removed,HOURLY,NORMAL,,,WATCH,👀 WATCH,Weekly RSI 74.96 > 50; Hourly RSI 66.35; 15m confirmation checked only while monitored
2026-08-18 22:15:57,NSE:MTARTECH,7132.0,60.84,60.33,0.5,2026-08-18 22:00,53.93,49.9,4.03,YES,,,,,,,15m logic removed,HOURLY,NORMAL,,,WATCH,👀 WATCH,Weekly RSI 60.84 > 50; Hourly RSI 53.93; 15m confirmation checked only while monitored
2026-08-18 22:15:58,NSE:NETWEB,5354.5,67.55,63.88,3.67,2026-08-18 22:00,74.67,66.61,8.06,YES,,,,,,,15m logic removed,HOURLY,NORMAL,,,WATCH,👀 WATCH,Weekly RSI 67.55 > 50; Hourly RSI 74.67; 15m confirmation checked only while monitored
2026-08-18 22:17:00,NSE:NETWORK18,28.51,35.36,36.45,-1.08,2026-08-18 22:00,37.23,52.52,-15.29,NO,,,,,,,15m logic removed,15M MONITOR,MONITORING,,,IGNORE,❌ IGNORE,Weekly RSI 35.36 <= 50
2026-08-18 22:16:00,NSE:NEULANDLAB,23399.0,77.65,77.48,0.16,2026-08-18 22:00,56.35,67.9,-11.55,NO,,,,,,,15m logic removed,HOURLY,NORMAL,,,WATCH,👀 WATCH,Weekly RSI 77.65 > 50; Hourly RSI 56.35; 15m confirmation checked only while monitored
2026-08-18 22:16:01,NSE:PARAS,1527.3,74.19,69.95,4.24,2026-08-18 22:00,87.72,69.69,18.03,YES,,,,,,,15m logic removed,HOURLY,NORMAL,,,WATCH,👀 WATCH,Weekly RSI 74.19 > 50; Hourly RSI 87.72; 15m confirmation checked only while monitored
2026-08-18 22:16:02,NSE:PFOCUS,286.25,56.77,52.7,4.07,2026-08-18 22:00,69.11,35.15,33.96,YES,,,,,,,15m logic removed,HOURLY,NORMAL,,,WATCH,👀 WATCH,Weekly RSI 56.77 > 50; Hourly RSI 69.11; 15m confirmation checked only while monitored
2026-08-18 22:16:03,NSE:POLYMED,1784.7,60.58,60.69,-0.11,2026-08-18 22:00,50.84,37.37,13.47,YES,,,,,,,15m logic removed,HOURLY,NORMAL,,,WATCH,👀 WATCH,Weekly RSI 60.58 > 50; Hourly RSI 50.84; 15m confirmation checked only while monitored
2026-08-18 22:17:02,NSE:POWERINDIA,35275.0,61.12,62.34,-1.22,2026-08-18 22:00,46.05,51.15,-5.1,NO,,,,,,,15m logic removed,15M MONITOR,MONITORING,,,WATCH,👀 WATCH,"Weekly RSI 61.12 > 50, but Hourly RSI has not touched 30 (current 46.05)"
2026-08-18 22:16:05,NSE:PPLPHARMA,210.53,70.23,68.8,1.44,2026-08-18 22:00,56.75,36.42,20.33,YES,,,,,,,15m logic removed,HOURLY,NORMAL,,,WATCH,👀 WATCH,Weekly RSI 70.23 > 50; Hourly RSI 56.75; 15m confirmation checked only while monitored
2026-08-18 22:16:05,NSE:PVRINOX,1198.1,70.33,68.44,1.89,2026-08-18 22:00,59.27,57.9,1.37,YES,,,,,,,15m logic removed,HOURLY,NORMAL,,,WATCH,👀 WATCH,Weekly RSI 70.33 > 50; Hourly RSI 59.27; 15m confirmation checked only while monitored
2026-08-18 22:16:06,NSE:RADICO,4732.9,87.42,86.65,0.76,2026-08-18 22:00,76.02,70.69,5.33,YES,,,,,,,15m logic removed,HOURLY,NORMAL,,,WATCH,👀 WATCH,Weekly RSI 87.42 > 50; Hourly RSI 76.02; 15m confirmation checked only while monitored
2026-08-18 22:16:07,NSE:RKFORGE,754.35,74.19,72.41,1.78,2026-08-18 22:00,66.39,65.72,0.67,YES,,,,,,,15m logic removed,HOURLY,NORMAL,,,WATCH,👀 WATCH,Weekly RSI 74.19 > 50; Hourly RSI 66.39; 15m confirmation checked only while monitored
2026-08-18 22:16:08,NSE:RRKABEL,2784.9,77.27,77.31,-0.04,2026-08-18 22:00,53.58,44.81,8.77,YES,,,,,,,15m logic removed,HOURLY,NORMAL,,,WATCH,👀 WATCH,Weekly RSI 77.27 > 50; Hourly RSI 53.58; 15m confirmation checked only while monitored
2026-08-18 22:16:09,NSE:SAILIFE,1443.4,79.16,80.21,-1.05,2026-08-18 22:00,53.31,37.28,16.03,YES,,,,,,,15m logic removed,HOURLY,NORMAL,,,WATCH,👀 WATCH,Weekly RSI 79.16 > 50; Hourly RSI 53.31; 15m confirmation checked only while monitored
2026-08-18 22:17:03,NSE:SAREGAMA,513.95,68.46,73.51,-5.05,2026-08-18 22:00,40.54,45.51,-4.97,NO,,,,,,,15m logic removed,15M MONITOR,MONITORING,,,WATCH,👀 WATCH,"Weekly RSI 68.46 > 50, but Hourly RSI has not touched 30 (current 40.54)"
2026-08-18 22:16:11,NSE:SOLARINDS,20280.0,72.47,71.31,1.15,2026-08-18 22:00,67.18,61.19,5.99,YES,,,,,,,15m logic removed,HOURLY,NORMAL,,,WATCH,👀 WATCH,Weekly RSI 72.47 > 50; Hourly RSI 67.18; 15m confirmation checked only while monitored
2026-08-18 22:16:12,NSE:SONACOMS,824.0,78.57,76.36,2.22,2026-08-18 22:00,69.88,54.21,15.67,YES,,,,,,,15m logic removed,HOURLY,NORMAL,,,WATCH,👀 WATCH,Weekly RSI 78.57 > 50; Hourly RSI 69.88; 15m confirmation checked only while monitored
2026-08-18 22:17:04,NSE:SUNTV,482.8,38.76,39.09,-0.32,2026-08-18 22:00,42.99,51.97,-8.98,NO,,,,,,,15m logic removed,15M MONITOR,MONITORING,,,IGNORE,❌ IGNORE,Weekly RSI 38.76 <= 50
2026-08-18 22:16:14,NSE:SYRMA,1500.1,70.65,69.38,1.27,2026-08-18 22:00,60.15,50.95,9.2,YES,,,,,,,15m logic removed,HOURLY,NORMAL,,,WATCH,👀 WATCH,Weekly RSI 70.65 > 50; Hourly RSI 60.15; 15m confirmation checked only while monitored
2026-08-18 22:17:05,NSE:TIPSMUSIC,655.5,53.16,55.56,-2.4,2026-08-18 22:00,37.38,37.43,-0.05,NO,,,,,,,15m logic removed,15M MONITOR,MONITORING,,,WATCH,👀 WATCH,"Weekly RSI 53.16 > 50, but Hourly RSI has not touched 30 (current 37.38)"
2026-08-18 22:16:16,NSE:TORNTPHARM,4971.0,64.25,61.07,3.18,2026-08-18 22:00,63.55,53.64,9.91,YES,,,,,,,15m logic removed,HOURLY,NORMAL,,,WATCH,👀 WATCH,Weekly RSI 64.25 > 50; Hourly RSI 63.55; 15m confirmation checked only while monitored
2026-08-18 22:17:07,NSE:TVSMOTOR,4356.8,68.14,67.22,0.92,2026-08-18 22:00,49.58,57.39,-7.81,NO,,,,,,,15m logic removed,15M MONITOR,MONITORING,,,WATCH,👀 WATCH,"Weekly RSI 68.14 > 50, but Hourly RSI has not touched 30 (current 49.58)"
2026-08-18 22:16:18,NSE:UNIMECH,1517.4,75.51,76.02,-0.51,2026-08-18 22:00,63.13,60.47,2.66,YES,,,,,,,15m logic removed,HOURLY,NORMAL,,,WATCH,👀 WATCH,Weekly RSI 75.51 > 50; Hourly RSI 63.13; 15m confirmation checked only while monitored
2026-08-18 22:16:18,NSE:UNOMINDA,1273.0,61.01,58.5,2.51,2026-08-18 22:00,66.53,64.62,1.91,YES,,,,,,,15m logic removed,HOURLY,NORMAL,,,WATCH,👀 WATCH,Weekly RSI 61.01 > 50; Hourly RSI 66.53; 15m confirmation checked only while monitored
2026-08-18 22:16:19,NSE:VIJAYA,1497.3,70.7,69.58,1.11,2026-08-18 22:00,57.31,63.24,-5.93,NO,,,,,,,15m logic removed,HOURLY,NORMAL,,,WATCH,👀 WATCH,Weekly RSI 70.70 > 50; Hourly RSI 57.31; 15m confirmation checked only while monitored
2026-08-18 22:16:20,NSE:WELCORP,1917.1,89.15,88.47,0.69,2026-08-18 22:00,72.08,59.84,12.25,YES,,,,,,,15m logic removed,HOURLY,NORMAL,,,WATCH,👀 WATCH,Weekly RSI 89.15 > 50; Hourly RSI 72.08; 15m confirmation checked only while monitored
2026-08-18 22:17:08,NSE:WOCKPHARMA,1859.9,56.61,60.66,-4.05,2026-08-18 22:00,32.33,42.6,-10.27,NO,,,,,,,15m logic removed,15M MONITOR,MONITORING,,,WATCH,👀 WATCH,"Weekly RSI 56.61 > 50, but Hourly RSI has not touched 30 (current 32.33)"
2026-08-18 22:16:22,NSE:ZEEL,105.32,53.61,51.98,1.63,2026-08-18 22:00,69.64,68.7,0.94,YES,,,,,,,15m logic removed,HOURLY,NORMAL,,,WATCH,👀 WATCH,Weekly RSI 53.61 > 50; Hourly RSI 69.64; 15m confirmation checked only while monitored
2026-08-18 22:16:23,NSE:ZENTEC,1982.4,63.13,58.95,4.18,2026-08-18 22:00,82.9,63.11,19.79,YES,,,,,,,15m logic removed,HOURLY,NORMAL,,,WATCH,👀 WATCH,Weekly RSI 63.13 > 50; Hourly RSI 82.90; 15m confirmation checked only while monitored
2026-08-18 22:16:24,PARAS,1527.3,74.19,69.95,4.24,2026-08-18 22:00,87.72,69.69,18.03,YES,,,,,,,15m logic removed,HOURLY,NORMAL,,,WATCH,👀 WATCH,Weekly RSI 74.19 > 50; Hourly RSI 87.72; 15m confirmation checked only while monitored
2026-08-18 22:17:09,KALYANKJIL,601.6,70.37,71.82,-1.45,2026-08-18 22:00,42.33,51.96,-9.63,NO,,,,,,,15m logic removed,15M MONITOR,MONITORING,,,WATCH,👀 WATCH,"Weekly RSI 70.37 > 50, but Hourly RSI has not touched 30 (current 42.33)"
2026-08-18 22:16:26,CYIENTDLM,736.1,86.1,84.24,1.86,2026-08-18 22:00,65.44,69.29,-3.85,NO,,,,,,,15m logic removed,HOURLY,NORMAL,,,WATCH,👀 WATCH,Weekly RSI 86.10 > 50; Hourly RSI 65.44; 15m confirmation checked only while monitored
2026-08-18 22:16:27,UNIMECH,1517.4,75.51,76.02,-0.51,2026-08-18 22:00,63.13,60.47,2.66,YES,,,,,,,15m logic removed,HOURLY,NORMAL,,,WATCH,👀 WATCH,Weekly RSI 75.51 > 50; Hourly RSI 63.13; 15m confirmation checked only while monitored
2026-08-18 22:16:28,SYRMA,1500.1,70.65,69.38,1.27,2026-08-18 22:00,60.15,50.95,9.2,YES,,,,,,,15m logic removed,HOURLY,NORMAL,,,WATCH,👀 WATCH,Weekly RSI 70.65 > 50; Hourly RSI 60.15; 15m confirmation checked only while monitored
2026-08-18 22:16:29,HFCL,230.03,77.68,76.42,1.26,2026-08-18 22:00,65.0,43.81,21.19,YES,,,,,,,15m logic removed,HOURLY,NORMAL,,,WATCH,👀 WATCH,Weekly RSI 77.68 > 50; Hourly RSI 65.00; 15m confirmation checked only while monitored
2026-08-18 22:16:30,WELCORP,1917.1,89.15,88.47,0.69,2026-08-18 22:00,72.08,59.84,12.25,YES,,,,,,,15m logic removed,HOURLY,NORMAL,,,WATCH,👀 WATCH,Weekly RSI 89.15 > 50; Hourly RSI 72.08; 15m confirmation checked only while monitored
2026-08-18 22:16:30,TBOTEK,1708.2,68.07,64.85,3.22,2026-08-18 22:00,72.86,71.12,1.75,YES,,,,,,,15m logic removed,HOURLY,NORMAL,,,WATCH,👀 WATCH,Weekly RSI 68.07 > 50; Hourly RSI 72.86; 15m confirmation checked only while monitored
2026-08-18 22:16:31,NAUKRI,1354.9,70.89,70.25,0.64,2026-08-18 22:00,55.79,56.44,-0.65,NO,,,,,,,15m logic removed,HOURLY,NORMAL,,,WATCH,👀 WATCH,Weekly RSI 70.89 > 50; Hourly RSI 55.79; 15m confirmation checked only while monitored
2026-08-18 22:16:32,AKUMS,744.15,72.28,70.82,1.46,2026-08-18 22:00,54.22,53.28,0.94,YES,,,,,,,15m logic removed,HOURLY,NORMAL,,,WATCH,👀 WATCH,Weekly RSI 72.28 > 50; Hourly RSI 54.22; 15m confirmation checked only while monitored
2026-08-18 22:16:33,DYNAMATECH,11770.0,60.06,56.53,3.53,2026-08-18 22:00,77.46,56.51,20.95,YES,,,,,,,15m logic removed,HOURLY,NORMAL,,,WATCH,👀 WATCH,Weekly RSI 60.06 > 50; Hourly RSI 77.46; 15m confirmation checked only while monitored
2026-08-18 22:16:34,ZENTEC,1982.4,63.13,58.95,4.18,2026-08-18 22:00,82.9,63.11,19.79,YES,,,,,,,15m logic removed,HOURLY,NORMAL,,,WATCH,👀 WATCH,Weekly RSI 63.13 > 50; Hourly RSI 82.90; 15m confirmation checked only while monitored
2026-08-18 22:17:10,PAYTM,1546.3,68.61,73.5,-4.89,2026-08-18 22:00,31.67,41.86,-10.19,NO,,,,,,,15m logic removed,15M MONITOR,MONITORING,,,WATCH,👀 WATCH,"Weekly RSI 68.61 > 50, but Hourly RSI has not touched 30 (current 31.67)"
2026-08-18 22:16:36,TIINDIA,2959.0,53.77,44.2,9.57,2026-08-18 22:00,75.54,46.44,29.1,YES,,,,,,,15m logic removed,HOURLY,NORMAL,,,WATCH,👀 WATCH,Weekly RSI 53.77 > 50; Hourly RSI 75.54; 15m confirmation checked only while monitored
2026-08-18 22:16:37,GLAXO,2877.4,68.11,61.82,6.29,2026-08-18 22:00,91.03,70.61,20.42,YES,,,,,,,15m logic removed,HOURLY,NORMAL,,,WATCH,👀 WATCH,Weekly RSI 68.11 > 50; Hourly RSI 91.03; 15m confirmation checked only while monitored
2026-08-18 22:16:38,ACE,1184.8,74.31,66.77,7.55,2026-08-18 22:00,84.83,68.49,16.34,YES,,,,,,,15m logic removed,HOURLY,NORMAL,,,WATCH,👀 WATCH,Weekly RSI 74.31 > 50; Hourly RSI 84.83; 15m confirmation checked only while monitored
2026-08-18 22:16:39,HEG,739.25,71.21,67.84,3.38,2026-08-18 22:00,72.05,52.5,19.55,YES,,,,,,,15m logic removed,HOURLY,NORMAL,,,WATCH,👀 WATCH,Weekly RSI 71.21 > 50; Hourly RSI 72.05; 15m confirmation checked only while monitored
2026-08-18 22:16:40,WELSPUNLIV,177.79,69.65,63.21,6.44,2026-08-18 22:00,69.28,55.81,13.47,YES,,,,,,,15m logic removed,HOURLY,NORMAL,,,WATCH,👀 WATCH,Weekly RSI 69.65 > 50; Hourly RSI 69.28; 15m confirmation checked only while monitored
2026-08-18 22:29:06,NSE:LGEINDIA,1649.4,54.84,60.65,-5.82,2026-08-18 22:00,50.36,55.5,-5.13,NO,,,,,,,15m logic removed,HOURLY,NORMAL,,,WATCH,👀 WATCH,Weekly RSI 54.84 > 50; Hourly RSI 50.36; 15m confirmation checked only while monitored
2026-08-18 22:31:27,NSE:ASTRAL,1520.0,51.77,54.81,-3.04,2026-08-18 22:00,43.98,54.86,-10.88,NO,,,,,,,15m logic removed,15M MONITOR,MONITORING,,,WATCH,👀 WATCH,"Weekly RSI 51.77 > 50, but Hourly RSI has not touched 30 (current 43.98)"
2026-08-18 22:29:08,NSE:FINCABLES,1329.35,69.23,65.92,3.32,2026-08-18 22:00,75.93,73.98,1.95,YES,,,,,,,15m logic removed,HOURLY,NORMAL,,,WATCH,👀 WATCH,Weekly RSI 69.23 > 50; Hourly RSI 75.93; 15m confirmation checked only while monitored
2026-08-18 22:29:10,NSE:GODREJAGRO,588.7,52.01,50.07,1.94,2026-08-18 22:00,66.82,74.36,-7.55,NO,,,,,,,15m logic removed,HOURLY,NORMAL,,,WATCH,👀 WATCH,Weekly RSI 52.01 > 50; Hourly RSI 66.82; 15m confirmation checked only while monitored
2026-08-18 22:29:11,NSE:HAPPSTMNDS,419.95,57.42,57.5,-0.08,2026-08-18 22:00,57.82,66.54,-8.72,NO,,,,,,,15m logic removed,HOURLY,NORMAL,,,WATCH,👀 WATCH,Weekly RSI 57.42 > 50; Hourly RSI 57.82; 15m confirmation checked only while monitored
2026-08-18 22:29:13,NSE:NAZARA,355.55,72.56,72.74,-0.19,2026-08-18 22:00,54.06,36.05,18.02,YES,,,,,,,15m logic removed,HOURLY,NORMAL,,,WATCH,👀 WATCH,Weekly RSI 72.56 > 50; Hourly RSI 54.06; 15m confirmation checked only while monitored
2026-08-18 22:31:29,NSE:OFSS,11623.0,65.6,68.0,-2.4,2026-08-18 22:00,43.54,55.31,-11.77,NO,,,,,,,15m logic removed,15M MONITOR,MONITORING,,,WATCH,👀 WATCH,"Weekly RSI 65.60 > 50, but Hourly RSI has not touched 30 (current 43.54)"
2026-08-18 22:31:30,NSE:REDINGTON,326.3,62.74,64.98,-2.23,2026-08-18 22:00,27.13,36.71,-9.58,NO,,,,,,,15m logic removed,15M MONITOR,MONITORING,,,WATCH,👀 WATCH,Weekly RSI 62.74 > 50 + Hourly RSI touched 30 + 15m price confirmation failed (Close 326.0 <= Previous High 327.0)
2026-08-18 22:29:16,NSE:AARTIIND,530.1,64.98,66.18,-1.21,2026-08-18 22:00,54.28,49.76,4.52,YES,,,,,,,15m logic removed,HOURLY,NORMAL,,,WATCH,👀 WATCH,Weekly RSI 64.98 > 50; Hourly RSI 54.28; 15m confirmation checked only while monitored
2026-08-18 22:31:32,NSE:ABB,7546.0,61.38,63.4,-2.02,2026-08-18 22:00,33.56,46.3,-12.74,NO,,,,,,,15m logic removed,15M MONITOR,MONITORING,,,WATCH,👀 WATCH,"Weekly RSI 61.38 > 50, but Hourly RSI has not touched 30 (current 33.56)"
2026-08-18 22:29:18,NSE:ACMESOLAR,371.75,64.84,65.76,-0.92,2026-08-18 22:00,53.51,36.88,16.64,YES,,,,,,,15m logic removed,HOURLY,NORMAL,,,WATCH,👀 WATCH,Weekly RSI 64.84 > 50; Hourly RSI 53.51; 15m confirmation checked only while monitored
2026-08-18 22:29:20,NSE:ADANIENSOL,1603.0,64.84,66.1,-1.25,2026-08-18 22:00,51.08,42.84,8.24,YES,,,,,,,15m logic removed,HOURLY,NORMAL,,,WATCH,👀 WATCH,Weekly RSI 64.84 > 50; Hourly RSI 51.08; 15m confirmation checked only while monitored
2026-08-18 22:29:21,NSE:AEGISLOG,1367.7,70.37,66.7,3.67,2026-08-18 22:00,76.94,53.03,23.91,YES,,,,,,,15m logic removed,HOURLY,NORMAL,,,WATCH,👀 WATCH,Weekly RSI 70.37 > 50; Hourly RSI 76.94; 15m confirmation checked only while monitored
2026-08-18 22:29:22,NSE:AJANTPHARM,3706.4,75.11,74.36,0.75,2026-08-18 22:00,70.06,78.51,-8.45,NO,,,,,,,15m logic removed,HOURLY,NORMAL,,,WATCH,👀 WATCH,Weekly RSI 75.11 > 50; Hourly RSI 70.06; 15m confirmation checked only while monitored
2026-08-18 22:29:23,NSE:AKUMS,744.15,72.28,70.82,1.46,2026-08-18 22:00,54.22,53.28,0.94,YES,,,,,,,15m logic removed,HOURLY,NORMAL,,,WATCH,👀 WATCH,Weekly RSI 72.28 > 50; Hourly RSI 54.22; 15m confirmation checked only while monitored
2026-08-18 22:29:24,NSE:ALIVUS,1400.0,78.95,78.41,0.54,2026-08-18 22:00,61.43,59.17,2.27,YES,,,,,,,15m logic removed,HOURLY,NORMAL,,,WATCH,👀 WATCH,Weekly RSI 78.95 > 50; Hourly RSI 61.43; 15m confirmation checked only while monitored
2026-08-18 22:29:25,NSE:ANANDRATHI,2194.8,75.68,74.94,0.74,2026-08-18 22:00,62.74,50.24,12.5,YES,,,,,,,15m logic removed,HOURLY,NORMAL,,,WATCH,👀 WATCH,Weekly RSI 75.68 > 50; Hourly RSI 62.74; 15m confirmation checked only while monitored
2026-08-18 22:29:27,NSE:APARINDS,17214.0,73.17,71.5,1.67,2026-08-18 22:00,60.98,42.37,18.61,YES,,,,,,,15m logic removed,HOURLY,NORMAL,,,WATCH,👀 WATCH,Weekly RSI 73.17 > 50; Hourly RSI 60.98; 15m confirmation checked only while monitored
2026-08-18 22:29:28,NSE:ASHOKLEY,176.35,56.26,54.11,2.14,2026-08-18 22:00,51.47,53.92,-2.45,NO,,,,,,,15m logic removed,HOURLY,NORMAL,,,WATCH,👀 WATCH,Weekly RSI 56.26 > 50; Hourly RSI 51.47; 15m confirmation checked only while monitored
2026-08-18 22:29:29,NSE:ASTRAMICRO,1767.4,68.74,67.72,1.02,2026-08-18 22:00,64.35,42.97,21.38,YES,,,,,,,15m logic removed,HOURLY,NORMAL,,,WATCH,👀 WATCH,Weekly RSI 68.74 > 50; Hourly RSI 64.35; 15m confirmation checked only while monitored
2026-08-18 22:31:34,NSE:ATHERENERG,1465.8,76.3,80.74,-4.43,2026-08-18 22:00,30.54,35.93,-5.39,NO,,,,,,,15m logic removed,15M MONITOR,MONITORING,,,SETUP,🔥 SETUP,Weekly RSI 76.30 > 50 + Hourly RSI touched 30 + 15m Close > Previous 15m High
2026-08-18 22:29:31,NSE:AUROPHARMA,1645.0,68.53,67.08,1.45,2026-08-18 22:00,53.23,44.03,9.2,YES,,,,,,,15m logic removed,HOURLY,NORMAL,,,WATCH,👀 WATCH,Weekly RSI 68.53 > 50; Hourly RSI 53.23; 15m confirmation checked only while monitored
2026-08-18 22:31:36,NSE:BAJAJ-AUTO,11607.0,70.09,72.09,-2.0,2026-08-18 22:00,38.01,44.04,-6.02,NO,,,,,,,15m logic removed,15M MONITOR,MONITORING,,,WATCH,👀 WATCH,"Weekly RSI 70.09 > 50, but Hourly RSI has not touched 30 (current 38.01)"
2026-08-18 22:29:34,NSE:BALRAMCHIN,653.25,73.66,70.01,3.65,2026-08-18 22:00,68.87,72.74,-3.87,NO,,,,,,,15m logic removed,HOURLY,NORMAL,,,WATCH,👀 WATCH,Weekly RSI 73.66 > 50; Hourly RSI 68.87; 15m confirmation checked only while monitored
2026-08-18 22:29:35,NSE:BDL,1393.0,54.21,54.59,-0.37,2026-08-18 22:00,65.02,59.46,5.56,YES,,,,,,,15m logic removed,HOURLY,NORMAL,,,WATCH,👀 WATCH,Weekly RSI 54.21 > 50; Hourly RSI 65.02; 15m confirmation checked only while monitored
2026-08-18 22:29:37,NSE:BEML,1965.5,60.28,55.85,4.43,2026-08-18 22:00,72.24,57.48,14.77,YES,,,,,,,15m logic removed,HOURLY,NORMAL,,,WATCH,👀 WATCH,Weekly RSI 60.28 > 50; Hourly RSI 72.24; 15m confirmation checked only while monitored
2026-08-18 22:29:38,NSE:BHARATFORG,2098.9,59.08,57.47,1.61,2026-08-18 22:00,54.65,52.12,2.53,YES,,,,,,,15m logic removed,HOURLY,NORMAL,,,WATCH,👀 WATCH,Weekly RSI 59.08 > 50; Hourly RSI 54.65; 15m confirmation checked only while monitored
2026-08-18 22:29:39,NSE:BHEL,425.0,66.07,65.48,0.59,2026-08-18 22:00,52.72,70.96,-18.24,NO,,,,,,,15m logic removed,HOURLY,NORMAL,,,WATCH,👀 WATCH,Weekly RSI 66.07 > 50; Hourly RSI 52.72; 15m confirmation checked only while monitored
2026-08-18 22:29:40,NSE:BOSCHLTD,48730.0,75.27,72.96,2.32,2026-08-18 22:00,77.88,60.0,17.88,YES,,,,,,,15m logic removed,HOURLY,NORMAL,,,WATCH,👀 WATCH,Weekly RSI 75.27 > 50; Hourly RSI 77.88; 15m confirmation checked only while monitored
2026-08-18 22:29:41,NSE:CAPLIPOINT,2529.7,67.13,65.36,1.77,2026-08-18 22:00,56.13,55.11,1.02,YES,,,,,,,15m logic removed,HOURLY,NORMAL,,,WATCH,👀 WATCH,Weekly RSI 67.13 > 50; Hourly RSI 56.13; 15m confirmation checked only while monitored
2026-08-18 22:29:42,NSE:CHENNPETRO,1404.0,73.68,69.87,3.81,2026-08-18 22:00,70.35,64.69,5.66,YES,,,,,,,15m logic removed,HOURLY,NORMAL,,,WATCH,👀 WATCH,Weekly RSI 73.68 > 50; Hourly RSI 70.35; 15m confirmation checked only while monitored
2026-08-18 22:29:43,NSE:COHANCE,455.2,51.21,48.61,2.6,2026-08-18 22:00,65.52,55.0,10.52,YES,,,,,,,15m logic removed,HOURLY,NORMAL,,,WATCH,👀 WATCH,Weekly RSI 51.21 > 50; Hourly RSI 65.52; 15m confirmation checked only while monitored
2026-08-18 22:29:45,NSE:CRAFTSMAN,10900.0,71.43,67.27,4.16,2026-08-18 22:00,73.51,56.49,17.02,YES,,,,,,,15m logic removed,HOURLY,NORMAL,,,WATCH,👀 WATCH,Weekly RSI 71.43 > 50; Hourly RSI 73.51; 15m confirmation checked only while monitored
2026-08-18 22:29:46,NSE:CYIENTDLM,736.1,86.1,84.24,1.86,2026-08-18 22:00,65.44,69.29,-3.85,NO,,,,,,,15m logic removed,HOURLY,NORMAL,,,WATCH,👀 WATCH,Weekly RSI 86.10 > 50; Hourly RSI 65.44; 15m confirmation checked only while monitored
2026-08-18 22:29:47,NSE:DATAPATTNS,4737.2,64.32,60.33,3.99,2026-08-18 22:00,77.59,58.21,19.38,YES,,,,,,,15m logic removed,HOURLY,NORMAL,,,WATCH,👀 WATCH,Weekly RSI 64.32 > 50; Hourly RSI 77.59; 15m confirmation checked only while monitored
2026-08-18 22:31:37,NSE:DBCORP,209.85,46.57,47.65,-1.08,2026-08-18 22:00,39.01,51.47,-12.47,NO,,,,,,,15m logic removed,15M MONITOR,MONITORING,,,IGNORE,❌ IGNORE,Weekly RSI 46.57 <= 50
2026-08-18 22:29:50,NSE:DIVISLAB,8588.0,84.19,83.43,0.76,2026-08-18 22:00,61.69,49.68,12.01,YES,,,,,,,15m logic removed,HOURLY,NORMAL,,,WATCH,👀 WATCH,Weekly RSI 84.19 > 50; Hourly RSI 61.69; 15m confirmation checked only while monitored
2026-08-18 22:29:51,NSE:DYNAMATECH,11770.0,60.06,56.53,3.53,2026-08-18 22:00,77.46,56.51,20.95,YES,,,,,,,15m logic removed,HOURLY,NORMAL,,,WATCH,👀 WATCH,Weekly RSI 60.06 > 50; Hourly RSI 77.46; 15m confirmation checked only while monitored
2026-08-18 22:31:39,NSE:EICHERMOT,8018.5,63.25,64.56,-1.31,2026-08-18 22:00,41.0,47.13,-6.13,NO,,,,,,,15m logic removed,15M MONITOR,MONITORING,,,WATCH,👀 WATCH,"Weekly RSI 63.25 > 50, but Hourly RSI has not touched 30 (current 41.00)"
2026-08-18 22:29:53,NSE:ENRIN,3593.2,56.84,55.76,1.07,2026-08-18 22:00,57.13,62.01,-4.88,NO,,,,,,,15m logic removed,HOURLY,NORMAL,,,WATCH,👀 WATCH,Weekly RSI 56.84 > 50; Hourly RSI 57.13; 15m confirmation checked only while monitored
2026-08-18 22:31:41,NSE:EXIDEIND,465.25,68.52,72.73,-4.2,2026-08-18 22:00,29.06,41.47,-12.41,NO,,,,,,,15m logic removed,15M MONITOR,MONITORING,,,WATCH,👀 WATCH,Weekly RSI 68.52 > 50 + Hourly RSI touched 30 + 15m price confirmation failed (Close 465.15 <= Previous High 466.75)
2026-08-18 22:31:43,NSE:GLAND,2858.6,73.29,79.58,-6.29,2026-08-18 22:00,41.26,48.81,-7.55,NO,,,,,,,15m logic removed,15M MONITOR,MONITORING,,,WATCH,👀 WATCH,"Weekly RSI 73.29 > 50, but Hourly RSI has not touched 30 (current 41.26)"
2026-08-18 22:31:44,NSE:GRANULES,852.05,65.21,66.44,-1.23,2026-08-18 22:00,42.8,53.96,-11.16,NO,,,,,,,15m logic removed,15M MONITOR,MONITORING,,,WATCH,👀 WATCH,"Weekly RSI 65.21 > 50, but Hourly RSI has not touched 30 (current 42.80)"
2026-08-18 22:29:59,NSE:GRSE,2677.0,52.87,50.26,2.61,2026-08-18 22:00,70.67,46.32,24.34,YES,,,,,,,15m logic removed,HOURLY,NORMAL,,,WATCH,👀 WATCH,Weekly RSI 52.87 > 50; Hourly RSI 70.67; 15m confirmation checked only while monitored
2026-08-18 22:30:00,NSE:HAL,5099.0,68.69,67.39,1.3,2026-08-18 22:00,69.82,63.95,5.87,YES,,,,,,,15m logic removed,HOURLY,NORMAL,,,WATCH,👀 WATCH,Weekly RSI 68.69 > 50; Hourly RSI 69.82; 15m confirmation checked only while monitored
2026-08-18 22:31:46,NSE:HATHWAY,10.51,43.32,44.13,-0.8,2026-08-18 22:00,34.03,42.66,-8.63,NO,,,,,,,15m logic removed,15M MONITOR,MONITORING,,,IGNORE,❌ IGNORE,Weekly RSI 43.32 <= 50
2026-08-18 22:31:48,NSE:HEROMOTOCO,5745.5,62.45,63.8,-1.35,2026-08-18 22:00,40.92,40.81,0.1,YES,,,,,,,15m logic removed,15M MONITOR,MONITORING,,,WATCH,👀 WATCH,"Weekly RSI 62.45 > 50, but Hourly RSI has not touched 30 (current 40.92)"
2026-08-18 22:30:04,NSE:HFCL,230.03,77.68,76.42,1.26,2026-08-18 22:00,65.0,43.81,21.19,YES,,,,,,,15m logic removed,HOURLY,NORMAL,,,WATCH,👀 WATCH,Weekly RSI 77.68 > 50; Hourly RSI 65.00; 15m confirmation checked only while monitored
2026-08-18 22:31:49,NSE:HONASA,474.6,68.77,79.49,-10.72,2026-08-18 22:00,40.5,45.33,-4.83,NO,,,,,,,15m logic removed,15M MONITOR,MONITORING,,,WATCH,👀 WATCH,"Weekly RSI 68.77 > 50, but Hourly RSI has not touched 30 (current 40.50)"
2026-08-18 22:30:07,NSE:HSCL,781.8,72.45,72.38,0.06,2026-08-18 22:00,54.76,57.99,-3.23,NO,,,,,,,15m logic removed,HOURLY,NORMAL,,,WATCH,👀 WATCH,Weekly RSI 72.45 > 50; Hourly RSI 54.76; 15m confirmation checked only while monitored
2026-08-18 22:30:08,NSE:IFCI,81.36,62.18,58.71,3.47,2026-08-18 22:00,73.77,64.85,8.92,YES,,,,,,,15m logic removed,HOURLY,NORMAL,,,WATCH,👀 WATCH,Weekly RSI 62.18 > 50; Hourly RSI 73.77; 15m confirmation checked only while monitored
2026-08-18 22:30:09,NSE:INOXINDIA,1959.0,73.45,72.82,0.63,2026-08-18 22:00,57.51,51.54,5.97,YES,,,,,,,15m logic removed,HOURLY,NORMAL,,,WATCH,👀 WATCH,Weekly RSI 73.45 > 50; Hourly RSI 57.51; 15m confirmation checked only while monitored
2026-08-18 22:30:10,NSE:IPCALAB,1882.1,65.57,57.98,7.59,2026-08-18 22:00,69.81,68.79,1.02,YES,,,,,,,15m logic removed,HOURLY,NORMAL,,,WATCH,👀 WATCH,Weekly RSI 65.57 > 50; Hourly RSI 69.81; 15m confirmation checked only while monitored
2026-08-18 22:30:12,NSE:JINDALSAW,268.65,61.73,61.29,0.45,2026-08-18 22:00,50.88,58.05,-7.17,NO,,,,,,,15m logic removed,HOURLY,NORMAL,,,WATCH,👀 WATCH,Weekly RSI 61.73 > 50; Hourly RSI 50.88; 15m confirmation checked only while monitored
2026-08-18 22:30:13,NSE:KIRLOSENG,2125.7,59.73,58.99,0.74,2026-08-18 22:00,59.03,50.77,8.26,YES,,,,,,,15m logic removed,HOURLY,NORMAL,,,WATCH,👀 WATCH,Weekly RSI 59.73 > 50; Hourly RSI 59.03; 15m confirmation checked only while monitored
2026-08-18 22:31:51,NSE:LALPATHLAB,1894.0,70.21,72.68,-2.48,2026-08-18 22:00,37.46,19.65,17.82,YES,,,,,,,15m logic removed,15M MONITOR,MONITORING,,,WATCH,👀 WATCH,Weekly RSI 70.21 > 50 + Hourly RSI touched 30 + 15m price confirmation failed (Close 1894.0 <= Previous High 1902.1)
2026-08-18 22:31:53,NSE:LAURUSLABS,1814.0,80.39,79.62,0.77,2026-08-18 22:00,48.77,46.24,2.54,YES,,,,,,,15m logic removed,15M MONITOR,MONITORING,,,WATCH,👀 WATCH,"Weekly RSI 80.39 > 50, but Hourly RSI has not touched 30 (current 48.77)"
2026-08-18 22:30:17,NSE:LLOYDSME,1938.6,64.23,63.36,0.86,2026-08-18 22:00,50.91,50.05,0.86,YES,,,,,,,15m logic removed,HOURLY,NORMAL,,,WATCH,👀 WATCH,Weekly RSI 64.23 > 50; Hourly RSI 50.91; 15m confirmation checked only while monitored
2026-08-18 22:30:18,NSE:M&M,3421.5,57.33,57.66,-0.34,2026-08-18 22:00,51.1,39.7,11.4,YES,,,,,,,15m logic removed,HOURLY,NORMAL,,,WATCH,👀 WATCH,Weekly RSI 57.33 > 50; Hourly RSI 51.10; 15m confirmation checked only while monitored
2026-08-18 22:30:19,NSE:MIDHANI,437.5,59.82,55.61,4.21,2026-08-18 22:00,58.05,51.38,6.67,YES,,,,,,,15m logic removed,HOURLY,NORMAL,,,WATCH,👀 WATCH,Weekly RSI 59.82 > 50; Hourly RSI 58.05; 15m confirmation checked only while monitored
2026-08-18 22:30:20,NSE:MOTHERSON,170.4,74.96,74.11,0.85,2026-08-18 22:00,66.35,50.12,16.23,YES,,,,,,,15m logic removed,HOURLY,NORMAL,,,WATCH,👀 WATCH,Weekly RSI 74.96 > 50; Hourly RSI 66.35; 15m confirmation checked only while monitored
2026-08-18 22:30:23,NSE:MTARTECH,7132.0,60.84,60.33,0.5,2026-08-18 22:00,53.93,49.9,4.03,YES,,,,,,,15m logic removed,HOURLY,NORMAL,,,WATCH,👀 WATCH,Weekly RSI 60.84 > 50; Hourly RSI 53.93; 15m confirmation checked only while monitored
2026-08-18 22:30:24,NSE:NETWEB,5354.5,67.55,63.88,3.67,2026-08-18 22:00,74.67,66.61,8.06,YES,,,,,,,15m logic removed,HOURLY,NORMAL,,,WATCH,👀 WATCH,Weekly RSI 67.55 > 50; Hourly RSI 74.67; 15m confirmation checked only while monitored
2026-08-18 22:31:54,NSE:NETWORK18,28.51,35.36,36.45,-1.08,2026-08-18 22:00,37.23,52.52,-15.29,NO,,,,,,,15m logic removed,15M MONITOR,MONITORING,,,IGNORE,❌ IGNORE,Weekly RSI 35.36 <= 50
2026-08-18 22:30:26,NSE:NEULANDLAB,23399.0,77.65,77.48,0.16,2026-08-18 22:00,56.35,67.9,-11.55,NO,,,,,,,15m logic removed,HOURLY,NORMAL,,,WATCH,👀 WATCH,Weekly RSI 77.65 > 50; Hourly RSI 56.35; 15m confirmation checked only while monitored
2026-08-18 22:30:27,NSE:PARAS,1527.3,74.19,69.95,4.24,2026-08-18 22:00,87.72,69.69,18.03,YES,,,,,,,15m logic removed,HOURLY,NORMAL,,,WATCH,👀 WATCH,Weekly RSI 74.19 > 50; Hourly RSI 87.72; 15m confirmation checked only while monitored
2026-08-18 22:30:29,NSE:PFOCUS,286.25,56.77,52.7,4.07,2026-08-18 22:00,69.11,35.15,33.96,YES,,,,,,,15m logic removed,HOURLY,NORMAL,,,WATCH,👀 WATCH,Weekly RSI 56.77 > 50; Hourly RSI 69.11; 15m confirmation checked only while monitored
2026-08-18 22:30:30,NSE:POLYMED,1784.7,60.58,60.69,-0.11,2026-08-18 22:00,50.84,37.37,13.47,YES,,,,,,,15m logic removed,HOURLY,NORMAL,,,WATCH,👀 WATCH,Weekly RSI 60.58 > 50; Hourly RSI 50.84; 15m confirmation checked only while monitored
2026-08-18 22:31:56,NSE:POWERINDIA,35275.0,61.12,62.34,-1.22,2026-08-18 22:00,46.05,51.15,-5.1,NO,,,,,,,15m logic removed,15M MONITOR,MONITORING,,,WATCH,👀 WATCH,"Weekly RSI 61.12 > 50, but Hourly RSI has not touched 30 (current 46.05)"
2026-08-18 22:30:32,NSE:PPLPHARMA,210.53,70.23,68.8,1.44,2026-08-18 22:00,56.75,36.42,20.33,YES,,,,,,,15m logic removed,HOURLY,NORMAL,,,WATCH,👀 WATCH,Weekly RSI 70.23 > 50; Hourly RSI 56.75; 15m confirmation checked only while monitored
2026-08-18 22:30:33,NSE:PVRINOX,1198.1,70.33,68.44,1.89,2026-08-18 22:00,59.27,57.9,1.37,YES,,,,,,,15m logic removed,HOURLY,NORMAL,,,WATCH,👀 WATCH,Weekly RSI 70.33 > 50; Hourly RSI 59.27; 15m confirmation checked only while monitored
2026-08-18 22:30:34,NSE:RADICO,4732.9,87.42,86.65,0.76,2026-08-18 22:00,76.02,70.69,5.33,YES,,,,,,,15m logic removed,HOURLY,NORMAL,,,WATCH,👀 WATCH,Weekly RSI 87.42 > 50; Hourly RSI 76.02; 15m confirmation checked only while monitored
2026-08-18 22:30:36,NSE:RKFORGE,754.35,74.19,72.41,1.78,2026-08-18 22:00,66.39,65.72,0.67,YES,,,,,,,15m logic removed,HOURLY,NORMAL,,,WATCH,👀 WATCH,Weekly RSI 74.19 > 50; Hourly RSI 66.39; 15m confirmation checked only while monitored
2026-08-18 22:30:37,NSE:RRKABEL,2784.9,77.27,77.31,-0.04,2026-08-18 22:00,53.58,44.81,8.77,YES,,,,,,,15m logic removed,HOURLY,NORMAL,,,WATCH,👀 WATCH,Weekly RSI 77.27 > 50; Hourly RSI 53.58; 15m confirmation checked only while monitored
2026-08-18 22:30:38,NSE:SAILIFE,1443.4,79.16,80.21,-1.05,2026-08-18 22:00,53.31,37.28,16.03,YES,,,,,,,15m logic removed,HOURLY,NORMAL,,,WATCH,👀 WATCH,Weekly RSI 79.16 > 50; Hourly RSI 53.31; 15m confirmation checked only while monitored
2026-08-18 22:31:57,NSE:SAREGAMA,513.95,68.46,73.51,-5.05,2026-08-18 22:00,40.54,45.51,-4.97,NO,,,,,,,15m logic removed,15M MONITOR,MONITORING,,,WATCH,👀 WATCH,"Weekly RSI 68.46 > 50, but Hourly RSI has not touched 30 (current 40.54)"
2026-08-18 22:30:41,NSE:SOLARINDS,20280.0,72.47,71.31,1.15,2026-08-18 22:00,67.18,61.19,5.99,YES,,,,,,,15m logic removed,HOURLY,NORMAL,,,WATCH,👀 WATCH,Weekly RSI 72.47 > 50; Hourly RSI 67.18; 15m confirmation checked only while monitored
2026-08-18 22:30:42,NSE:SONACOMS,824.0,78.57,76.36,2.22,2026-08-18 22:00,69.88,54.21,15.67,YES,,,,,,,15m logic removed,HOURLY,NORMAL,,,WATCH,👀 WATCH,Weekly RSI 78.57 > 50; Hourly RSI 69.88; 15m confirmation checked only while monitored
2026-08-18 22:31:59,NSE:SUNTV,482.8,38.76,39.09,-0.32,2026-08-18 22:00,42.99,51.97,-8.98,NO,,,,,,,15m logic removed,15M MONITOR,MONITORING,,,IGNORE,❌ IGNORE,Weekly RSI 38.76 <= 50
2026-08-18 22:30:44,NSE:SYRMA,1500.1,70.65,69.38,1.27,2026-08-18 22:00,60.15,50.95,9.2,YES,,,,,,,15m logic removed,HOURLY,NORMAL,,,WATCH,👀 WATCH,Weekly RSI 70.65 > 50; Hourly RSI 60.15; 15m confirmation checked only while monitored
2026-08-18 22:32:01,NSE:TIPSMUSIC,655.5,53.16,55.56,-2.4,2026-08-18 22:00,37.38,37.43,-0.05,NO,,,,,,,15m logic removed,15M MONITOR,MONITORING,,,WATCH,👀 WATCH,"Weekly RSI 53.16 > 50, but Hourly RSI has not touched 30 (current 37.38)"
2026-08-18 22:30:47,NSE:TORNTPHARM,4971.0,64.25,61.07,3.18,2026-08-18 22:00,63.55,53.64,9.91,YES,,,,,,,15m logic removed,HOURLY,NORMAL,,,WATCH,👀 WATCH,Weekly RSI 64.25 > 50; Hourly RSI 63.55; 15m confirmation checked only while monitored
2026-08-18 22:32:02,NSE:TVSMOTOR,4356.8,68.14,67.22,0.92,2026-08-18 22:00,49.58,57.39,-7.81,NO,,,,,,,15m logic removed,15M MONITOR,MONITORING,,,WATCH,👀 WATCH,"Weekly RSI 68.14 > 50, but Hourly RSI has not touched 30 (current 49.58)"
2026-08-18 22:30:49,NSE:UNIMECH,1517.4,75.51,76.02,-0.51,2026-08-18 22:00,63.13,60.47,2.66,YES,,,,,,,15m logic removed,HOURLY,NORMAL,,,WATCH,👀 WATCH,Weekly RSI 75.51 > 50; Hourly RSI 63.13; 15m confirmation checked only while monitored
2026-08-18 22:30:50,NSE:UNOMINDA,1273.0,61.01,58.5,2.51,2026-08-18 22:00,66.53,64.62,1.91,YES,,,,,,,15m logic removed,HOURLY,NORMAL,,,WATCH,👀 WATCH,Weekly RSI 61.01 > 50; Hourly RSI 66.53; 15m confirmation checked only while monitored
2026-08-18 22:30:51,NSE:VIJAYA,1497.3,70.7,69.58,1.11,2026-08-18 22:00,57.31,63.24,-5.93,NO,,,,,,,15m logic removed,HOURLY,NORMAL,,,WATCH,👀 WATCH,Weekly RSI 70.70 > 50; Hourly RSI 57.31; 15m confirmation checked only while monitored
2026-08-18 22:30:53,NSE:WELCORP,1917.1,89.15,88.47,0.69,2026-08-18 22:00,72.08,59.84,12.25,YES,,,,,,,15m logic removed,HOURLY,NORMAL,,,WATCH,👀 WATCH,Weekly RSI 89.15 > 50; Hourly RSI 72.08; 15m confirmation checked only while monitored
2026-08-18 22:32:04,NSE:WOCKPHARMA,1859.9,56.61,60.66,-4.05,2026-08-18 22:00,32.33,42.6,-10.27,NO,,,,,,,15m logic removed,15M MONITOR,MONITORING,,,WATCH,👀 WATCH,"Weekly RSI 56.61 > 50, but Hourly RSI has not touched 30 (current 32.33)"
2026-08-18 22:30:55,NSE:ZEEL,105.32,53.61,51.98,1.63,2026-08-18 22:00,69.64,68.7,0.94,YES,,,,,,,15m logic removed,HOURLY,NORMAL,,,WATCH,👀 WATCH,Weekly RSI 53.61 > 50; Hourly RSI 69.64; 15m confirmation checked only while monitored
2026-08-18 22:30:56,NSE:ZENTEC,1982.4,63.13,58.95,4.18,2026-08-18 22:00,82.9,63.11,19.79,YES,,,,,,,15m logic removed,HOURLY,NORMAL,,,WATCH,👀 WATCH,Weekly RSI 63.13 > 50; Hourly RSI 82.90; 15m confirmation checked only while monitored
2026-08-18 22:30:57,PARAS,1527.3,74.19,69.95,4.24,2026-08-18 22:00,87.72,69.69,18.03,YES,,,,,,,15m logic removed,HOURLY,NORMAL,,,WATCH,👀 WATCH,Weekly RSI 74.19 > 50; Hourly RSI 87.72; 15m confirmation checked only while monitored
2026-08-18 22:32:05,KALYANKJIL,601.6,70.37,71.82,-1.45,2026-08-18 22:00,42.33,51.96,-9.63,NO,,,,,,,15m logic removed,15M MONITOR,MONITORING,,,WATCH,👀 WATCH,"Weekly RSI 70.37 > 50, but Hourly RSI has not touched 30 (current 42.33)"
2026-08-18 22:31:00,CYIENTDLM,736.1,86.1,84.24,1.86,2026-08-18 22:00,65.44,69.29,-3.85,NO,,,,,,,15m logic removed,HOURLY,NORMAL,,,WATCH,👀 WATCH,Weekly RSI 86.10 > 50; Hourly RSI 65.44; 15m confirmation checked only while monitored
2026-08-18 22:31:01,UNIMECH,1517.4,75.51,76.02,-0.51,2026-08-18 22:00,63.13,60.47,2.66,YES,,,,,,,15m logic removed,HOURLY,NORMAL,,,WATCH,👀 WATCH,Weekly RSI 75.51 > 50; Hourly RSI 63.13; 15m confirmation checked only while monitored
2026-08-18 22:31:02,SYRMA,1500.1,70.65,69.38,1.27,2026-08-18 22:00,60.15,50.95,9.2,YES,,,,,,,15m logic removed,HOURLY,NORMAL,,,WATCH,👀 WATCH,Weekly RSI 70.65 > 50; Hourly RSI 60.15; 15m confirmation checked only while monitored
2026-08-18 22:31:04,HFCL,230.03,77.68,76.42,1.26,2026-08-18 22:00,65.0,43.81,21.19,YES,,,,,,,15m logic removed,HOURLY,NORMAL,,,WATCH,👀 WATCH,Weekly RSI 77.68 > 50; Hourly RSI 65.00; 15m confirmation checked only while monitored
2026-08-18 22:31:05,WELCORP,1917.1,89.15,88.47,0.69,2026-08-18 22:00,72.08,59.84,12.25,YES,,,,,,,15m logic removed,HOURLY,NORMAL,,,WATCH,👀 WATCH,Weekly RSI 89.15 > 50; Hourly RSI 72.08; 15m confirmation checked only while monitored
2026-08-18 22:31:06,TBOTEK,1708.2,68.07,64.85,3.22,2026-08-18 22:00,72.86,71.12,1.75,YES,,,,,,,15m logic removed,HOURLY,NORMAL,,,WATCH,👀 WATCH,Weekly RSI 68.07 > 50; Hourly RSI 72.86; 15m confirmation checked only while monitored
2026-08-18 22:31:07,NAUKRI,1354.9,70.89,70.25,0.64,2026-08-18 22:00,55.79,56.44,-0.65,NO,,,,,,,15m logic removed,HOURLY,NORMAL,,,WATCH,👀 WATCH,Weekly RSI 70.89 > 50; Hourly RSI 55.79; 15m confirmation checked only while monitored
2026-08-18 22:31:08,AKUMS,744.15,72.28,70.82,1.46,2026-08-18 22:00,54.22,53.28,0.94,YES,,,,,,,15m logic removed,HOURLY,NORMAL,,,WATCH,👀 WATCH,Weekly RSI 72.28 > 50; Hourly RSI 54.22; 15m confirmation checked only while monitored
2026-08-18 22:31:09,DYNAMATECH,11770.0,60.06,56.53,3.53,2026-08-18 22:00,77.46,56.51,20.95,YES,,,,,,,15m logic removed,HOURLY,NORMAL,,,WATCH,👀 WATCH,Weekly RSI 60.06 > 50; Hourly RSI 77.46; 15m confirmation checked only while monitored
2026-08-18 22:31:10,ZENTEC,1982.4,63.13,58.95,4.18,2026-08-18 22:00,82.9,63.11,19.79,YES,,,,,,,15m logic removed,HOURLY,NORMAL,,,WATCH,👀 WATCH,Weekly RSI 63.13 > 50; Hourly RSI 82.90; 15m confirmation checked only while monitored
2026-08-18 22:32:07,PAYTM,1546.3,68.61,73.5,-4.89,2026-08-18 22:00,31.67,41.86,-10.19,NO,,,,,,,15m logic removed,15M MONITOR,MONITORING,,,WATCH,👀 WATCH,"Weekly RSI 68.61 > 50, but Hourly RSI has not touched 30 (current 31.67)"
2026-08-18 22:31:16,TIINDIA,2959.0,53.77,44.2,9.57,2026-08-18 22:00,75.54,46.44,29.1,YES,,,,,,,15m logic removed,HOURLY,NORMAL,,,WATCH,👀 WATCH,Weekly RSI 53.77 > 50; Hourly RSI 75.54; 15m confirmation checked only while monitored
2026-08-18 22:31:19,GLAXO,2877.4,68.11,61.82,6.29,2026-08-18 22:00,91.03,70.61,20.42,YES,,,,,,,15m logic removed,HOURLY,NORMAL,,,WATCH,👀 WATCH,Weekly RSI 68.11 > 50; Hourly RSI 91.03; 15m confirmation checked only while monitored
2026-08-18 22:31:21,ACE,1184.8,74.31,66.77,7.55,2026-08-18 22:00,84.83,68.49,16.34,YES,,,,,,,15m logic removed,HOURLY,NORMAL,,,WATCH,👀 WATCH,Weekly RSI 74.31 > 50; Hourly RSI 84.83; 15m confirmation checked only while monitored
2026-08-18 22:31:23,HEG,739.25,71.21,67.84,3.38,2026-08-18 22:00,72.05,52.5,19.55,YES,,,,,,,15m logic removed,HOURLY,NORMAL,,,WATCH,👀 WATCH,Weekly RSI 71.21 > 50; Hourly RSI 72.05; 15m confirmation checked only while monitored
2026-08-18 22:31:26,WELSPUNLIV,177.79,69.65,63.21,6.44,2026-08-18 22:00,69.28,55.81,13.47,YES,,,,,,,15m logic removed,HOURLY,NORMAL,,,WATCH,👀 WATCH,Weekly RSI 69.65 > 50; Hourly RSI 69.28; 15m confirmation checked only while monitored
2026-08-18 22:55:56,NSE:LGEINDIA,1649.4,54.84,60.65,-5.82,2026-08-18 22:00,50.36,55.5,-5.13,NO,,,,,,,15m logic removed,HOURLY,NORMAL,,,WATCH,👀 WATCH,Weekly RSI 54.84 > 50; Hourly RSI 50.36; 15m confirmation checked only while monitored
2026-08-18 22:57:41,NSE:ASTRAL,1520.0,51.77,54.81,-3.04,2026-08-18 22:00,43.98,54.86,-10.88,NO,,,,,,,15m logic removed,15M MONITOR,MONITORING,,,WATCH,👀 WATCH,"Weekly RSI 51.77 > 50, but Hourly RSI has not touched 30 (current 43.98)"
2026-08-18 22:55:58,NSE:FINCABLES,1329.35,69.23,65.92,3.32,2026-08-18 22:00,75.93,73.98,1.95,YES,,,,,,,15m logic removed,HOURLY,NORMAL,,,WATCH,👀 WATCH,Weekly RSI 69.23 > 50; Hourly RSI 75.93; 15m confirmation checked only while monitored
2026-08-18 22:55:59,NSE:GODREJAGRO,588.7,52.01,50.07,1.94,2026-08-18 22:00,66.82,74.36,-7.55,NO,,,,,,,15m logic removed,HOURLY,NORMAL,,,WATCH,👀 WATCH,Weekly RSI 52.01 > 50; Hourly RSI 66.82; 15m confirmation checked only while monitored
2026-08-18 22:56:00,NSE:HAPPSTMNDS,419.95,57.42,57.5,-0.08,2026-08-18 22:00,57.82,66.54,-8.72,NO,,,,,,,15m logic removed,HOURLY,NORMAL,,,WATCH,👀 WATCH,Weekly RSI 57.42 > 50; Hourly RSI 57.82; 15m confirmation checked only while monitored
2026-08-18 22:56:02,NSE:NAZARA,355.55,72.56,72.74,-0.19,2026-08-18 22:00,54.06,36.05,18.02,YES,,,,,,,15m logic removed,HOURLY,NORMAL,,,WATCH,👀 WATCH,Weekly RSI 72.56 > 50; Hourly RSI 54.06; 15m confirmation checked only while monitored
2026-08-18 22:57:42,NSE:OFSS,11623.0,65.6,68.0,-2.4,2026-08-18 22:00,43.54,55.31,-11.77,NO,,,,,,,15m logic removed,15M MONITOR,MONITORING,,,WATCH,👀 WATCH,"Weekly RSI 65.60 > 50, but Hourly RSI has not touched 30 (current 43.54)"
2026-08-18 22:57:43,NSE:REDINGTON,326.3,62.74,64.98,-2.23,2026-08-18 22:00,27.13,36.71,-9.58,NO,,,,,,,15m logic removed,15M MONITOR,MONITORING,,,WATCH,👀 WATCH,Weekly RSI 62.74 > 50 + Hourly RSI touched 30 + 15m price confirmation failed (Close 326.0 <= Previous High 327.0)
2026-08-18 22:56:04,NSE:AARTIIND,530.1,64.98,66.18,-1.21,2026-08-18 22:00,54.28,49.76,4.52,YES,,,,,,,15m logic removed,HOURLY,NORMAL,,,WATCH,👀 WATCH,Weekly RSI 64.98 > 50; Hourly RSI 54.28; 15m confirmation checked only while monitored
2026-08-18 22:57:45,NSE:ABB,7546.0,61.38,63.4,-2.02,2026-08-18 22:00,33.56,46.3,-12.74,NO,,,,,,,15m logic removed,15M MONITOR,MONITORING,,,WATCH,👀 WATCH,"Weekly RSI 61.38 > 50, but Hourly RSI has not touched 30 (current 33.56)"
2026-08-18 22:56:07,NSE:ACMESOLAR,371.75,64.84,65.76,-0.92,2026-08-18 22:00,53.51,36.88,16.64,YES,,,,,,,15m logic removed,HOURLY,NORMAL,,,WATCH,👀 WATCH,Weekly RSI 64.84 > 50; Hourly RSI 53.51; 15m confirmation checked only while monitored
2026-08-18 22:56:08,NSE:ADANIENSOL,1603.0,64.84,66.1,-1.25,2026-08-18 22:00,51.08,42.84,8.24,YES,,,,,,,15m logic removed,HOURLY,NORMAL,,,WATCH,👀 WATCH,Weekly RSI 64.84 > 50; Hourly RSI 51.08; 15m confirmation checked only while monitored
2026-08-18 22:56:08,NSE:AEGISLOG,1367.7,70.37,66.7,3.67,2026-08-18 22:00,76.94,53.03,23.91,YES,,,,,,,15m logic removed,HOURLY,NORMAL,,,WATCH,👀 WATCH,Weekly RSI 70.37 > 50; Hourly RSI 76.94; 15m confirmation checked only while monitored
2026-08-18 22:56:09,NSE:AJANTPHARM,3706.4,75.11,74.36,0.75,2026-08-18 22:00,70.06,78.51,-8.45,NO,,,,,,,15m logic removed,HOURLY,NORMAL,,,WATCH,👀 WATCH,Weekly RSI 75.11 > 50; Hourly RSI 70.06; 15m confirmation checked only while monitored
2026-08-18 22:56:10,NSE:AKUMS,744.15,72.28,70.82,1.46,2026-08-18 22:00,54.22,53.28,0.94,YES,,,,,,,15m logic removed,HOURLY,NORMAL,,,WATCH,👀 WATCH,Weekly RSI 72.28 > 50; Hourly RSI 54.22; 15m confirmation checked only while monitored
2026-08-18 22:56:11,NSE:ALIVUS,1400.0,78.95,78.41,0.54,2026-08-18 22:00,61.43,59.17,2.27,YES,,,,,,,15m logic removed,HOURLY,NORMAL,,,WATCH,👀 WATCH,Weekly RSI 78.95 > 50; Hourly RSI 61.43; 15m confirmation checked only while monitored
2026-08-18 22:56:13,NSE:ANANDRATHI,2194.8,75.68,74.94,0.74,2026-08-18 22:00,62.74,50.24,12.5,YES,,,,,,,15m logic removed,HOURLY,NORMAL,,,WATCH,👀 WATCH,Weekly RSI 75.68 > 50; Hourly RSI 62.74; 15m confirmation checked only while monitored
2026-08-18 22:56:14,NSE:APARINDS,17214.0,73.17,71.5,1.67,2026-08-18 22:00,60.98,42.37,18.61,YES,,,,,,,15m logic removed,HOURLY,NORMAL,,,WATCH,👀 WATCH,Weekly RSI 73.17 > 50; Hourly RSI 60.98; 15m confirmation checked only while monitored
2026-08-18 22:56:14,NSE:ASHOKLEY,176.35,56.26,54.11,2.14,2026-08-18 22:00,51.47,53.92,-2.45,NO,,,,,,,15m logic removed,HOURLY,NORMAL,,,WATCH,👀 WATCH,Weekly RSI 56.26 > 50; Hourly RSI 51.47; 15m confirmation checked only while monitored
2026-08-18 22:56:15,NSE:ASTRAMICRO,1767.4,68.74,67.72,1.02,2026-08-18 22:00,64.35,42.97,21.38,YES,,,,,,,15m logic removed,HOURLY,NORMAL,,,WATCH,👀 WATCH,Weekly RSI 68.74 > 50; Hourly RSI 64.35; 15m confirmation checked only while monitored
2026-08-18 22:57:46,NSE:ATHERENERG,1465.8,76.3,80.74,-4.43,2026-08-18 22:00,30.54,35.93,-5.39,NO,,,,,,,15m logic removed,15M MONITOR,MONITORING,,,SETUP,🔥 SETUP,Weekly RSI 76.30 > 50 + Hourly RSI touched 30 + 15m Close > Previous 15m High
2026-08-18 22:56:17,NSE:AUROPHARMA,1645.0,68.53,67.08,1.45,2026-08-18 22:00,53.23,44.03,9.2,YES,,,,,,,15m logic removed,HOURLY,NORMAL,,,WATCH,👀 WATCH,Weekly RSI 68.53 > 50; Hourly RSI 53.23; 15m confirmation checked only while monitored
2026-08-18 22:57:47,NSE:BAJAJ-AUTO,11607.0,70.09,72.09,-2.0,2026-08-18 22:00,38.01,44.04,-6.02,NO,,,,,,,15m logic removed,15M MONITOR,MONITORING,,,WATCH,👀 WATCH,"Weekly RSI 70.09 > 50, but Hourly RSI has not touched 30 (current 38.01)"
2026-08-18 22:56:19,NSE:BALRAMCHIN,653.25,73.66,70.01,3.65,2026-08-18 22:00,68.87,72.74,-3.87,NO,,,,,,,15m logic removed,HOURLY,NORMAL,,,WATCH,👀 WATCH,Weekly RSI 73.66 > 50; Hourly RSI 68.87; 15m confirmation checked only while monitored
2026-08-18 22:56:20,NSE:BDL,1393.0,54.21,54.59,-0.37,2026-08-18 22:00,65.02,59.46,5.56,YES,,,,,,,15m logic removed,HOURLY,NORMAL,,,WATCH,👀 WATCH,Weekly RSI 54.21 > 50; Hourly RSI 65.02; 15m confirmation checked only while monitored
2026-08-18 22:56:21,NSE:BEML,1965.5,60.28,55.85,4.43,2026-08-18 22:00,72.24,57.48,14.77,YES,,,,,,,15m logic removed,HOURLY,NORMAL,,,WATCH,👀 WATCH,Weekly RSI 60.28 > 50; Hourly RSI 72.24; 15m confirmation checked only while monitored
2026-08-18 22:56:22,NSE:BHARATFORG,2098.9,59.08,57.47,1.61,2026-08-18 22:00,54.65,52.12,2.53,YES,,,,,,,15m logic removed,HOURLY,NORMAL,,,WATCH,👀 WATCH,Weekly RSI 59.08 > 50; Hourly RSI 54.65; 15m confirmation checked only while monitored
2026-08-18 22:56:23,NSE:BHEL,425.0,66.07,65.48,0.59,2026-08-18 22:00,52.72,70.96,-18.24,NO,,,,,,,15m logic removed,HOURLY,NORMAL,,,WATCH,👀 WATCH,Weekly RSI 66.07 > 50; Hourly RSI 52.72; 15m confirmation checked only while monitored
2026-08-18 22:56:24,NSE:BOSCHLTD,48730.0,75.27,72.96,2.32,2026-08-18 22:00,77.88,60.0,17.88,YES,,,,,,,15m logic removed,HOURLY,NORMAL,,,WATCH,👀 WATCH,Weekly RSI 75.27 > 50; Hourly RSI 77.88; 15m confirmation checked only while monitored
2026-08-18 22:56:25,NSE:CAPLIPOINT,2529.7,67.13,65.36,1.77,2026-08-18 22:00,56.13,55.11,1.02,YES,,,,,,,15m logic removed,HOURLY,NORMAL,,,WATCH,👀 WATCH,Weekly RSI 67.13 > 50; Hourly RSI 56.13; 15m confirmation checked only while monitored
2026-08-18 22:56:26,NSE:CHENNPETRO,1404.0,73.68,69.87,3.81,2026-08-18 22:00,70.35,64.69,5.66,YES,,,,,,,15m logic removed,HOURLY,NORMAL,,,WATCH,👀 WATCH,Weekly RSI 73.68 > 50; Hourly RSI 70.35; 15m confirmation checked only while monitored
2026-08-18 22:56:27,NSE:COHANCE,455.2,51.21,48.61,2.6,2026-08-18 22:00,65.52,55.0,10.52,YES,,,,,,,15m logic removed,HOURLY,NORMAL,,,WATCH,👀 WATCH,Weekly RSI 51.21 > 50; Hourly RSI 65.52; 15m confirmation checked only while monitored
2026-08-18 22:56:28,NSE:CRAFTSMAN,10900.0,71.43,67.27,4.16,2026-08-18 22:00,73.51,56.49,17.02,YES,,,,,,,15m logic removed,HOURLY,NORMAL,,,WATCH,👀 WATCH,Weekly RSI 71.43 > 50; Hourly RSI 73.51; 15m confirmation checked only while monitored
2026-08-18 22:56:29,NSE:CYIENTDLM,736.1,86.1,84.24,1.86,2026-08-18 22:00,65.44,69.29,-3.85,NO,,,,,,,15m logic removed,HOURLY,NORMAL,,,WATCH,👀 WATCH,Weekly RSI 86.10 > 50; Hourly RSI 65.44; 15m confirmation checked only while monitored
2026-08-18 22:56:30,NSE:DATAPATTNS,4737.2,64.32,60.33,3.99,2026-08-18 22:00,77.59,58.21,19.38,YES,,,,,,,15m logic removed,HOURLY,NORMAL,,,WATCH,👀 WATCH,Weekly RSI 64.32 > 50; Hourly RSI 77.59; 15m confirmation checked only while monitored
2026-08-18 22:57:48,NSE:DBCORP,209.85,46.57,47.65,-1.08,2026-08-18 22:00,39.01,51.47,-12.47,NO,,,,,,,15m logic removed,15M MONITOR,MONITORING,,,IGNORE,❌ IGNORE,Weekly RSI 46.57 <= 50
2026-08-18 22:56:32,NSE:DIVISLAB,8588.0,84.19,83.43,0.76,2026-08-18 22:00,61.69,49.68,12.01,YES,,,,,,,15m logic removed,HOURLY,NORMAL,,,WATCH,👀 WATCH,Weekly RSI 84.19 > 50; Hourly RSI 61.69; 15m confirmation checked only while monitored
2026-08-18 22:56:32,NSE:DYNAMATECH,11770.0,60.06,56.53,3.53,2026-08-18 22:00,77.46,56.51,20.95,YES,,,,,,,15m logic removed,HOURLY,NORMAL,,,WATCH,👀 WATCH,Weekly RSI 60.06 > 50; Hourly RSI 77.46; 15m confirmation checked only while monitored
2026-08-18 22:57:49,NSE:EICHERMOT,8018.5,63.25,64.56,-1.31,2026-08-18 22:00,41.0,47.13,-6.13,NO,,,,,,,15m logic removed,15M MONITOR,MONITORING,,,WATCH,👀 WATCH,"Weekly RSI 63.25 > 50, but Hourly RSI has not touched 30 (current 41.00)"
2026-08-18 22:56:34,NSE:ENRIN,3593.2,56.84,55.76,1.07,2026-08-18 22:00,57.13,62.01,-4.88,NO,,,,,,,15m logic removed,HOURLY,NORMAL,,,WATCH,👀 WATCH,Weekly RSI 56.84 > 50; Hourly RSI 57.13; 15m confirmation checked only while monitored
2026-08-18 22:57:51,NSE:EXIDEIND,465.25,68.52,72.73,-4.2,2026-08-18 22:00,29.06,41.47,-12.41,NO,,,,,,,15m logic removed,15M MONITOR,MONITORING,,,WATCH,👀 WATCH,Weekly RSI 68.52 > 50 + Hourly RSI touched 30 + 15m price confirmation failed (Close 465.15 <= Previous High 466.75)
2026-08-18 22:57:52,NSE:GLAND,2858.6,73.29,79.58,-6.29,2026-08-18 22:00,41.26,48.81,-7.55,NO,,,,,,,15m logic removed,15M MONITOR,MONITORING,,,WATCH,👀 WATCH,"Weekly RSI 73.29 > 50, but Hourly RSI has not touched 30 (current 41.26)"
2026-08-18 22:57:53,NSE:GRANULES,852.05,65.21,66.44,-1.23,2026-08-18 22:00,42.8,53.96,-11.16,NO,,,,,,,15m logic removed,15M MONITOR,MONITORING,,,WATCH,👀 WATCH,"Weekly RSI 65.21 > 50, but Hourly RSI has not touched 30 (current 42.80)"
2026-08-18 22:56:38,NSE:GRSE,2677.0,52.87,50.26,2.61,2026-08-18 22:00,70.67,46.32,24.34,YES,,,,,,,15m logic removed,HOURLY,NORMAL,,,WATCH,👀 WATCH,Weekly RSI 52.87 > 50; Hourly RSI 70.67; 15m confirmation checked only while monitored
2026-08-18 22:56:39,NSE:HAL,5099.0,68.69,67.39,1.3,2026-08-18 22:00,69.82,63.95,5.87,YES,,,,,,,15m logic removed,HOURLY,NORMAL,,,WATCH,👀 WATCH,Weekly RSI 68.69 > 50; Hourly RSI 69.82; 15m confirmation checked only while monitored
2026-08-18 22:57:54,NSE:HATHWAY,10.51,43.32,44.13,-0.8,2026-08-18 22:00,34.03,42.66,-8.63,NO,,,,,,,15m logic removed,15M MONITOR,MONITORING,,,IGNORE,❌ IGNORE,Weekly RSI 43.32 <= 50
2026-08-18 22:57:55,NSE:HEROMOTOCO,5745.5,62.45,63.8,-1.35,2026-08-18 22:00,40.92,40.81,0.1,YES,,,,,,,15m logic removed,15M MONITOR,MONITORING,,,WATCH,👀 WATCH,"Weekly RSI 62.45 > 50, but Hourly RSI has not touched 30 (current 40.92)"
2026-08-18 22:56:42,NSE:HFCL,230.03,77.68,76.42,1.26,2026-08-18 22:00,65.0,43.81,21.19,YES,,,,,,,15m logic removed,HOURLY,NORMAL,,,WATCH,👀 WATCH,Weekly RSI 77.68 > 50; Hourly RSI 65.00; 15m confirmation checked only while monitored
2026-08-18 22:57:57,NSE:HONASA,474.6,68.77,79.49,-10.72,2026-08-18 22:00,40.5,45.33,-4.83,NO,,,,,,,15m logic removed,15M MONITOR,MONITORING,,,WATCH,👀 WATCH,"Weekly RSI 68.77 > 50, but Hourly RSI has not touched 30 (current 40.50)"
2026-08-18 22:56:44,NSE:HSCL,781.8,72.45,72.38,0.06,2026-08-18 22:00,54.76,57.99,-3.23,NO,,,,,,,15m logic removed,HOURLY,NORMAL,,,WATCH,👀 WATCH,Weekly RSI 72.45 > 50; Hourly RSI 54.76; 15m confirmation checked only while monitored
2026-08-18 22:56:45,NSE:IFCI,81.36,62.18,58.71,3.47,2026-08-18 22:00,73.77,64.85,8.92,YES,,,,,,,15m logic removed,HOURLY,NORMAL,,,WATCH,👀 WATCH,Weekly RSI 62.18 > 50; Hourly RSI 73.77; 15m confirmation checked only while monitored
2026-08-18 22:56:46,NSE:INOXINDIA,1959.0,73.45,72.82,0.63,2026-08-18 22:00,57.51,51.54,5.97,YES,,,,,,,15m logic removed,HOURLY,NORMAL,,,WATCH,👀 WATCH,Weekly RSI 73.45 > 50; Hourly RSI 57.51; 15m confirmation checked only while monitored
2026-08-18 22:56:47,NSE:IPCALAB,1882.1,65.57,57.98,7.59,2026-08-18 22:00,69.81,68.79,1.02,YES,,,,,,,15m logic removed,HOURLY,NORMAL,,,WATCH,👀 WATCH,Weekly RSI 65.57 > 50; Hourly RSI 69.81; 15m confirmation checked only while monitored
2026-08-18 22:56:48,NSE:JINDALSAW,268.65,61.73,61.29,0.45,2026-08-18 22:00,50.88,58.05,-7.17,NO,,,,,,,15m logic removed,HOURLY,NORMAL,,,WATCH,👀 WATCH,Weekly RSI 61.73 > 50; Hourly RSI 50.88; 15m confirmation checked only while monitored
2026-08-18 22:56:49,NSE:KIRLOSENG,2125.7,59.73,58.99,0.74,2026-08-18 22:00,59.03,50.77,8.26,YES,,,,,,,15m logic removed,HOURLY,NORMAL,,,WATCH,👀 WATCH,Weekly RSI 59.73 > 50; Hourly RSI 59.03; 15m confirmation checked only while monitored
2026-08-18 22:57:58,NSE:LALPATHLAB,1894.0,70.21,72.68,-2.48,2026-08-18 22:00,37.46,19.65,17.82,YES,,,,,,,15m logic removed,15M MONITOR,MONITORING,,,WATCH,👀 WATCH,Weekly RSI 70.21 > 50 + Hourly RSI touched 30 + 15m price confirmation failed (Close 1894.0 <= Previous High 1902.1)
2026-08-18 22:57:59,NSE:LAURUSLABS,1814.0,80.39,79.62,0.77,2026-08-18 22:00,48.77,46.24,2.54,YES,,,,,,,15m logic removed,15M MONITOR,MONITORING,,,WATCH,👀 WATCH,"Weekly RSI 80.39 > 50, but Hourly RSI has not touched 30 (current 48.77)"
2026-08-18 22:56:52,NSE:LLOYDSME,1938.6,64.23,63.36,0.86,2026-08-18 22:00,50.91,50.05,0.86,YES,,,,,,,15m logic removed,HOURLY,NORMAL,,,WATCH,👀 WATCH,Weekly RSI 64.23 > 50; Hourly RSI 50.91; 15m confirmation checked only while monitored
2026-08-18 22:56:53,NSE:M&M,3421.5,57.33,57.66,-0.34,2026-08-18 22:00,51.1,39.7,11.4,YES,,,,,,,15m logic removed,HOURLY,NORMAL,,,WATCH,👀 WATCH,Weekly RSI 57.33 > 50; Hourly RSI 51.10; 15m confirmation checked only while monitored
2026-08-18 22:56:54,NSE:MIDHANI,437.5,59.82,55.61,4.21,2026-08-18 22:00,58.05,51.38,6.67,YES,,,,,,,15m logic removed,HOURLY,NORMAL,,,WATCH,👀 WATCH,Weekly RSI 59.82 > 50; Hourly RSI 58.05; 15m confirmation checked only while monitored
2026-08-18 22:56:55,NSE:MOTHERSON,170.4,74.96,74.11,0.85,2026-08-18 22:00,66.35,50.12,16.23,YES,,,,,,,15m logic removed,HOURLY,NORMAL,,,WATCH,👀 WATCH,Weekly RSI 74.96 > 50; Hourly RSI 66.35; 15m confirmation checked only while monitored
2026-08-18 22:56:56,NSE:MTARTECH,7132.0,60.84,60.33,0.5,2026-08-18 22:00,53.93,49.9,4.03,YES,,,,,,,15m logic removed,HOURLY,NORMAL,,,WATCH,👀 WATCH,Weekly RSI 60.84 > 50; Hourly RSI 53.93; 15m confirmation checked only while monitored
2026-08-18 22:56:57,NSE:NETWEB,5354.5,67.55,63.88,3.67,2026-08-18 22:00,74.67,66.61,8.06,YES,,,,,,,15m logic removed,HOURLY,NORMAL,,,WATCH,👀 WATCH,Weekly RSI 67.55 > 50; Hourly RSI 74.67; 15m confirmation checked only while monitored
2026-08-18 22:58:01,NSE:NETWORK18,28.51,35.36,36.45,-1.08,2026-08-18 22:00,37.23,52.52,-15.29,NO,,,,,,,15m logic removed,15M MONITOR,MONITORING,,,IGNORE,❌ IGNORE,Weekly RSI 35.36 <= 50
2026-08-18 22:56:59,NSE:NEULANDLAB,23399.0,77.65,77.48,0.16,2026-08-18 22:00,56.35,67.9,-11.55,NO,,,,,,,15m logic removed,HOURLY,NORMAL,,,WATCH,👀 WATCH,Weekly RSI 77.65 > 50; Hourly RSI 56.35; 15m confirmation checked only while monitored
2026-08-18 22:57:00,NSE:PARAS,1527.3,74.19,69.95,4.24,2026-08-18 22:00,87.72,69.69,18.03,YES,,,,,,,15m logic removed,HOURLY,NORMAL,,,WATCH,👀 WATCH,Weekly RSI 74.19 > 50; Hourly RSI 87.72; 15m confirmation checked only while monitored
2026-08-18 22:57:01,NSE:PFOCUS,286.25,56.77,52.7,4.07,2026-08-18 22:00,69.11,35.15,33.96,YES,,,,,,,15m logic removed,HOURLY,NORMAL,,,WATCH,👀 WATCH,Weekly RSI 56.77 > 50; Hourly RSI 69.11; 15m confirmation checked only while monitored
2026-08-18 22:57:02,NSE:POLYMED,1784.7,60.58,60.69,-0.11,2026-08-18 22:00,50.84,37.37,13.47,YES,,,,,,,15m logic removed,HOURLY,NORMAL,,,WATCH,👀 WATCH,Weekly RSI 60.58 > 50; Hourly RSI 50.84; 15m confirmation checked only while monitored
2026-08-18 22:58:02,NSE:POWERINDIA,35275.0,61.12,62.34,-1.22,2026-08-18 22:00,46.05,51.15,-5.1,NO,,,,,,,15m logic removed,15M MONITOR,MONITORING,,,WATCH,👀 WATCH,"Weekly RSI 61.12 > 50, but Hourly RSI has not touched 30 (current 46.05)"
2026-08-18 22:57:03,NSE:PPLPHARMA,210.53,70.23,68.8,1.44,2026-08-18 22:00,56.75,36.42,20.33,YES,,,,,,,15m logic removed,HOURLY,NORMAL,,,WATCH,👀 WATCH,Weekly RSI 70.23 > 50; Hourly RSI 56.75; 15m confirmation checked only while monitored
2026-08-18 22:57:04,NSE:PVRINOX,1198.1,70.33,68.44,1.89,2026-08-18 22:00,59.27,57.9,1.37,YES,,,,,,,15m logic removed,HOURLY,NORMAL,,,WATCH,👀 WATCH,Weekly RSI 70.33 > 50; Hourly RSI 59.27; 15m confirmation checked only while monitored
2026-08-18 22:57:05,NSE:RADICO,4732.9,87.42,86.65,0.76,2026-08-18 22:00,76.02,70.69,5.33,YES,,,,,,,15m logic removed,HOURLY,NORMAL,,,WATCH,👀 WATCH,Weekly RSI 87.42 > 50; Hourly RSI 76.02; 15m confirmation checked only while monitored
2026-08-18 22:57:06,NSE:RKFORGE,754.35,74.19,72.41,1.78,2026-08-18 22:00,66.39,65.72,0.67,YES,,,,,,,15m logic removed,HOURLY,NORMAL,,,WATCH,👀 WATCH,Weekly RSI 74.19 > 50; Hourly RSI 66.39; 15m confirmation checked only while monitored
2026-08-18 22:57:07,NSE:RRKABEL,2784.9,77.27,77.31,-0.04,2026-08-18 22:00,53.58,44.81,8.77,YES,,,,,,,15m logic removed,HOURLY,NORMAL,,,WATCH,👀 WATCH,Weekly RSI 77.27 > 50; Hourly RSI 53.58; 15m confirmation checked only while monitored
2026-08-18 22:57:08,NSE:SAILIFE,1443.4,79.16,80.21,-1.05,2026-08-18 22:00,53.31,37.28,16.03,YES,,,,,,,15m logic removed,HOURLY,NORMAL,,,WATCH,👀 WATCH,Weekly RSI 79.16 > 50; Hourly RSI 53.31; 15m confirmation checked only while monitored
2026-08-18 22:58:03,NSE:SAREGAMA,513.95,68.46,73.51,-5.05,2026-08-18 22:00,40.54,45.51,-4.97,NO,,,,,,,15m logic removed,15M MONITOR,MONITORING,,,WATCH,👀 WATCH,"Weekly RSI 68.46 > 50, but Hourly RSI has not touched 30 (current 40.54)"
2026-08-18 22:57:10,NSE:SOLARINDS,20280.0,72.47,71.31,1.15,2026-08-18 22:00,67.18,61.19,5.99,YES,,,,,,,15m logic removed,HOURLY,NORMAL,,,WATCH,👀 WATCH,Weekly RSI 72.47 > 50; Hourly RSI 67.18; 15m confirmation checked only while monitored
2026-08-18 22:57:11,NSE:SONACOMS,824.0,78.57,76.36,2.22,2026-08-18 22:00,69.88,54.21,15.67,YES,,,,,,,15m logic removed,HOURLY,NORMAL,,,WATCH,👀 WATCH,Weekly RSI 78.57 > 50; Hourly RSI 69.88; 15m confirmation checked only while monitored
2026-08-18 22:58:05,NSE:SUNTV,482.8,38.76,39.09,-0.32,2026-08-18 22:00,42.99,51.97,-8.98,NO,,,,,,,15m logic removed,15M MONITOR,MONITORING,,,IGNORE,❌ IGNORE,Weekly RSI 38.76 <= 50
2026-08-18 22:57:13,NSE:SYRMA,1500.1,70.65,69.38,1.27,2026-08-18 22:00,60.15,50.95,9.2,YES,,,,,,,15m logic removed,HOURLY,NORMAL,,,WATCH,👀 WATCH,Weekly RSI 70.65 > 50; Hourly RSI 60.15; 15m confirmation checked only while monitored
2026-08-18 22:58:06,NSE:TIPSMUSIC,655.5,53.16,55.56,-2.4,2026-08-18 22:00,37.38,37.43,-0.05,NO,,,,,,,15m logic removed,15M MONITOR,MONITORING,,,WATCH,👀 WATCH,"Weekly RSI 53.16 > 50, but Hourly RSI has not touched 30 (current 37.38)"
2026-08-18 22:57:15,NSE:TORNTPHARM,4971.0,64.25,61.07,3.18,2026-08-18 22:00,63.55,53.64,9.91,YES,,,,,,,15m logic removed,HOURLY,NORMAL,,,WATCH,👀 WATCH,Weekly RSI 64.25 > 50; Hourly RSI 63.55; 15m confirmation checked only while monitored
2026-08-18 22:58:07,NSE:TVSMOTOR,4356.8,68.14,67.22,0.92,2026-08-18 22:00,49.58,57.39,-7.81,NO,,,,,,,15m logic removed,15M MONITOR,MONITORING,,,WATCH,👀 WATCH,"Weekly RSI 68.14 > 50, but Hourly RSI has not touched 30 (current 49.58)"
2026-08-18 22:57:17,NSE:UNIMECH,1517.4,75.51,76.02,-0.51,2026-08-18 22:00,63.13,60.47,2.66,YES,,,,,,,15m logic removed,HOURLY,NORMAL,,,WATCH,👀 WATCH,Weekly RSI 75.51 > 50; Hourly RSI 63.13; 15m confirmation checked only while monitored
2026-08-18 22:57:18,NSE:UNOMINDA,1273.0,61.01,58.5,2.51,2026-08-18 22:00,66.53,64.62,1.91,YES,,,,,,,15m logic removed,HOURLY,NORMAL,,,WATCH,👀 WATCH,Weekly RSI 61.01 > 50; Hourly RSI 66.53; 15m confirmation checked only while monitored
2026-08-18 22:57:19,NSE:VIJAYA,1497.3,70.7,69.58,1.11,2026-08-18 22:00,57.31,63.24,-5.93,NO,,,,,,,15m logic removed,HOURLY,NORMAL,,,WATCH,👀 WATCH,Weekly RSI 70.70 > 50; Hourly RSI 57.31; 15m confirmation checked only while monitored
2026-08-18 22:57:20,NSE:WELCORP,1917.1,89.15,88.47,0.69,2026-08-18 22:00,72.08,59.84,12.25,YES,,,,,,,15m logic removed,HOURLY,NORMAL,,,WATCH,👀 WATCH,Weekly RSI 89.15 > 50; Hourly RSI 72.08; 15m confirmation checked only while monitored
2026-08-18 22:58:08,NSE:WOCKPHARMA,1859.9,56.61,60.66,-4.05,2026-08-18 22:00,32.33,42.6,-10.27,NO,,,,,,,15m logic removed,15M MONITOR,MONITORING,,,WATCH,👀 WATCH,"Weekly RSI 56.61 > 50, but Hourly RSI has not touched 30 (current 32.33)"
2026-08-18 22:57:21,NSE:ZEEL,105.32,53.61,51.98,1.63,2026-08-18 22:00,69.64,68.7,0.94,YES,,,,,,,15m logic removed,HOURLY,NORMAL,,,WATCH,👀 WATCH,Weekly RSI 53.61 > 50; Hourly RSI 69.64; 15m confirmation checked only while monitored
2026-08-18 22:57:22,NSE:ZENTEC,1982.4,63.13,58.95,4.18,2026-08-18 22:00,82.9,63.11,19.79,YES,,,,,,,15m logic removed,HOURLY,NORMAL,,,WATCH,👀 WATCH,Weekly RSI 63.13 > 50; Hourly RSI 82.90; 15m confirmation checked only while monitored
2026-08-18 22:57:23,PARAS,1527.3,74.19,69.95,4.24,2026-08-18 22:00,87.72,69.69,18.03,YES,,,,,,,15m logic removed,HOURLY,NORMAL,,,WATCH,👀 WATCH,Weekly RSI 74.19 > 50; Hourly RSI 87.72; 15m confirmation checked only while monitored
2026-08-18 22:58:09,KALYANKJIL,601.6,70.37,71.82,-1.45,2026-08-18 22:00,42.33,51.96,-9.63,NO,,,,,,,15m logic removed,15M MONITOR,MONITORING,,,WATCH,👀 WATCH,"Weekly RSI 70.37 > 50, but Hourly RSI has not touched 30 (current 42.33)"
2026-08-18 22:57:25,CYIENTDLM,736.1,86.1,84.24,1.86,2026-08-18 22:00,65.44,69.29,-3.85,NO,,,,,,,15m logic removed,HOURLY,NORMAL,,,WATCH,👀 WATCH,Weekly RSI 86.10 > 50; Hourly RSI 65.44; 15m confirmation checked only while monitored
2026-08-18 22:57:26,UNIMECH,1517.4,75.51,76.02,-0.51,2026-08-18 22:00,63.13,60.47,2.66,YES,,,,,,,15m logic removed,HOURLY,NORMAL,,,WATCH,👀 WATCH,Weekly RSI 75.51 > 50; Hourly RSI 63.13; 15m confirmation checked only while monitored
2026-08-18 22:57:27,SYRMA,1500.1,70.65,69.38,1.27,2026-08-18 22:00,60.15,50.95,9.2,YES,,,,,,,15m logic removed,HOURLY,NORMAL,,,WATCH,👀 WATCH,Weekly RSI 70.65 > 50; Hourly RSI 60.15; 15m confirmation checked only while monitored
2026-08-18 22:57:28,HFCL,230.03,77.68,76.42,1.26,2026-08-18 22:00,65.0,43.81,21.19,YES,,,,,,,15m logic removed,HOURLY,NORMAL,,,WATCH,👀 WATCH,Weekly RSI 77.68 > 50; Hourly RSI 65.00; 15m confirmation checked only while monitored
2026-08-18 22:57:29,WELCORP,1917.1,89.15,88.47,0.69,2026-08-18 22:00,72.08,59.84,12.25,YES,,,,,,,15m logic removed,HOURLY,NORMAL,,,WATCH,👀 WATCH,Weekly RSI 89.15 > 50; Hourly RSI 72.08; 15m confirmation checked only while monitored
2026-08-18 22:57:30,TBOTEK,1708.2,68.07,64.85,3.22,2026-08-18 22:00,72.86,71.12,1.75,YES,,,,,,,15m logic removed,HOURLY,NORMAL,,,WATCH,👀 WATCH,Weekly RSI 68.07 > 50; Hourly RSI 72.86; 15m confirmation checked only while monitored
2026-08-18 22:57:31,NAUKRI,1354.9,70.89,70.25,0.64,2026-08-18 22:00,55.79,56.44,-0.65,NO,,,,,,,15m logic removed,HOURLY,NORMAL,,,WATCH,👀 WATCH,Weekly RSI 70.89 > 50; Hourly RSI 55.79; 15m confirmation checked only while monitored
2026-08-18 22:57:32,AKUMS,744.15,72.28,70.82,1.46,2026-08-18 22:00,54.22,53.28,0.94,YES,,,,,,,15m logic removed,HOURLY,NORMAL,,,WATCH,👀 WATCH,Weekly RSI 72.28 > 50; Hourly RSI 54.22; 15m confirmation checked only while monitored
2026-08-18 22:57:33,DYNAMATECH,11770.0,60.06,56.53,3.53,2026-08-18 22:00,77.46,56.51,20.95,YES,,,,,,,15m logic removed,HOURLY,NORMAL,,,WATCH,👀 WATCH,Weekly RSI 60.06 > 50; Hourly RSI 77.46; 15m confirmation checked only while monitored
2026-08-18 22:57:34,ZENTEC,1982.4,63.13,58.95,4.18,2026-08-18 22:00,82.9,63.11,19.79,YES,,,,,,,15m logic removed,HOURLY,NORMAL,,,WATCH,👀 WATCH,Weekly RSI 63.13 > 50; Hourly RSI 82.90; 15m confirmation checked only while monitored
2026-08-18 22:58:11,PAYTM,1546.3,68.61,73.5,-4.89,2026-08-18 22:00,31.67,41.86,-10.19,NO,,,,,,,15m logic removed,15M MONITOR,MONITORING,,,WATCH,👀 WATCH,"Weekly RSI 68.61 > 50, but Hourly RSI has not touched 30 (current 31.67)"
2026-08-18 22:57:36,TIINDIA,2959.0,53.77,44.2,9.57,2026-08-18 22:00,75.54,46.44,29.1,YES,,,,,,,15m logic removed,HOURLY,NORMAL,,,WATCH,👀 WATCH,Weekly RSI 53.77 > 50; Hourly RSI 75.54; 15m confirmation checked only while monitored
2026-08-18 22:57:37,GLAXO,2877.4,68.11,61.82,6.29,2026-08-18 22:00,91.03,70.61,20.42,YES,,,,,,,15m logic removed,HOURLY,NORMAL,,,WATCH,👀 WATCH,Weekly RSI 68.11 > 50; Hourly RSI 91.03; 15m confirmation checked only while monitored
2026-08-18 22:57:38,ACE,1184.8,74.31,66.77,7.55,2026-08-18 22:00,84.83,68.49,16.34,YES,,,,,,,15m logic removed,HOURLY,NORMAL,,,WATCH,👀 WATCH,Weekly RSI 74.31 > 50; Hourly RSI 84.83; 15m confirmation checked only while monitored
2026-08-18 22:57:39,HEG,739.25,71.21,67.84,3.38,2026-08-18 22:00,72.05,52.5,19.55,YES,,,,,,,15m logic removed,HOURLY,NORMAL,,,WATCH,👀 WATCH,Weekly RSI 71.21 > 50; Hourly RSI 72.05; 15m confirmation checked only while monitored
2026-08-18 22:57:39,WELSPUNLIV,177.79,69.65,63.21,6.44,2026-08-18 22:00,69.28,55.81,13.47,YES,,,,,,,15m logic removed,HOURLY,NORMAL,,,WATCH,👀 WATCH,Weekly RSI 69.65 > 50; Hourly RSI 69.28; 15m confirmation checked only while monitored
2026-08-18 23:07:38,NSE:LGEINDIA,1649.4,54.84,60.65,-5.82,2026-08-18 23:00,50.36,55.5,-5.13,NO,,,,,,,15m logic removed,HOURLY,NORMAL,,,WATCH,👀 WATCH,Weekly RSI 54.84 > 50; Hourly RSI 50.36; 15m confirmation checked only while monitored
2026-08-18 23:09:29,NSE:ASTRAL,1520.0,51.77,54.81,-3.04,2026-08-18 23:00,43.98,54.86,-10.88,NO,,,,,,,15m logic removed,15M MONITOR,MONITORING,,,WATCH,👀 WATCH,"Weekly RSI 51.77 > 50, but Hourly RSI has not touched 30 (current 43.98)"
2026-08-18 23:07:41,NSE:FINCABLES,1329.35,69.23,65.92,3.32,2026-08-18 23:00,75.93,73.98,1.95,YES,,,,,,,15m logic removed,HOURLY,NORMAL,,,WATCH,👀 WATCH,Weekly RSI 69.23 > 50; Hourly RSI 75.93; 15m confirmation checked only while monitored
2026-08-18 23:07:42,NSE:GODREJAGRO,588.7,52.01,50.07,1.94,2026-08-18 23:00,66.82,74.36,-7.55,NO,,,,,,,15m logic removed,HOURLY,NORMAL,,,WATCH,👀 WATCH,Weekly RSI 52.01 > 50; Hourly RSI 66.82; 15m confirmation checked only while monitored
2026-08-18 23:07:43,NSE:HAPPSTMNDS,419.95,57.42,57.5,-0.08,2026-08-18 23:00,57.82,66.54,-8.72,NO,,,,,,,15m logic removed,HOURLY,NORMAL,,,WATCH,👀 WATCH,Weekly RSI 57.42 > 50; Hourly RSI 57.82; 15m confirmation checked only while monitored
2026-08-18 23:07:44,NSE:NAZARA,355.55,72.56,72.74,-0.19,2026-08-18 23:00,54.06,36.05,18.02,YES,,,,,,,15m logic removed,HOURLY,NORMAL,,,WATCH,👀 WATCH,Weekly RSI 72.56 > 50; Hourly RSI 54.06; 15m confirmation checked only while monitored
2026-08-18 23:09:30,NSE:OFSS,11623.0,65.6,68.0,-2.4,2026-08-18 23:00,43.54,55.31,-11.77,NO,,,,,,,15m logic removed,15M MONITOR,MONITORING,,,WATCH,👀 WATCH,"Weekly RSI 65.60 > 50, but Hourly RSI has not touched 30 (current 43.54)"
2026-08-18 23:09:32,NSE:REDINGTON,326.3,62.74,64.98,-2.23,2026-08-18 23:00,27.13,36.71,-9.58,NO,,,,,,,15m logic removed,15M MONITOR,MONITORING,,,WATCH,👀 WATCH,Weekly RSI 62.74 > 50 + Hourly RSI touched 30 + 15m price confirmation failed (Close 326.0 <= Previous High 327.0)
2026-08-18 23:07:47,NSE:AARTIIND,530.1,64.98,66.18,-1.21,2026-08-18 23:00,54.28,49.76,4.52,YES,,,,,,,15m logic removed,HOURLY,NORMAL,,,WATCH,👀 WATCH,Weekly RSI 64.98 > 50; Hourly RSI 54.28; 15m confirmation checked only while monitored
2026-08-18 23:09:33,NSE:ABB,7546.0,61.38,63.4,-2.02,2026-08-18 23:00,33.56,46.3,-12.74,NO,,,,,,,15m logic removed,15M MONITOR,MONITORING,,,WATCH,👀 WATCH,"Weekly RSI 61.38 > 50, but Hourly RSI has not touched 30 (current 33.56)"
2026-08-18 23:07:49,NSE:ACMESOLAR,371.75,64.84,65.76,-0.92,2026-08-18 23:00,53.51,36.88,16.64,YES,,,,,,,15m logic removed,HOURLY,NORMAL,,,WATCH,👀 WATCH,Weekly RSI 64.84 > 50; Hourly RSI 53.51; 15m confirmation checked only while monitored
2026-08-18 23:07:50,NSE:ADANIENSOL,1603.0,64.84,66.1,-1.25,2026-08-18 23:00,51.08,42.84,8.24,YES,,,,,,,15m logic removed,HOURLY,NORMAL,,,WATCH,👀 WATCH,Weekly RSI 64.84 > 50; Hourly RSI 51.08; 15m confirmation checked only while monitored
2026-08-18 23:07:51,NSE:AEGISLOG,1367.7,70.37,66.7,3.67,2026-08-18 23:00,76.94,53.03,23.91,YES,,,,,,,15m logic removed,HOURLY,NORMAL,,,WATCH,👀 WATCH,Weekly RSI 70.37 > 50; Hourly RSI 76.94; 15m confirmation checked only while monitored
2026-08-18 23:07:52,NSE:AJANTPHARM,3706.4,75.11,74.36,0.75,2026-08-18 23:00,70.06,78.51,-8.45,NO,,,,,,,15m logic removed,HOURLY,NORMAL,,,WATCH,👀 WATCH,Weekly RSI 75.11 > 50; Hourly RSI 70.06; 15m confirmation checked only while monitored
2026-08-18 23:07:53,NSE:AKUMS,744.15,72.28,70.82,1.46,2026-08-18 23:00,54.22,53.28,0.94,YES,,,,,,,15m logic removed,HOURLY,NORMAL,,,WATCH,👀 WATCH,Weekly RSI 72.28 > 50; Hourly RSI 54.22; 15m confirmation checked only while monitored
2026-08-18 23:07:54,NSE:ALIVUS,1400.0,78.95,78.41,0.54,2026-08-18 23:00,61.43,59.17,2.27,YES,,,,,,,15m logic removed,HOURLY,NORMAL,,,WATCH,👀 WATCH,Weekly RSI 78.95 > 50; Hourly RSI 61.43; 15m confirmation checked only while monitored
2026-08-18 23:07:55,NSE:ANANDRATHI,2194.8,75.68,74.94,0.74,2026-08-18 23:00,62.74,50.24,12.5,YES,,,,,,,15m logic removed,HOURLY,NORMAL,,,WATCH,👀 WATCH,Weekly RSI 75.68 > 50; Hourly RSI 62.74; 15m confirmation checked only while monitored
2026-08-18 23:07:56,NSE:APARINDS,17214.0,73.17,71.5,1.67,2026-08-18 23:00,60.98,42.37,18.61,YES,,,,,,,15m logic removed,HOURLY,NORMAL,,,WATCH,👀 WATCH,Weekly RSI 73.17 > 50; Hourly RSI 60.98; 15m confirmation checked only while monitored
2026-08-18 23:07:58,NSE:ASHOKLEY,176.35,56.26,54.11,2.14,2026-08-18 23:00,51.47,53.92,-2.45,NO,,,,,,,15m logic removed,HOURLY,NORMAL,,,WATCH,👀 WATCH,Weekly RSI 56.26 > 50; Hourly RSI 51.47; 15m confirmation checked only while monitored
2026-08-18 23:07:59,NSE:ASTRAMICRO,1767.4,68.74,67.72,1.02,2026-08-18 23:00,64.35,42.97,21.38,YES,,,,,,,15m logic removed,HOURLY,NORMAL,,,WATCH,👀 WATCH,Weekly RSI 68.74 > 50; Hourly RSI 64.35; 15m confirmation checked only while monitored
2026-08-18 23:09:35,NSE:ATHERENERG,1465.8,76.3,80.74,-4.43,2026-08-18 23:00,30.54,35.93,-5.39,NO,,,,,,,15m logic removed,15M MONITOR,MONITORING,,,SETUP,🔥 SETUP,Weekly RSI 76.30 > 50 + Hourly RSI touched 30 + 15m Close > Previous 15m High
2026-08-18 23:08:01,NSE:AUROPHARMA,1645.0,68.53,67.08,1.45,2026-08-18 23:00,53.23,44.03,9.2,YES,,,,,,,15m logic removed,HOURLY,NORMAL,,,WATCH,👀 WATCH,Weekly RSI 68.53 > 50; Hourly RSI 53.23; 15m confirmation checked only while monitored
2026-08-18 23:09:36,NSE:BAJAJ-AUTO,11607.0,70.09,72.09,-2.0,2026-08-18 23:00,38.01,44.04,-6.02,NO,,,,,,,15m logic removed,15M MONITOR,MONITORING,,,WATCH,👀 WATCH,"Weekly RSI 70.09 > 50, but Hourly RSI has not touched 30 (current 38.01)"
2026-08-18 23:08:03,NSE:BALRAMCHIN,653.25,73.66,70.01,3.65,2026-08-18 23:00,68.87,72.74,-3.87,NO,,,,,,,15m logic removed,HOURLY,NORMAL,,,WATCH,👀 WATCH,Weekly RSI 73.66 > 50; Hourly RSI 68.87; 15m confirmation checked only while monitored
2026-08-18 23:08:04,NSE:BDL,1393.0,54.21,54.59,-0.37,2026-08-18 23:00,65.02,59.46,5.56,YES,,,,,,,15m logic removed,HOURLY,NORMAL,,,WATCH,👀 WATCH,Weekly RSI 54.21 > 50; Hourly RSI 65.02; 15m confirmation checked only while monitored
2026-08-18 23:08:05,NSE:BEML,1965.5,60.28,55.85,4.43,2026-08-18 23:00,72.24,57.48,14.77,YES,,,,,,,15m logic removed,HOURLY,NORMAL,,,WATCH,👀 WATCH,Weekly RSI 60.28 > 50; Hourly RSI 72.24; 15m confirmation checked only while monitored
2026-08-18 23:08:06,NSE:BHARATFORG,2098.9,59.08,57.47,1.61,2026-08-18 23:00,54.65,52.12,2.53,YES,,,,,,,15m logic removed,HOURLY,NORMAL,,,WATCH,👀 WATCH,Weekly RSI 59.08 > 50; Hourly RSI 54.65; 15m confirmation checked only while monitored
2026-08-18 23:08:07,NSE:BHEL,425.0,66.07,65.48,0.59,2026-08-18 23:00,52.72,70.96,-18.24,NO,,,,,,,15m logic removed,HOURLY,NORMAL,,,WATCH,👀 WATCH,Weekly RSI 66.07 > 50; Hourly RSI 52.72; 15m confirmation checked only while monitored
2026-08-18 23:08:08,NSE:BOSCHLTD,48730.0,75.27,72.96,2.32,2026-08-18 23:00,77.88,60.0,17.88,YES,,,,,,,15m logic removed,HOURLY,NORMAL,,,WATCH,👀 WATCH,Weekly RSI 75.27 > 50; Hourly RSI 77.88; 15m confirmation checked only while monitored
2026-08-18 23:08:09,NSE:CAPLIPOINT,2529.7,67.13,65.36,1.77,2026-08-18 23:00,56.13,55.11,1.02,YES,,,,,,,15m logic removed,HOURLY,NORMAL,,,WATCH,👀 WATCH,Weekly RSI 67.13 > 50; Hourly RSI 56.13; 15m confirmation checked only while monitored
2026-08-18 23:08:10,NSE:CHENNPETRO,1404.0,73.68,69.87,3.81,2026-08-18 23:00,70.35,64.69,5.66,YES,,,,,,,15m logic removed,HOURLY,NORMAL,,,WATCH,👀 WATCH,Weekly RSI 73.68 > 50; Hourly RSI 70.35; 15m confirmation checked only while monitored
2026-08-18 23:08:11,NSE:COHANCE,455.2,51.21,48.61,2.6,2026-08-18 23:00,65.52,55.0,10.52,YES,,,,,,,15m logic removed,HOURLY,NORMAL,,,WATCH,👀 WATCH,Weekly RSI 51.21 > 50; Hourly RSI 65.52; 15m confirmation checked only while monitored
2026-08-18 23:08:12,NSE:CRAFTSMAN,10900.0,71.43,67.27,4.16,2026-08-18 23:00,73.51,56.49,17.02,YES,,,,,,,15m logic removed,HOURLY,NORMAL,,,WATCH,👀 WATCH,Weekly RSI 71.43 > 50; Hourly RSI 73.51; 15m confirmation checked only while monitored
2026-08-18 23:08:13,NSE:CYIENTDLM,736.1,86.1,84.24,1.86,2026-08-18 23:00,65.44,69.29,-3.85,NO,,,,,,,15m logic removed,HOURLY,NORMAL,,,WATCH,👀 WATCH,Weekly RSI 86.10 > 50; Hourly RSI 65.44; 15m confirmation checked only while monitored
2026-08-18 23:08:14,NSE:DATAPATTNS,4737.2,64.32,60.33,3.99,2026-08-18 23:00,77.59,58.21,19.38,YES,,,,,,,15m logic removed,HOURLY,NORMAL,,,WATCH,👀 WATCH,Weekly RSI 64.32 > 50; Hourly RSI 77.59; 15m confirmation checked only while monitored
2026-08-18 23:09:37,NSE:DBCORP,209.85,46.57,47.65,-1.08,2026-08-18 23:00,39.01,51.47,-12.47,NO,,,,,,,15m logic removed,15M MONITOR,MONITORING,,,IGNORE,❌ IGNORE,Weekly RSI 46.57 <= 50
2026-08-18 23:08:16,NSE:DIVISLAB,8588.0,84.19,83.43,0.76,2026-08-18 23:00,61.69,49.68,12.01,YES,,,,,,,15m logic removed,HOURLY,NORMAL,,,WATCH,👀 WATCH,Weekly RSI 84.19 > 50; Hourly RSI 61.69; 15m confirmation checked only while monitored
2026-08-18 23:08:17,NSE:DYNAMATECH,11770.0,60.06,56.53,3.53,2026-08-18 23:00,77.46,56.51,20.95,YES,,,,,,,15m logic removed,HOURLY,NORMAL,,,WATCH,👀 WATCH,Weekly RSI 60.06 > 50; Hourly RSI 77.46; 15m confirmation checked only while monitored
2026-08-18 23:09:39,NSE:EICHERMOT,8018.5,63.25,64.56,-1.31,2026-08-18 23:00,41.0,47.13,-6.13,NO,,,,,,,15m logic removed,15M MONITOR,MONITORING,,,WATCH,👀 WATCH,"Weekly RSI 63.25 > 50, but Hourly RSI has not touched 30 (current 41.00)"
2026-08-18 23:08:20,NSE:ENRIN,3593.2,56.84,55.76,1.07,2026-08-18 23:00,57.13,62.01,-4.88,NO,,,,,,,15m logic removed,HOURLY,NORMAL,,,WATCH,👀 WATCH,Weekly RSI 56.84 > 50; Hourly RSI 57.13; 15m confirmation checked only while monitored
2026-08-18 23:09:41,NSE:EXIDEIND,465.25,68.52,72.73,-4.2,2026-08-18 23:00,29.06,41.47,-12.41,NO,,,,,,,15m logic removed,15M MONITOR,MONITORING,,,WATCH,👀 WATCH,Weekly RSI 68.52 > 50 + Hourly RSI touched 30 + 15m price confirmation failed (Close 465.15 <= Previous High 466.75)
2026-08-18 23:09:42,NSE:GLAND,2858.6,73.29,79.58,-6.29,2026-08-18 23:00,41.26,48.81,-7.55,NO,,,,,,,15m logic removed,15M MONITOR,MONITORING,,,WATCH,👀 WATCH,"Weekly RSI 73.29 > 50, but Hourly RSI has not touched 30 (current 41.26)"
2026-08-18 23:09:43,NSE:GRANULES,852.05,65.21,66.44,-1.23,2026-08-18 23:00,42.8,53.96,-11.16,NO,,,,,,,15m logic removed,15M MONITOR,MONITORING,,,WATCH,👀 WATCH,"Weekly RSI 65.21 > 50, but Hourly RSI has not touched 30 (current 42.80)"
2026-08-18 23:08:23,NSE:GRSE,2677.0,52.87,50.26,2.61,2026-08-18 23:00,70.67,46.32,24.34,YES,,,,,,,15m logic removed,HOURLY,NORMAL,,,WATCH,👀 WATCH,Weekly RSI 52.87 > 50; Hourly RSI 70.67; 15m confirmation checked only while monitored
2026-08-18 23:08:24,NSE:HAL,5099.0,68.69,67.39,1.3,2026-08-18 23:00,69.82,63.95,5.87,YES,,,,,,,15m logic removed,HOURLY,NORMAL,,,WATCH,👀 WATCH,Weekly RSI 68.69 > 50; Hourly RSI 69.82; 15m confirmation checked only while monitored
2026-08-18 23:09:44,NSE:HATHWAY,10.51,43.32,44.13,-0.8,2026-08-18 23:00,34.03,42.66,-8.63,NO,,,,,,,15m logic removed,15M MONITOR,MONITORING,,,IGNORE,❌ IGNORE,Weekly RSI 43.32 <= 50
2026-08-18 23:09:46,NSE:HEROMOTOCO,5745.5,62.45,63.8,-1.35,2026-08-18 23:00,40.92,40.81,0.1,YES,,,,,,,15m logic removed,15M MONITOR,MONITORING,,,WATCH,👀 WATCH,"Weekly RSI 62.45 > 50, but Hourly RSI has not touched 30 (current 40.92)"
2026-08-18 23:08:27,NSE:HFCL,230.03,77.68,76.42,1.26,2026-08-18 23:00,65.0,43.81,21.19,YES,,,,,,,15m logic removed,HOURLY,NORMAL,,,WATCH,👀 WATCH,Weekly RSI 77.68 > 50; Hourly RSI 65.00; 15m confirmation checked only while monitored
2026-08-18 23:09:47,NSE:HONASA,474.6,68.77,79.49,-10.72,2026-08-18 23:00,40.5,45.33,-4.83,NO,,,,,,,15m logic removed,15M MONITOR,MONITORING,,,WATCH,👀 WATCH,"Weekly RSI 68.77 > 50, but Hourly RSI has not touched 30 (current 40.50)"
2026-08-18 23:08:29,NSE:HSCL,781.8,72.45,72.38,0.06,2026-08-18 23:00,54.76,57.99,-3.23,NO,,,,,,,15m logic removed,HOURLY,NORMAL,,,WATCH,👀 WATCH,Weekly RSI 72.45 > 50; Hourly RSI 54.76; 15m confirmation checked only while monitored
2026-08-18 23:08:30,NSE:IFCI,81.36,62.18,58.71,3.47,2026-08-18 23:00,73.77,64.85,8.92,YES,,,,,,,15m logic removed,HOURLY,NORMAL,,,WATCH,👀 WATCH,Weekly RSI 62.18 > 50; Hourly RSI 73.77; 15m confirmation checked only while monitored
2026-08-18 23:08:31,NSE:INOXINDIA,1959.0,73.45,72.82,0.63,2026-08-18 23:00,57.51,51.54,5.97,YES,,,,,,,15m logic removed,HOURLY,NORMAL,,,WATCH,👀 WATCH,Weekly RSI 73.45 > 50; Hourly RSI 57.51; 15m confirmation checked only while monitored
2026-08-18 23:08:32,NSE:IPCALAB,1882.1,65.57,57.98,7.59,2026-08-18 23:00,69.81,68.79,1.02,YES,,,,,,,15m logic removed,HOURLY,NORMAL,,,WATCH,👀 WATCH,Weekly RSI 65.57 > 50; Hourly RSI 69.81; 15m confirmation checked only while monitored
2026-08-18 23:08:34,NSE:JINDALSAW,268.65,61.73,61.29,0.45,2026-08-18 23:00,50.88,58.05,-7.17,NO,,,,,,,15m logic removed,HOURLY,NORMAL,,,WATCH,👀 WATCH,Weekly RSI 61.73 > 50; Hourly RSI 50.88; 15m confirmation checked only while monitored
2026-08-18 23:08:35,NSE:KIRLOSENG,2125.7,59.73,58.99,0.74,2026-08-18 23:00,59.03,50.77,8.26,YES,,,,,,,15m logic removed,HOURLY,NORMAL,,,WATCH,👀 WATCH,Weekly RSI 59.73 > 50; Hourly RSI 59.03; 15m confirmation checked only while monitored
2026-08-18 23:09:48,NSE:LALPATHLAB,1894.0,70.21,72.68,-2.48,2026-08-18 23:00,37.46,19.65,17.82,YES,,,,,,,15m logic removed,15M MONITOR,MONITORING,,,WATCH,👀 WATCH,Weekly RSI 70.21 > 50 + Hourly RSI touched 30 + 15m price confirmation failed (Close 1894.0 <= Previous High 1902.1)
2026-08-18 23:09:49,NSE:LAURUSLABS,1814.0,80.39,79.62,0.77,2026-08-18 23:00,48.77,46.24,2.54,YES,,,,,,,15m logic removed,15M MONITOR,MONITORING,,,WATCH,👀 WATCH,"Weekly RSI 80.39 > 50, but Hourly RSI has not touched 30 (current 48.77)"
2026-08-18 23:08:38,NSE:LLOYDSME,1938.6,64.23,63.36,0.86,2026-08-18 23:00,50.91,50.05,0.86,YES,,,,,,,15m logic removed,HOURLY,NORMAL,,,WATCH,👀 WATCH,Weekly RSI 64.23 > 50; Hourly RSI 50.91; 15m confirmation checked only while monitored
2026-08-18 23:08:39,NSE:M&M,3421.5,57.33,57.66,-0.34,2026-08-18 23:00,51.1,39.7,11.4,YES,,,,,,,15m logic removed,HOURLY,NORMAL,,,WATCH,👀 WATCH,Weekly RSI 57.33 > 50; Hourly RSI 51.10; 15m confirmation checked only while monitored
2026-08-18 23:08:40,NSE:MIDHANI,437.5,59.82,55.61,4.21,2026-08-18 23:00,58.05,51.38,6.67,YES,,,,,,,15m logic removed,HOURLY,NORMAL,,,WATCH,👀 WATCH,Weekly RSI 59.82 > 50; Hourly RSI 58.05; 15m confirmation checked only while monitored
2026-08-18 23:08:41,NSE:MOTHERSON,170.4,74.96,74.11,0.85,2026-08-18 23:00,66.35,50.12,16.23,YES,,,,,,,15m logic removed,HOURLY,NORMAL,,,WATCH,👀 WATCH,Weekly RSI 74.96 > 50; Hourly RSI 66.35; 15m confirmation checked only while monitored
2026-08-18 23:08:42,NSE:MTARTECH,7132.0,60.84,60.33,0.5,2026-08-18 23:00,53.93,49.9,4.03,YES,,,,,,,15m logic removed,HOURLY,NORMAL,,,WATCH,👀 WATCH,Weekly RSI 60.84 > 50; Hourly RSI 53.93; 15m confirmation checked only while monitored
2026-08-18 23:08:43,NSE:NETWEB,5354.5,67.55,63.88,3.67,2026-08-18 23:00,74.67,66.61,8.06,YES,,,,,,,15m logic removed,HOURLY,NORMAL,,,WATCH,👀 WATCH,Weekly RSI 67.55 > 50; Hourly RSI 74.67; 15m confirmation checked only while monitored
2026-08-18 23:09:51,NSE:NETWORK18,28.51,35.36,36.45,-1.08,2026-08-18 23:00,37.23,52.52,-15.29,NO,,,,,,,15m logic removed,15M MONITOR,MONITORING,,,IGNORE,❌ IGNORE,Weekly RSI 35.36 <= 50
2026-08-18 23:08:45,NSE:NEULANDLAB,23399.0,77.65,77.48,0.16,2026-08-18 23:00,56.35,67.9,-11.55,NO,,,,,,,15m logic removed,HOURLY,NORMAL,,,WATCH,👀 WATCH,Weekly RSI 77.65 > 50; Hourly RSI 56.35; 15m confirmation checked only while monitored
2026-08-18 23:08:46,NSE:PARAS,1527.3,74.19,69.95,4.24,2026-08-18 23:00,87.72,69.69,18.03,YES,,,,,,,15m logic removed,HOURLY,NORMAL,,,WATCH,👀 WATCH,Weekly RSI 74.19 > 50; Hourly RSI 87.72; 15m confirmation checked only while monitored
2026-08-18 23:08:47,NSE:PFOCUS,286.25,56.77,52.7,4.07,2026-08-18 23:00,69.11,35.15,33.96,YES,,,,,,,15m logic removed,HOURLY,NORMAL,,,WATCH,👀 WATCH,Weekly RSI 56.77 > 50; Hourly RSI 69.11; 15m confirmation checked only while monitored
2026-08-18 23:08:48,NSE:POLYMED,1784.7,60.58,60.69,-0.11,2026-08-18 23:00,50.84,37.37,13.47,YES,,,,,,,15m logic removed,HOURLY,NORMAL,,,WATCH,👀 WATCH,Weekly RSI 60.58 > 50; Hourly RSI 50.84; 15m confirmation checked only while monitored
2026-08-18 23:09:52,NSE:POWERINDIA,35275.0,61.12,62.34,-1.22,2026-08-18 23:00,46.05,51.15,-5.1,NO,,,,,,,15m logic removed,15M MONITOR,MONITORING,,,WATCH,👀 WATCH,"Weekly RSI 61.12 > 50, but Hourly RSI has not touched 30 (current 46.05)"
2026-08-18 23:08:50,NSE:PPLPHARMA,210.53,70.23,68.8,1.44,2026-08-18 23:00,56.75,36.42,20.33,YES,,,,,,,15m logic removed,HOURLY,NORMAL,,,WATCH,👀 WATCH,Weekly RSI 70.23 > 50; Hourly RSI 56.75; 15m confirmation checked only while monitored
2026-08-18 23:08:51,NSE:PVRINOX,1198.1,70.33,68.44,1.89,2026-08-18 23:00,59.27,57.9,1.37,YES,,,,,,,15m logic removed,HOURLY,NORMAL,,,WATCH,👀 WATCH,Weekly RSI 70.33 > 50; Hourly RSI 59.27; 15m confirmation checked only while monitored
2026-08-18 23:08:52,NSE:RADICO,4732.9,87.42,86.65,0.76,2026-08-18 23:00,76.02,70.69,5.33,YES,,,,,,,15m logic removed,HOURLY,NORMAL,,,WATCH,👀 WATCH,Weekly RSI 87.42 > 50; Hourly RSI 76.02; 15m confirmation checked only while monitored
2026-08-18 23:08:53,NSE:RKFORGE,754.35,74.19,72.41,1.78,2026-08-18 23:00,66.39,65.72,0.67,YES,,,,,,,15m logic removed,HOURLY,NORMAL,,,WATCH,👀 WATCH,Weekly RSI 74.19 > 50; Hourly RSI 66.39; 15m confirmation checked only while monitored
2026-08-18 23:08:54,NSE:RRKABEL,2784.9,77.27,77.31,-0.04,2026-08-18 23:00,53.58,44.81,8.77,YES,,,,,,,15m logic removed,HOURLY,NORMAL,,,WATCH,👀 WATCH,Weekly RSI 77.27 > 50; Hourly RSI 53.58; 15m confirmation checked only while monitored
2026-08-18 23:08:55,NSE:SAILIFE,1443.4,79.16,80.21,-1.05,2026-08-18 23:00,53.31,37.28,16.03,YES,,,,,,,15m logic removed,HOURLY,NORMAL,,,WATCH,👀 WATCH,Weekly RSI 79.16 > 50; Hourly RSI 53.31; 15m confirmation checked only while monitored
2026-08-18 23:09:54,NSE:SAREGAMA,513.95,68.46,73.51,-5.05,2026-08-18 23:00,40.54,45.51,-4.97,NO,,,,,,,15m logic removed,15M MONITOR,MONITORING,,,WATCH,👀 WATCH,"Weekly RSI 68.46 > 50, but Hourly RSI has not touched 30 (current 40.54)"
2026-08-18 23:08:57,NSE:SOLARINDS,20280.0,72.47,71.31,1.15,2026-08-18 23:00,67.18,61.19,5.99,YES,,,,,,,15m logic removed,HOURLY,NORMAL,,,WATCH,👀 WATCH,Weekly RSI 72.47 > 50; Hourly RSI 67.18; 15m confirmation checked only while monitored
2026-08-18 23:08:58,NSE:SONACOMS,824.0,78.57,76.36,2.22,2026-08-18 23:00,69.88,54.21,15.67,YES,,,,,,,15m logic removed,HOURLY,NORMAL,,,WATCH,👀 WATCH,Weekly RSI 78.57 > 50; Hourly RSI 69.88; 15m confirmation checked only while monitored
2026-08-18 23:09:55,NSE:SUNTV,482.8,38.76,39.09,-0.32,2026-08-18 23:00,42.99,51.97,-8.98,NO,,,,,,,15m logic removed,15M MONITOR,MONITORING,,,IGNORE,❌ IGNORE,Weekly RSI 38.76 <= 50
2026-08-18 23:09:00,NSE:SYRMA,1500.1,70.65,69.38,1.27,2026-08-18 23:00,60.15,50.95,9.2,YES,,,,,,,15m logic removed,HOURLY,NORMAL,,,WATCH,👀 WATCH,Weekly RSI 70.65 > 50; Hourly RSI 60.15; 15m confirmation checked only while monitored
2026-08-18 23:09:56,NSE:TIPSMUSIC,655.5,53.16,55.56,-2.4,2026-08-18 23:00,37.38,37.43,-0.05,NO,,,,,,,15m logic removed,15M MONITOR,MONITORING,,,WATCH,👀 WATCH,"Weekly RSI 53.16 > 50, but Hourly RSI has not touched 30 (current 37.38)"
2026-08-18 23:09:02,NSE:TORNTPHARM,4971.0,64.25,61.07,3.18,2026-08-18 23:00,63.55,53.64,9.91,YES,,,,,,,15m logic removed,HOURLY,NORMAL,,,WATCH,👀 WATCH,Weekly RSI 64.25 > 50; Hourly RSI 63.55; 15m confirmation checked only while monitored
2026-08-18 23:09:58,NSE:TVSMOTOR,4356.8,68.14,67.22,0.92,2026-08-18 23:00,49.58,57.39,-7.81,NO,,,,,,,15m logic removed,15M MONITOR,MONITORING,,,WATCH,👀 WATCH,"Weekly RSI 68.14 > 50, but Hourly RSI has not touched 30 (current 49.58)"
2026-08-18 23:09:04,NSE:UNIMECH,1517.4,75.51,76.02,-0.51,2026-08-18 23:00,63.13,60.47,2.66,YES,,,,,,,15m logic removed,HOURLY,NORMAL,,,WATCH,👀 WATCH,Weekly RSI 75.51 > 50; Hourly RSI 63.13; 15m confirmation checked only while monitored
2026-08-18 23:09:05,NSE:UNOMINDA,1273.0,61.01,58.5,2.51,2026-08-18 23:00,66.53,64.62,1.91,YES,,,,,,,15m logic removed,HOURLY,NORMAL,,,WATCH,👀 WATCH,Weekly RSI 61.01 > 50; Hourly RSI 66.53; 15m confirmation checked only while monitored
2026-08-18 23:09:06,NSE:VIJAYA,1497.3,70.7,69.58,1.11,2026-08-18 23:00,57.31,63.24,-5.93,NO,,,,,,,15m logic removed,HOURLY,NORMAL,,,WATCH,👀 WATCH,Weekly RSI 70.70 > 50; Hourly RSI 57.31; 15m confirmation checked only while monitored
2026-08-18 23:09:07,NSE:WELCORP,1917.1,89.15,88.47,0.69,2026-08-18 23:00,72.08,59.84,12.25,YES,,,,,,,15m logic removed,HOURLY,NORMAL,,,WATCH,👀 WATCH,Weekly RSI 89.15 > 50; Hourly RSI 72.08; 15m confirmation checked only while monitored
2026-08-18 23:09:59,NSE:WOCKPHARMA,1859.9,56.61,60.66,-4.05,2026-08-18 23:00,32.33,42.6,-10.27,NO,,,,,,,15m logic removed,15M MONITOR,MONITORING,,,WATCH,👀 WATCH,"Weekly RSI 56.61 > 50, but Hourly RSI has not touched 30 (current 32.33)"
2026-08-18 23:09:09,NSE:ZEEL,105.32,53.61,51.98,1.63,2026-08-18 23:00,69.64,68.7,0.94,YES,,,,,,,15m logic removed,HOURLY,NORMAL,,,WATCH,👀 WATCH,Weekly RSI 53.61 > 50; Hourly RSI 69.64; 15m confirmation checked only while monitored
2026-08-18 23:09:10,NSE:ZENTEC,1982.4,63.13,58.95,4.18,2026-08-18 23:00,82.9,63.11,19.79,YES,,,,,,,15m logic removed,HOURLY,NORMAL,,,WATCH,👀 WATCH,Weekly RSI 63.13 > 50; Hourly RSI 82.90; 15m confirmation checked only while monitored
2026-08-18 23:09:11,PARAS,1527.3,74.19,69.95,4.24,2026-08-18 23:00,87.72,69.69,18.03,YES,,,,,,,15m logic removed,HOURLY,NORMAL,,,WATCH,👀 WATCH,Weekly RSI 74.19 > 50; Hourly RSI 87.72; 15m confirmation checked only while monitored
2026-08-18 23:10:00,KALYANKJIL,601.6,70.37,71.82,-1.45,2026-08-18 23:00,42.33,51.96,-9.63,NO,,,,,,,15m logic removed,15M MONITOR,MONITORING,,,WATCH,👀 WATCH,"Weekly RSI 70.37 > 50, but Hourly RSI has not touched 30 (current 42.33)"
2026-08-18 23:09:13,CYIENTDLM,736.1,86.1,84.24,1.86,2026-08-18 23:00,65.44,69.29,-3.85,NO,,,,,,,15m logic removed,HOURLY,NORMAL,,,WATCH,👀 WATCH,Weekly RSI 86.10 > 50; Hourly RSI 65.44; 15m confirmation checked only while monitored
2026-08-18 23:09:14,UNIMECH,1517.4,75.51,76.02,-0.51,2026-08-18 23:00,63.13,60.47,2.66,YES,,,,,,,15m logic removed,HOURLY,NORMAL,,,WATCH,👀 WATCH,Weekly RSI 75.51 > 50; Hourly RSI 63.13; 15m confirmation checked only while monitored
2026-08-18 23:09:15,SYRMA,1500.1,70.65,69.38,1.27,2026-08-18 23:00,60.15,50.95,9.2,YES,,,,,,,15m logic removed,HOURLY,NORMAL,,,WATCH,👀 WATCH,Weekly RSI 70.65 > 50; Hourly RSI 60.15; 15m confirmation checked only while monitored
2026-08-18 23:09:16,HFCL,230.03,77.68,76.42,1.26,2026-08-18 23:00,65.0,43.81,21.19,YES,,,,,,,15m logic removed,HOURLY,NORMAL,,,WATCH,👀 WATCH,Weekly RSI 77.68 > 50; Hourly RSI 65.00; 15m confirmation checked only while monitored
2026-08-18 23:09:17,WELCORP,1917.1,89.15,88.47,0.69,2026-08-18 23:00,72.08,59.84,12.25,YES,,,,,,,15m logic removed,HOURLY,NORMAL,,,WATCH,👀 WATCH,Weekly RSI 89.15 > 50; Hourly RSI 72.08; 15m confirmation checked only while monitored
2026-08-18 23:09:18,TBOTEK,1708.2,68.07,64.85,3.22,2026-08-18 23:00,72.86,71.12,1.75,YES,,,,,,,15m logic removed,HOURLY,NORMAL,,,WATCH,👀 WATCH,Weekly RSI 68.07 > 50; Hourly RSI 72.86; 15m confirmation checked only while monitored
2026-08-18 23:09:19,NAUKRI,1354.9,70.89,70.25,0.64,2026-08-18 23:00,55.79,56.44,-0.65,NO,,,,,,,15m logic removed,HOURLY,NORMAL,,,WATCH,👀 WATCH,Weekly RSI 70.89 > 50; Hourly RSI 55.79; 15m confirmation checked only while monitored
2026-08-18 23:09:20,AKUMS,744.15,72.28,70.82,1.46,2026-08-18 23:00,54.22,53.28,0.94,YES,,,,,,,15m logic removed,HOURLY,NORMAL,,,WATCH,👀 WATCH,Weekly RSI 72.28 > 50; Hourly RSI 54.22; 15m confirmation checked only while monitored
2026-08-18 23:09:21,DYNAMATECH,11770.0,60.06,56.53,3.53,2026-08-18 23:00,77.46,56.51,20.95,YES,,,,,,,15m logic removed,HOURLY,NORMAL,,,WATCH,👀 WATCH,Weekly RSI 60.06 > 50; Hourly RSI 77.46; 15m confirmation checked only while monitored
2026-08-18 23:09:22,ZENTEC,1982.4,63.13,58.95,4.18,2026-08-18 23:00,82.9,63.11,19.79,YES,,,,,,,15m logic removed,HOURLY,NORMAL,,,WATCH,👀 WATCH,Weekly RSI 63.13 > 50; Hourly RSI 82.90; 15m confirmation checked only while monitored
2026-08-18 23:10:01,PAYTM,1546.3,68.61,73.5,-4.89,2026-08-18 23:00,31.67,41.86,-10.19,NO,,,,,,,15m logic removed,15M MONITOR,MONITORING,,,WATCH,👀 WATCH,"Weekly RSI 68.61 > 50, but Hourly RSI has not touched 30 (current 31.67)"
2026-08-18 23:09:24,TIINDIA,2959.0,53.77,44.2,9.57,2026-08-18 23:00,75.54,46.44,29.1,YES,,,,,,,15m logic removed,HOURLY,NORMAL,,,WATCH,👀 WATCH,Weekly RSI 53.77 > 50; Hourly RSI 75.54; 15m confirmation checked only while monitored
2026-08-18 23:09:25,GLAXO,2877.4,68.11,61.82,6.29,2026-08-18 23:00,91.03,70.61,20.42,YES,,,,,,,15m logic removed,HOURLY,NORMAL,,,WATCH,👀 WATCH,Weekly RSI 68.11 > 50; Hourly RSI 91.03; 15m confirmation checked only while monitored
2026-08-18 23:09:26,ACE,1184.8,74.31,66.77,7.55,2026-08-18 23:00,84.83,68.49,16.34,YES,,,,,,,15m logic removed,HOURLY,NORMAL,,,WATCH,👀 WATCH,Weekly RSI 74.31 > 50; Hourly RSI 84.83; 15m confirmation checked only while monitored
2026-08-18 23:09:27,HEG,739.25,71.21,67.84,3.38,2026-08-18 23:00,72.05,52.5,19.55,YES,,,,,,,15m logic removed,HOURLY,NORMAL,,,WATCH,👀 WATCH,Weekly RSI 71.21 > 50; Hourly RSI 72.05; 15m confirmation checked only while monitored
2026-08-18 23:09:28,WELSPUNLIV,177.79,69.65,63.21,6.44,2026-08-18 23:00,69.28,55.81,13.47,YES,,,,,,,15m logic removed,HOURLY,NORMAL,,,WATCH,👀 WATCH,Weekly RSI 69.65 > 50; Hourly RSI 69.28; 15m confirmation checked only while monitored
2026-08-18 23:51:12,NSE:ASTRAL,1520.0,51.77,54.81,-3.04,2026-08-18 23:00,43.98,54.86,-10.88,NO,,,,,,,15m logic removed,15M MONITOR,MONITORING,,,WATCH,👀 WATCH,"Weekly RSI 51.77 > 50, but Hourly RSI has not touched 30 (current 43.98)"
2026-08-18 23:51:13,NSE:OFSS,11623.0,65.6,68.0,-2.4,2026-08-18 23:00,43.54,55.31,-11.77,NO,,,,,,,15m logic removed,15M MONITOR,MONITORING,,,WATCH,👀 WATCH,"Weekly RSI 65.60 > 50, but Hourly RSI has not touched 30 (current 43.54)"
2026-08-18 23:51:15,NSE:REDINGTON,326.3,62.74,64.98,-2.23,2026-08-18 23:00,27.13,36.71,-9.58,NO,,,,,,,15m logic removed,15M MONITOR,MONITORING,,,WATCH,👀 WATCH,Weekly RSI 62.74 > 50 + Hourly RSI touched 30 + 15m price confirmation failed (Close 326.0 <= Previous High 327.0)
2026-08-18 23:51:16,NSE:ABB,7546.0,61.38,63.4,-2.02,2026-08-18 23:00,33.56,46.3,-12.74,NO,,,,,,,15m logic removed,15M MONITOR,MONITORING,,,WATCH,👀 WATCH,"Weekly RSI 61.38 > 50, but Hourly RSI has not touched 30 (current 33.56)"
2026-08-18 23:51:17,NSE:ATHERENERG,1465.8,76.3,80.74,-4.43,2026-08-18 23:00,30.54,35.93,-5.39,NO,,,,,,,15m logic removed,15M MONITOR,MONITORING,,,SETUP,🔥 SETUP,Weekly RSI 76.30 > 50 + Hourly RSI touched 30 + 15m Close > Previous 15m High
2026-08-18 23:51:18,NSE:BAJAJ-AUTO,11607.0,70.09,72.09,-2.0,2026-08-18 23:00,38.01,44.04,-6.02,NO,,,,,,,15m logic removed,15M MONITOR,MONITORING,,,WATCH,👀 WATCH,"Weekly RSI 70.09 > 50, but Hourly RSI has not touched 30 (current 38.01)"
2026-08-18 23:51:20,NSE:DBCORP,209.85,46.57,47.65,-1.08,2026-08-18 23:00,39.01,51.47,-12.47,NO,,,,,,,15m logic removed,15M MONITOR,MONITORING,,,IGNORE,❌ IGNORE,Weekly RSI 46.57 <= 50
2026-08-18 23:51:21,NSE:EICHERMOT,8018.5,63.25,64.56,-1.31,2026-08-18 23:00,41.0,47.13,-6.13,NO,,,,,,,15m logic removed,15M MONITOR,MONITORING,,,WATCH,👀 WATCH,"Weekly RSI 63.25 > 50, but Hourly RSI has not touched 30 (current 41.00)"
2026-08-18 23:51:22,NSE:EXIDEIND,465.25,68.52,72.73,-4.2,2026-08-18 23:00,29.06,41.47,-12.41,NO,,,,,,,15m logic removed,15M MONITOR,MONITORING,,,WATCH,👀 WATCH,Weekly RSI 68.52 > 50 + Hourly RSI touched 30 + 15m price confirmation failed (Close 465.15 <= Previous High 466.75)
2026-08-18 23:51:24,NSE:GLAND,2858.6,73.29,79.58,-6.29,2026-08-18 23:00,41.26,48.81,-7.55,NO,,,,,,,15m logic removed,15M MONITOR,MONITORING,,,WATCH,👀 WATCH,"Weekly RSI 73.29 > 50, but Hourly RSI has not touched 30 (current 41.26)"
2026-08-18 23:51:25,NSE:GRANULES,852.05,65.21,66.44,-1.23,2026-08-18 23:00,42.8,53.96,-11.16,NO,,,,,,,15m logic removed,15M MONITOR,MONITORING,,,WATCH,👀 WATCH,"Weekly RSI 65.21 > 50, but Hourly RSI has not touched 30 (current 42.80)"
2026-08-18 23:51:26,NSE:HATHWAY,10.51,43.32,44.13,-0.8,2026-08-18 23:00,34.03,42.66,-8.63,NO,,,,,,,15m logic removed,15M MONITOR,MONITORING,,,IGNORE,❌ IGNORE,Weekly RSI 43.32 <= 50
2026-08-18 23:51:27,NSE:HEROMOTOCO,5745.5,62.45,63.8,-1.35,2026-08-18 23:00,40.92,40.81,0.1,YES,,,,,,,15m logic removed,15M MONITOR,MONITORING,,,WATCH,👀 WATCH,"Weekly RSI 62.45 > 50, but Hourly RSI has not touched 30 (current 40.92)"
2026-08-18 23:51:29,NSE:HONASA,474.6,68.77,79.49,-10.72,2026-08-18 23:00,40.5,45.33,-4.83,NO,,,,,,,15m logic removed,15M MONITOR,MONITORING,,,WATCH,👀 WATCH,"Weekly RSI 68.77 > 50, but Hourly RSI has not touched 30 (current 40.50)"
2026-08-18 23:51:30,NSE:LALPATHLAB,1894.0,70.21,72.68,-2.48,2026-08-18 23:00,37.46,19.65,17.82,YES,,,,,,,15m logic removed,15M MONITOR,MONITORING,,,WATCH,👀 WATCH,Weekly RSI 70.21 > 50 + Hourly RSI touched 30 + 15m price confirmation failed (Close 1894.0 <= Previous High 1902.1)
2026-08-18 23:51:31,NSE:LAURUSLABS,1814.0,80.39,79.62,0.77,2026-08-18 23:00,48.77,46.24,2.54,YES,,,,,,,15m logic removed,15M MONITOR,MONITORING,,,WATCH,👀 WATCH,"Weekly RSI 80.39 > 50, but Hourly RSI has not touched 30 (current 48.77)"
2026-08-18 23:51:32,NSE:NETWORK18,28.51,35.36,36.45,-1.08,2026-08-18 23:00,37.23,52.52,-15.29,NO,,,,,,,15m logic removed,15M MONITOR,MONITORING,,,IGNORE,❌ IGNORE,Weekly RSI 35.36 <= 50
2026-08-18 23:51:34,NSE:POWERINDIA,35275.0,61.12,62.34,-1.22,2026-08-18 23:00,46.05,51.15,-5.1,NO,,,,,,,15m logic removed,15M MONITOR,MONITORING,,,WATCH,👀 WATCH,"Weekly RSI 61.12 > 50, but Hourly RSI has not touched 30 (current 46.05)"
2026-08-18 23:51:35,NSE:SAREGAMA,513.95,68.46,73.51,-5.05,2026-08-18 23:00,40.54,45.51,-4.97,NO,,,,,,,15m logic removed,15M MONITOR,MONITORING,,,WATCH,👀 WATCH,"Weekly RSI 68.46 > 50, but Hourly RSI has not touched 30 (current 40.54)"
2026-08-18 23:51:36,NSE:SUNTV,482.8,38.76,39.09,-0.32,2026-08-18 23:00,42.99,51.97,-8.98,NO,,,,,,,15m logic removed,15M MONITOR,MONITORING,,,IGNORE,❌ IGNORE,Weekly RSI 38.76 <= 50
2026-08-18 23:51:38,NSE:TIPSMUSIC,655.5,53.16,55.56,-2.4,2026-08-18 23:00,37.38,37.43,-0.05,NO,,,,,,,15m logic removed,15M MONITOR,MONITORING,,,WATCH,👀 WATCH,"Weekly RSI 53.16 > 50, but Hourly RSI has not touched 30 (current 37.38)"
2026-08-18 23:51:39,NSE:TVSMOTOR,4356.8,68.14,67.22,0.92,2026-08-18 23:00,49.58,57.39,-7.81,NO,,,,,,,15m logic removed,15M MONITOR,MONITORING,,,WATCH,👀 WATCH,"Weekly RSI 68.14 > 50, but Hourly RSI has not touched 30 (current 49.58)"
2026-08-18 23:51:40,NSE:WOCKPHARMA,1859.9,56.61,60.66,-4.05,2026-08-18 23:00,32.33,42.6,-10.27,NO,,,,,,,15m logic removed,15M MONITOR,MONITORING,,,WATCH,👀 WATCH,"Weekly RSI 56.61 > 50, but Hourly RSI has not touched 30 (current 32.33)"
2026-08-18 23:51:42,KALYANKJIL,601.6,70.37,71.82,-1.45,2026-08-18 23:00,42.33,51.96,-9.63,NO,,,,,,,15m logic removed,15M MONITOR,MONITORING,,,WATCH,👀 WATCH,"Weekly RSI 70.37 > 50, but Hourly RSI has not touched 30 (current 42.33)"
2026-08-18 23:51:43,PAYTM,1546.3,68.61,73.5,-4.89,2026-08-18 23:00,31.67,41.86,-10.19,NO,,,,,,,15m logic removed,15M MONITOR,MONITORING,,,WATCH,👀 WATCH,"Weekly RSI 68.61 > 50, but Hourly RSI has not touched 30 (current 31.67)"
2026-08-19 10:21:33,NSE:LGEINDIA,1620.0,52.98,60.65,-7.68,2026-08-19 10:00,38.2,47.1,-8.9,NO,,,,,,,15m logic removed,15M MONITOR,MONITORING,,,WATCH,👀 WATCH,"Weekly RSI 52.98 > 50, but Hourly RSI has not touched 30 (current 38.20)"
2026-08-19 10:21:34,NSE:ASTRAL,1525.9,52.23,54.8,-2.57,2026-08-19 10:00,48.72,44.08,4.64,YES,,,,,,,15m logic removed,15M MONITOR,MONITORING,,,WATCH,👀 WATCH,"Weekly RSI 52.23 > 50, but Hourly RSI has not touched 30 (current 48.72)"
2026-08-19 10:21:36,NSE:FINCABLES,1270.95,66.95,65.91,1.04,2026-08-19 10:00,46.48,66.24,-19.76,NO,,,,,,,15m logic removed,15M MONITOR,MONITORING,,,WATCH,👀 WATCH,"Weekly RSI 66.95 > 50, but Hourly RSI has not touched 30 (current 46.48)"
2026-08-19 10:19:33,NSE:GODREJAGRO,590.65,52.44,50.07,2.38,2026-08-19 10:00,63.61,58.26,5.35,YES,,,,,,,15m logic removed,HOURLY,NORMAL,,,WATCH,👀 WATCH,Weekly RSI 52.44 > 50; Hourly RSI 63.61; 15m confirmation checked only while monitored
2026-08-19 10:21:37,NSE:HAPPSTMNDS,410.0,54.43,57.49,-3.06,2026-08-19 10:00,45.31,55.57,-10.26,NO,,,,,,,15m logic removed,15M MONITOR,MONITORING,,,WATCH,👀 WATCH,"Weekly RSI 54.43 > 50, but Hourly RSI has not touched 30 (current 45.31)"
2026-08-19 10:19:35,NSE:NAZARA,357.4,73.04,72.74,0.3,2026-08-19 10:00,58.93,51.03,7.9,YES,,,,,,,15m logic removed,HOURLY,NORMAL,,,WATCH,👀 WATCH,Weekly RSI 73.04 > 50; Hourly RSI 58.93; 15m confirmation checked only while monitored
2026-08-19 10:21:39,NSE:OFSS,11729.0,66.82,68.0,-1.18,2026-08-19 10:00,49.98,41.04,8.94,YES,,,,,,,15m logic removed,15M MONITOR,MONITORING,,,WATCH,👀 WATCH,"Weekly RSI 66.82 > 50, but Hourly RSI has not touched 30 (current 49.98)"
2026-08-19 10:21:40,NSE:REDINGTON,326.85,62.9,64.98,-2.08,2026-08-19 10:00,30.86,27.89,2.97,YES,,,,,,,15m logic removed,15M MONITOR,MONITORING,,,WATCH,👀 WATCH,Weekly RSI 62.90 > 50 + Hourly RSI touched 30 + 15m price confirmation failed (Close 327.55 <= Previous High 328.4)
2026-08-19 10:19:39,NSE:AARTIIND,526.5,63.92,66.17,-2.25,2026-08-19 10:00,50.41,56.55,-6.13,NO,,,,,,,15m logic removed,HOURLY,NORMAL,,,WATCH,👀 WATCH,Weekly RSI 63.92 > 50; Hourly RSI 50.41; 15m confirmation checked only while monitored
2026-08-19 10:21:42,NSE:ABB,7441.5,59.45,63.4,-3.95,2026-08-19 10:00,23.37,32.24,-8.87,NO,,,,,,,15m logic removed,15M MONITOR,MONITORING,,,SETUP,🔥 SETUP,Weekly RSI 59.45 > 50 + Hourly RSI touched 30 + 15m Close > Previous 15m High
2026-08-19 10:19:41,NSE:ACMESOLAR,371.75,64.84,65.76,-0.92,2026-08-19 10:00,55.56,56.94,-1.37,NO,,,,,,,15m logic removed,HOURLY,NORMAL,,,WATCH,👀 WATCH,Weekly RSI 64.84 > 50; Hourly RSI 55.56; 15m confirmation checked only while monitored
2026-08-19 10:21:43,NSE:ADANIENSOL,1554.2,60.53,66.09,-5.56,2026-08-19 10:00,32.19,50.05,-17.86,NO,,,,,,,15m logic removed,15M MONITOR,MONITORING,,,WATCH,👀 WATCH,"Weekly RSI 60.53 > 50, but Hourly RSI has not touched 30 (current 32.19)"
2026-08-19 10:19:44,NSE:AEGISLOG,1373.1,70.54,66.7,3.85,2026-08-19 10:00,74.6,74.17,0.44,YES,,,,,,,15m logic removed,HOURLY,NORMAL,,,WATCH,👀 WATCH,Weekly RSI 70.54 > 50; Hourly RSI 74.60; 15m confirmation checked only while monitored
2026-08-19 10:19:45,NSE:AJANTPHARM,3725.8,75.52,74.35,1.17,2026-08-19 10:00,61.91,58.71,3.2,YES,,,,,,,15m logic removed,HOURLY,NORMAL,,,WATCH,👀 WATCH,Weekly RSI 75.52 > 50; Hourly RSI 61.91; 15m confirmation checked only while monitored
2026-08-19 10:19:46,NSE:AKUMS,764.45,73.82,70.84,2.97,2026-08-19 10:00,65.9,52.66,13.24,YES,,,,,,,15m logic removed,HOURLY,NORMAL,,,WATCH,👀 WATCH,Weekly RSI 73.82 > 50; Hourly RSI 65.90; 15m confirmation checked only while monitored
2026-08-19 10:19:47,NSE:ALIVUS,1399.8,78.94,78.4,0.53,2026-08-19 10:00,57.62,57.75,-0.13,NO,,,,,,,15m logic removed,HOURLY,NORMAL,,,WATCH,👀 WATCH,Weekly RSI 78.94 > 50; Hourly RSI 57.62; 15m confirmation checked only while monitored
2026-08-19 10:21:45,NSE:ANANDRATHI,2175.7,74.97,74.94,0.04,2026-08-19 10:00,46.95,62.92,-15.97,NO,,,,,,,15m logic removed,15M MONITOR,MONITORING,,,WATCH,👀 WATCH,"Weekly RSI 74.97 > 50, but Hourly RSI has not touched 30 (current 46.95)"
2026-08-19 10:21:46,NSE:APARINDS,16657.0,71.21,71.49,-0.29,2026-08-19 10:00,45.36,63.25,-17.89,NO,,,,,,,15m logic removed,15M MONITOR,MONITORING,,,WATCH,👀 WATCH,"Weekly RSI 71.21 > 50, but Hourly RSI has not touched 30 (current 45.36)"
2026-08-19 10:21:48,NSE:ASHOKLEY,175.61,55.93,54.11,1.82,2026-08-19 10:00,48.49,51.25,-2.76,NO,,,,,,,15m logic removed,15M MONITOR,MONITORING,,,WATCH,👀 WATCH,"Weekly RSI 55.93 > 50, but Hourly RSI has not touched 30 (current 48.49)"
2026-08-19 10:21:49,NSE:ASTRAMICRO,1714.1,65.79,67.72,-1.93,2026-08-19 10:00,45.16,68.18,-23.02,NO,,,,,,,15m logic removed,15M MONITOR,MONITORING,,,WATCH,👀 WATCH,"Weekly RSI 65.79 > 50, but Hourly RSI has not touched 30 (current 45.16)"
2026-08-19 10:21:51,NSE:ATHERENERG,1465.4,76.27,80.74,-4.47,2026-08-19 10:00,33.54,34.65,-1.11,NO,,,,,,,15m logic removed,15M MONITOR,MONITORING,,,WATCH,👀 WATCH,Weekly RSI 76.27 > 50 + Hourly RSI touched 30 + 15m price confirmation failed (Close 1464.0 <= Previous High 1471.5)
2026-08-19 10:19:54,NSE:AUROPHARMA,1638.6,68.13,67.08,1.06,2026-08-19 10:00,50.17,54.3,-4.13,NO,,,,,,,15m logic removed,HOURLY,NORMAL,,,WATCH,👀 WATCH,Weekly RSI 68.13 > 50; Hourly RSI 50.17; 15m confirmation checked only while monitored
2026-08-19 10:21:52,NSE:BAJAJ-AUTO,11665.0,71.31,72.08,-0.76,2026-08-19 10:00,48.15,40.44,7.72,YES,,,,,,,15m logic removed,15M MONITOR,MONITORING,,,WATCH,👀 WATCH,"Weekly RSI 71.31 > 50, but Hourly RSI has not touched 30 (current 48.15)"
2026-08-19 10:19:56,NSE:BALRAMCHIN,660.0,74.39,70.0,4.39,2026-08-19 10:00,66.58,62.64,3.94,YES,,,,,,,15m logic removed,HOURLY,NORMAL,,,WATCH,👀 WATCH,Weekly RSI 74.39 > 50; Hourly RSI 66.58; 15m confirmation checked only while monitored
2026-08-19 10:21:53,NSE:BDL,1366.9,52.35,54.58,-2.23,2026-08-19 10:00,47.43,63.04,-15.61,NO,,,,,,,15m logic removed,15M MONITOR,MONITORING,,,WATCH,👀 WATCH,"Weekly RSI 52.35 > 50, but Hourly RSI has not touched 30 (current 47.43)"
2026-08-19 10:21:55,NSE:BHARATFORG,2078.7,58.13,57.47,0.66,2026-08-19 10:00,46.08,55.11,-9.03,NO,,,,,,,15m logic removed,15M MONITOR,MONITORING,,,WATCH,👀 WATCH,"Weekly RSI 58.13 > 50, but Hourly RSI has not touched 30 (current 46.08)"
2026-08-19 10:21:56,NSE:BHEL,416.65,63.78,65.48,-1.69,2026-08-19 10:00,39.71,51.15,-11.44,NO,,,,,,,15m logic removed,15M MONITOR,MONITORING,,,WATCH,👀 WATCH,"Weekly RSI 63.78 > 50, but Hourly RSI has not touched 30 (current 39.71)"
2026-08-19 10:20:01,NSE:BOSCHLTD,48875.0,75.46,72.95,2.51,2026-08-19 10:00,78.32,77.15,1.17,YES,,,,,,,15m logic removed,HOURLY,NORMAL,,,WATCH,👀 WATCH,Weekly RSI 75.46 > 50; Hourly RSI 78.32; 15m confirmation checked only while monitored
2026-08-19 10:20:02,NSE:CAPLIPOINT,2540.5,67.49,65.35,2.14,2026-08-19 10:00,57.6,54.47,3.13,YES,,,,,,,15m logic removed,HOURLY,NORMAL,,,WATCH,👀 WATCH,Weekly RSI 67.49 > 50; Hourly RSI 57.60; 15m confirmation checked only while monitored
2026-08-19 10:20:03,NSE:CHENNPETRO,1473.9,76.23,69.86,6.37,2026-08-19 10:00,73.4,59.54,13.86,YES,,,,,,,15m logic removed,HOURLY,NORMAL,,,WATCH,👀 WATCH,Weekly RSI 76.23 > 50; Hourly RSI 73.40; 15m confirmation checked only while monitored
2026-08-19 10:20:04,NSE:COHANCE,451.4,50.54,48.6,1.95,2026-08-19 10:00,53.64,58.33,-4.68,NO,,,,,,,15m logic removed,HOURLY,NORMAL,,,WATCH,👀 WATCH,Weekly RSI 50.54 > 50; Hourly RSI 53.64; 15m confirmation checked only while monitored
2026-08-19 10:20:06,NSE:CRAFTSMAN,10730.0,70.44,67.26,3.18,2026-08-19 10:00,59.57,74.75,-15.18,NO,,,,,,,15m logic removed,HOURLY,NORMAL,,,WATCH,👀 WATCH,Weekly RSI 70.44 > 50; Hourly RSI 59.57; 15m confirmation checked only while monitored
2026-08-19 10:21:58,NSE:CYIENTDLM,722.45,85.5,84.23,1.27,2026-08-19 10:00,48.02,60.18,-12.16,NO,,,,,,,15m logic removed,15M MONITOR,MONITORING,,,WATCH,👀 WATCH,"Weekly RSI 85.50 > 50, but Hourly RSI has not touched 30 (current 48.02)"
2026-08-19 10:20:08,NSE:DATAPATTNS,4748.1,64.46,60.33,4.13,2026-08-19 10:00,77.28,76.69,0.59,YES,,,,,,,15m logic removed,HOURLY,NORMAL,,,WATCH,👀 WATCH,Weekly RSI 64.46 > 50; Hourly RSI 77.28; 15m confirmation checked only while monitored
2026-08-19 10:21:59,NSE:DBCORP,209.55,46.37,47.65,-1.28,2026-08-19 10:00,35.19,34.64,0.54,YES,,,,,,,15m logic removed,15M MONITOR,MONITORING,,,IGNORE,❌ IGNORE,Weekly RSI 46.37 <= 50
2026-08-19 10:20:10,NSE:DIVISLAB,8567.5,84.05,83.42,0.63,2026-08-19 10:00,55.96,59.33,-3.37,NO,,,,,,,15m logic removed,HOURLY,NORMAL,,,WATCH,👀 WATCH,Weekly RSI 84.05 > 50; Hourly RSI 55.96; 15m confirmation checked only while monitored
2026-08-19 10:20:11,NSE:DYNAMATECH,11724.0,59.79,56.52,3.27,2026-08-19 10:00,74.93,77.54,-2.6,NO,,,,,,,15m logic removed,HOURLY,NORMAL,,,WATCH,👀 WATCH,Weekly RSI 59.79 > 50; Hourly RSI 74.93; 15m confirmation checked only while monitored
2026-08-19 10:22:00,NSE:EICHERMOT,8032.0,63.61,64.56,-0.95,2026-08-19 10:00,44.25,41.29,2.97,YES,,,,,,,15m logic removed,15M MONITOR,MONITORING,,,WATCH,👀 WATCH,"Weekly RSI 63.61 > 50, but Hourly RSI has not touched 30 (current 44.25)"
2026-08-19 10:22:02,NSE:EXIDEIND,468.0,69.54,72.72,-3.18,2026-08-19 10:00,37.25,28.44,8.81,YES,,,,,,,15m logic removed,15M MONITOR,MONITORING,,,SETUP,🔥 SETUP,Weekly RSI 69.54 > 50 + Hourly RSI touched 30 + 15m Close > Previous 15m High
2026-08-19 10:22:03,NSE:GLAND,2845.1,72.6,79.58,-6.99,2026-08-19 10:00,36.88,38.84,-1.96,NO,,,,,,,15m logic removed,15M MONITOR,MONITORING,,,WATCH,👀 WATCH,"Weekly RSI 72.60 > 50, but Hourly RSI has not touched 30 (current 36.88)"
2026-08-19 10:22:04,NSE:GRANULES,853.75,65.53,66.43,-0.9,2026-08-19 10:00,46.72,43.5,3.23,YES,,,,,,,15m logic removed,15M MONITOR,MONITORING,,,WATCH,👀 WATCH,"Weekly RSI 65.53 > 50, but Hourly RSI has not touched 30 (current 46.72)"
2026-08-19 10:20:17,NSE:GRSE,2653.0,51.84,50.27,1.57,2026-08-19 10:00,55.93,67.66,-11.73,NO,,,,,,,15m logic removed,HOURLY,NORMAL,,,WATCH,👀 WATCH,Weekly RSI 51.84 > 50; Hourly RSI 55.93; 15m confirmation checked only while monitored
2026-08-19 10:22:06,NSE:HAL,5022.0,67.07,67.39,-0.32,2026-08-19 10:00,46.38,65.53,-19.15,NO,,,,,,,15m logic removed,15M MONITOR,MONITORING,,,WATCH,👀 WATCH,"Weekly RSI 67.07 > 50, but Hourly RSI has not touched 30 (current 46.38)"
2026-08-19 10:22:07,NSE:HATHWAY,10.5,43.22,44.12,-0.89,2026-08-19 10:00,31.4,32.54,-1.13,NO,,,,,,,15m logic removed,15M MONITOR,MONITORING,,,IGNORE,❌ IGNORE,Weekly RSI 43.22 <= 50
2026-08-19 10:22:09,NSE:HEROMOTOCO,5747.0,62.49,63.79,-1.3,2026-08-19 10:00,45.47,45.14,0.33,YES,,,,,,,15m logic removed,15M MONITOR,MONITORING,,,WATCH,👀 WATCH,"Weekly RSI 62.49 > 50, but Hourly RSI has not touched 30 (current 45.47)"
2026-08-19 10:20:22,NSE:HFCL,225.85,76.93,76.42,0.52,2026-08-19 10:00,52.58,64.76,-12.18,NO,,,,,,,15m logic removed,HOURLY,NORMAL,,,WATCH,👀 WATCH,Weekly RSI 76.93 > 50; Hourly RSI 52.58; 15m confirmation checked only while monitored
2026-08-19 10:22:10,NSE:HONASA,475.7,69.13,79.48,-10.35,2026-08-19 10:00,44.06,41.82,2.24,YES,,,,,,,15m logic removed,15M MONITOR,MONITORING,,,WATCH,👀 WATCH,"Weekly RSI 69.13 > 50, but Hourly RSI has not touched 30 (current 44.06)"
2026-08-19 10:22:12,NSE:HSCL,734.0,63.48,72.38,-8.9,2026-08-19 10:00,22.27,48.21,-25.94,NO,,,,,,,15m logic removed,15M MONITOR,MONITORING,,,WATCH,👀 WATCH,Weekly RSI 63.48 > 50 + Hourly RSI touched 30 + 15m price confirmation failed (Close 731.5 <= Previous High 743.0)
2026-08-19 10:20:25,NSE:IFCI,82.66,63.09,58.71,4.38,2026-08-19 10:00,76.48,72.38,4.1,YES,,,,,,,15m logic removed,HOURLY,NORMAL,,,WATCH,👀 WATCH,Weekly RSI 63.09 > 50; Hourly RSI 76.48; 15m confirmation checked only while monitored
2026-08-19 10:22:14,NSE:INOXINDIA,1931.2,71.56,72.81,-1.25,2026-08-19 10:00,41.44,56.92,-15.47,NO,,,,,,,15m logic removed,15M MONITOR,MONITORING,,,WATCH,👀 WATCH,"Weekly RSI 71.56 > 50, but Hourly RSI has not touched 30 (current 41.44)"
2026-08-19 10:20:27,NSE:IPCALAB,1918.6,67.04,57.97,9.06,2026-08-19 10:00,72.34,64.95,7.39,YES,,,,,,,15m logic removed,HOURLY,NORMAL,,,WATCH,👀 WATCH,Weekly RSI 67.04 > 50; Hourly RSI 72.34; 15m confirmation checked only while monitored
2026-08-19 10:20:29,NSE:JINDALSAW,273.0,62.92,61.27,1.65,2026-08-19 10:00,62.51,56.13,6.39,YES,,,,,,,15m logic removed,HOURLY,NORMAL,,,WATCH,👀 WATCH,Weekly RSI 62.92 > 50; Hourly RSI 62.51; 15m confirmation checked only while monitored
2026-08-19 10:22:15,NSE:KIRLOSENG,2093.5,58.71,58.99,-0.28,2026-08-19 10:00,47.12,58.38,-11.26,NO,,,,,,,15m logic removed,15M MONITOR,MONITORING,,,WATCH,👀 WATCH,"Weekly RSI 58.71 > 50, but Hourly RSI has not touched 30 (current 47.12)"
2026-08-19 10:22:16,NSE:LALPATHLAB,1885.1,69.27,72.68,-3.42,2026-08-19 10:00,36.16,40.23,-4.07,NO,,,,,,,15m logic removed,15M MONITOR,MONITORING,,,WATCH,👀 WATCH,Weekly RSI 69.27 > 50 + Hourly RSI touched 30 + 15m price confirmation failed (Close 1887.5 <= Previous High 1891.5)
2026-08-19 10:22:18,NSE:LAURUSLABS,1808.9,80.24,79.62,0.62,2026-08-19 10:00,44.3,47.62,-3.33,NO,,,,,,,15m logic removed,15M MONITOR,MONITORING,,,WATCH,👀 WATCH,"Weekly RSI 80.24 > 50, but Hourly RSI has not touched 30 (current 44.30)"
2026-08-19 10:22:19,NSE:LLOYDSME,1927.0,63.73,63.36,0.37,2026-08-19 10:00,46.27,52.13,-5.86,NO,,,,,,,15m logic removed,15M MONITOR,MONITORING,,,WATCH,👀 WATCH,"Weekly RSI 63.73 > 50, but Hourly RSI has not touched 30 (current 46.27)"
2026-08-19 10:22:20,NSE:M&M,3414.5,56.99,57.67,-0.68,2026-08-19 10:00,48.04,50.61,-2.57,NO,,,,,,,15m logic removed,15M MONITOR,MONITORING,,,WATCH,👀 WATCH,"Weekly RSI 56.99 > 50, but Hourly RSI has not touched 30 (current 48.04)"
2026-08-19 10:22:22,NSE:MAZDOCK,2562.0,53.87,54.77,-0.9,2026-08-19 10:00,45.36,55.98,-10.62,NO,,,,,,,15m logic removed,15M MONITOR,MONITORING,,,WATCH,👀 WATCH,"Weekly RSI 53.87 > 50, but Hourly RSI has not touched 30 (current 45.36)"
2026-08-19 10:22:23,NSE:MIDHANI,427.25,57.85,55.61,2.24,2026-08-19 10:00,47.69,57.81,-10.12,NO,,,,,,,15m logic removed,15M MONITOR,MONITORING,,,WATCH,👀 WATCH,"Weekly RSI 57.85 > 50, but Hourly RSI has not touched 30 (current 47.69)"
2026-08-19 10:20:38,NSE:MOTHERSON,172.15,75.62,74.11,1.51,2026-08-19 10:00,70.88,62.48,8.4,YES,,,,,,,15m logic removed,HOURLY,NORMAL,,,WATCH,👀 WATCH,Weekly RSI 75.62 > 50; Hourly RSI 70.88; 15m confirmation checked only while monitored
2026-08-19 10:22:25,NSE:MTARTECH,6959.5,59.36,60.33,-0.97,2026-08-19 10:00,38.87,50.78,-11.91,NO,,,,,,,15m logic removed,15M MONITOR,MONITORING,,,WATCH,👀 WATCH,"Weekly RSI 59.36 > 50, but Hourly RSI has not touched 30 (current 38.87)"
2026-08-19 10:20:41,NSE:NAVINFLUOR,8238.0,75.38,75.35,0.03,2026-08-19 10:00,50.17,51.54,-1.37,NO,,,,,,,15m logic removed,HOURLY,NORMAL,,,WATCH,👀 WATCH,Weekly RSI 75.38 > 50; Hourly RSI 50.17; 15m confirmation checked only while monitored
2026-08-19 10:22:26,NSE:NETWEB,5145.5,65.43,63.88,1.56,2026-08-19 10:00,47.33,64.56,-17.23,NO,,,,,,,15m logic removed,15M MONITOR,MONITORING,,,WATCH,👀 WATCH,"Weekly RSI 65.43 > 50, but Hourly RSI has not touched 30 (current 47.33)"
2026-08-19 10:22:27,NSE:NETWORK18,28.01,34.33,36.43,-2.11,2026-08-19 10:00,28.72,36.61,-7.88,NO,,,,,,,15m logic removed,15M MONITOR,MONITORING,,,IGNORE,❌ IGNORE,Weekly RSI 34.33 <= 50
2026-08-19 10:20:44,NSE:NEULANDLAB,23330.0,77.5,77.48,0.02,2026-08-19 10:00,51.98,55.44,-3.46,NO,,,,,,,15m logic removed,HOURLY,NORMAL,,,WATCH,👀 WATCH,Weekly RSI 77.50 > 50; Hourly RSI 51.98; 15m confirmation checked only while monitored
2026-08-19 10:20:45,NSE:PARAS,1506.6,73.68,69.95,3.73,2026-08-19 10:00,77.78,88.4,-10.62,NO,,,,,,,15m logic removed,HOURLY,NORMAL,,,WATCH,👀 WATCH,Weekly RSI 73.68 > 50; Hourly RSI 77.78; 15m confirmation checked only while monitored
2026-08-19 10:20:46,NSE:PFOCUS,282.1,55.82,52.7,3.12,2026-08-19 10:00,59.31,67.09,-7.78,NO,,,,,,,15m logic removed,HOURLY,NORMAL,,,WATCH,👀 WATCH,Weekly RSI 55.82 > 50; Hourly RSI 59.31; 15m confirmation checked only while monitored
2026-08-19 10:20:48,NSE:POLYMED,1806.5,61.62,60.67,0.94,2026-08-19 10:00,57.82,52.21,5.61,YES,,,,,,,15m logic removed,HOURLY,NORMAL,,,WATCH,👀 WATCH,Weekly RSI 61.62 > 50; Hourly RSI 57.82; 15m confirmation checked only while monitored
2026-08-19 10:20:49,NSE:PPLPHARMA,209.01,69.69,68.79,0.89,2026-08-19 10:00,50.47,55.48,-5.02,NO,,,,,,,15m logic removed,HOURLY,NORMAL,,,WATCH,👀 WATCH,Weekly RSI 69.69 > 50; Hourly RSI 50.47; 15m confirmation checked only while monitored
2026-08-19 10:20:50,NSE:PVRINOX,1216.6,71.63,68.44,3.19,2026-08-19 10:00,64.92,59.74,5.17,YES,,,,,,,15m logic removed,HOURLY,NORMAL,,,WATCH,👀 WATCH,Weekly RSI 71.63 > 50; Hourly RSI 64.92; 15m confirmation checked only while monitored
2026-08-19 10:20:51,NSE:RADICO,4736.7,87.45,86.65,0.8,2026-08-19 10:00,72.79,72.23,0.56,YES,,,,,,,15m logic removed,HOURLY,NORMAL,,,WATCH,👀 WATCH,Weekly RSI 87.45 > 50; Hourly RSI 72.79; 15m confirmation checked only while monitored
2026-08-19 10:20:52,NSE:RKFORGE,767.0,75.11,72.4,2.71,2026-08-19 10:00,70.18,56.38,13.8,YES,,,,,,,15m logic removed,HOURLY,NORMAL,,,WATCH,👀 WATCH,Weekly RSI 75.11 > 50; Hourly RSI 70.18; 15m confirmation checked only while monitored
2026-08-19 10:20:53,NSE:RRKABEL,2829.1,78.03,77.31,0.72,2026-08-19 10:00,61.25,51.31,9.94,YES,,,,,,,15m logic removed,HOURLY,NORMAL,,,WATCH,👀 WATCH,Weekly RSI 78.03 > 50; Hourly RSI 61.25; 15m confirmation checked only while monitored
2026-08-19 10:22:29,NSE:SAILIFE,1430.0,77.08,80.21,-3.13,2026-08-19 10:00,44.42,53.07,-8.65,NO,,,,,,,15m logic removed,15M MONITOR,MONITORING,,,WATCH,👀 WATCH,"Weekly RSI 77.08 > 50, but Hourly RSI has not touched 30 (current 44.42)"
2026-08-19 10:22:30,NSE:SAREGAMA,516.8,69.47,73.5,-4.03,2026-08-19 10:00,45.65,40.86,4.79,YES,,,,,,,15m logic removed,15M MONITOR,MONITORING,,,WATCH,👀 WATCH,"Weekly RSI 69.47 > 50, but Hourly RSI has not touched 30 (current 45.65)"
2026-08-19 10:22:32,NSE:SOLARINDS,19727.0,69.06,71.31,-2.25,2026-08-19 10:00,46.68,64.82,-18.14,NO,,,,,,,15m logic removed,15M MONITOR,MONITORING,,,WATCH,👀 WATCH,"Weekly RSI 69.06 > 50, but Hourly RSI has not touched 30 (current 46.68)"
2026-08-19 10:20:58,NSE:SONACOMS,825.7,78.68,76.35,2.33,2026-08-19 10:00,69.5,68.19,1.31,YES,,,,,,,15m logic removed,HOURLY,NORMAL,,,WATCH,👀 WATCH,Weekly RSI 78.68 > 50; Hourly RSI 69.50; 15m confirmation checked only while monitored
2026-08-19 10:22:33,NSE:SUNTV,482.1,38.65,39.1,-0.45,2026-08-19 10:00,41.83,43.02,-1.19,NO,,,,,,,15m logic removed,15M MONITOR,MONITORING,,,IGNORE,❌ IGNORE,Weekly RSI 38.65 <= 50
2026-08-19 10:21:00,NSE:SYRMA,1495.6,70.49,69.38,1.12,2026-08-19 10:00,57.55,60.28,-2.74,NO,,,,,,,15m logic removed,HOURLY,NORMAL,,,WATCH,👀 WATCH,Weekly RSI 70.49 > 50; Hourly RSI 57.55; 15m confirmation checked only while monitored
2026-08-19 10:22:34,NSE:TIPSMUSIC,656.1,53.25,55.56,-2.31,2026-08-19 10:00,44.29,43.41,0.87,YES,,,,,,,15m logic removed,15M MONITOR,MONITORING,,,WATCH,👀 WATCH,"Weekly RSI 53.25 > 50, but Hourly RSI has not touched 30 (current 44.29)"
2026-08-19 10:21:02,NSE:TORNTPHARM,4989.0,64.62,61.07,3.56,2026-08-19 10:00,64.56,61.66,2.91,YES,,,,,,,15m logic removed,HOURLY,NORMAL,,,WATCH,👀 WATCH,Weekly RSI 64.62 > 50; Hourly RSI 64.56; 15m confirmation checked only while monitored
2026-08-19 10:21:04,NSE:TVSMOTOR,4376.0,68.48,67.22,1.26,2026-08-19 10:00,54.55,48.07,6.48,YES,,,,,,,15m logic removed,HOURLY,NORMAL,,,WATCH,👀 WATCH,Weekly RSI 68.48 > 50; Hourly RSI 54.55; 15m confirmation checked only while monitored
2026-08-19 10:21:05,NSE:UNIMECH,1503.9,74.23,76.02,-1.8,2026-08-19 10:00,54.38,61.66,-7.28,NO,,,,,,,15m logic removed,HOURLY,NORMAL,,,WATCH,👀 WATCH,Weekly RSI 74.23 > 50; Hourly RSI 54.38; 15m confirmation checked only while monitored
2026-08-19 10:21:06,NSE:UNOMINDA,1282.0,61.65,58.51,3.14,2026-08-19 10:00,69.33,63.11,6.22,YES,,,,,,,15m logic removed,HOURLY,NORMAL,,,WATCH,👀 WATCH,Weekly RSI 61.65 > 50; Hourly RSI 69.33; 15m confirmation checked only while monitored
2026-08-19 10:21:07,NSE:VIJAYA,1495.7,70.62,69.58,1.04,2026-08-19 10:00,53.36,51.65,1.71,YES,,,,,,,15m logic removed,HOURLY,NORMAL,,,WATCH,👀 WATCH,Weekly RSI 70.62 > 50; Hourly RSI 53.36; 15m confirmation checked only while monitored
2026-08-19 10:21:08,NSE:WELCORP,1958.1,89.72,88.46,1.26,2026-08-19 10:00,81.82,74.26,7.56,YES,,,,,,,15m logic removed,HOURLY,NORMAL,,,WATCH,👀 WATCH,Weekly RSI 89.72 > 50; Hourly RSI 81.82; 15m confirmation checked only while monitored
2026-08-19 10:22:36,NSE:WOCKPHARMA,1844.4,55.81,60.66,-4.85,2026-08-19 10:00,29.11,33.14,-4.03,NO,,,,,,,15m logic removed,15M MONITOR,MONITORING,,,WATCH,👀 WATCH,Weekly RSI 55.81 > 50 + Hourly RSI touched 30 + 15m price confirmation failed (Close 1850.7 <= Previous High 1860.0)
2026-08-19 10:21:10,NSE:ZEEL,104.42,53.14,51.98,1.16,2026-08-19 10:00,60.55,63.6,-3.05,NO,,,,,,,15m logic removed,HOURLY,NORMAL,,,WATCH,👀 WATCH,Weekly RSI 53.14 > 50; Hourly RSI 60.55; 15m confirmation checked only while monitored
2026-08-19 10:21:11,NSE:ZENTEC,1932.8,61.57,58.95,2.63,2026-08-19 10:00,59.88,81.31,-21.43,NO,,,,,,,15m logic removed,HOURLY,NORMAL,,,WATCH,👀 WATCH,Weekly RSI 61.57 > 50; Hourly RSI 59.88; 15m confirmation checked only while monitored
2026-08-19 10:21:12,PARAS,1506.4,73.67,69.95,3.73,2026-08-19 10:00,77.69,88.4,-10.71,NO,,,,,,,15m logic removed,HOURLY,NORMAL,,,WATCH,👀 WATCH,Weekly RSI 73.67 > 50; Hourly RSI 77.69; 15m confirmation checked only while monitored
2026-08-19 10:22:37,KALYANKJIL,592.95,68.57,71.82,-3.25,2026-08-19 10:00,34.34,42.88,-8.54,NO,,,,,,,15m logic removed,15M MONITOR,MONITORING,,,WATCH,👀 WATCH,"Weekly RSI 68.57 > 50, but Hourly RSI has not touched 30 (current 34.34)"
2026-08-19 10:22:39,CYIENTDLM,722.45,85.5,84.23,1.27,2026-08-19 10:00,48.02,60.18,-12.16,NO,,,,,,,15m logic removed,15M MONITOR,MONITORING,,,WATCH,👀 WATCH,"Weekly RSI 85.50 > 50, but Hourly RSI has not touched 30 (current 48.02)"
2026-08-19 10:21:16,UNIMECH,1503.9,74.23,76.02,-1.8,2026-08-19 10:00,54.38,61.66,-7.28,NO,,,,,,,15m logic removed,HOURLY,NORMAL,,,WATCH,👀 WATCH,Weekly RSI 74.23 > 50; Hourly RSI 54.38; 15m confirmation checked only while monitored
2026-08-19 10:21:17,SYRMA,1495.6,70.49,69.38,1.12,2026-08-19 10:00,57.55,60.28,-2.74,NO,,,,,,,15m logic removed,HOURLY,NORMAL,,,WATCH,👀 WATCH,Weekly RSI 70.49 > 50; Hourly RSI 57.55; 15m confirmation checked only while monitored
2026-08-19 10:21:18,HFCL,225.92,76.95,76.42,0.53,2026-08-19 10:00,52.73,64.76,-12.03,NO,,,,,,,15m logic removed,HOURLY,NORMAL,,,WATCH,👀 WATCH,Weekly RSI 76.95 > 50; Hourly RSI 52.73; 15m confirmation checked only while monitored
2026-08-19 10:21:19,WELCORP,1957.4,89.71,88.46,1.25,2026-08-19 10:00,81.71,74.26,7.45,YES,,,,,,,15m logic removed,HOURLY,NORMAL,,,WATCH,👀 WATCH,Weekly RSI 89.71 > 50; Hourly RSI 81.71; 15m confirmation checked only while monitored
2026-08-19 10:21:20,TBOTEK,1685.0,67.12,64.84,2.29,2026-08-19 10:00,54.83,63.2,-8.37,NO,,,,,,,15m logic removed,HOURLY,NORMAL,,,WATCH,👀 WATCH,Weekly RSI 67.12 > 50; Hourly RSI 54.83; 15m confirmation checked only while monitored
2026-08-19 10:21:21,NAUKRI,1357.8,71.04,70.25,0.79,2026-08-19 10:00,55.43,53.34,2.08,YES,,,,,,,15m logic removed,HOURLY,NORMAL,,,WATCH,👀 WATCH,Weekly RSI 71.04 > 50; Hourly RSI 55.43; 15m confirmation checked only while monitored
2026-08-19 10:21:22,AKUMS,772.0,74.34,70.84,3.49,2026-08-19 10:00,69.28,52.66,16.62,YES,,,,,,,15m logic removed,HOURLY,NORMAL,,,WATCH,👀 WATCH,Weekly RSI 74.34 > 50; Hourly RSI 69.28; 15m confirmation checked only while monitored
2026-08-19 10:21:23,DYNAMATECH,11715.0,59.74,56.52,3.22,2026-08-19 10:00,74.26,77.54,-3.28,NO,,,,,,,15m logic removed,HOURLY,NORMAL,,,WATCH,👀 WATCH,Weekly RSI 59.74 > 50; Hourly RSI 74.26; 15m confirmation checked only while monitored
2026-08-19 10:21:24,ZENTEC,1932.8,61.57,58.95,2.63,2026-08-19 10:00,59.88,81.31,-21.43,NO,,,,,,,15m logic removed,HOURLY,NORMAL,,,WATCH,👀 WATCH,Weekly RSI 61.57 > 50; Hourly RSI 59.88; 15m confirmation checked only while monitored
2026-08-19 10:21:26,PAYTM,1599.6,73.19,73.5,-0.31,2026-08-19 10:00,56.56,30.72,25.84,YES,,,,,,,15m logic removed,HOURLY,NORMAL,,,WATCH,👀 WATCH,Weekly RSI 73.19 > 50; Hourly RSI 56.56; 15m confirmation checked only while monitored
2026-08-19 10:21:27,TIINDIA,2922.6,52.45,44.19,8.25,2026-08-19 10:00,63.5,71.62,-8.12,NO,,,,,,,15m logic removed,HOURLY,NORMAL,,,WATCH,👀 WATCH,Weekly RSI 52.45 > 50; Hourly RSI 63.50; 15m confirmation checked only while monitored
2026-08-19 10:21:28,GLAXO,3016.4,71.56,61.82,9.74,2026-08-19 10:00,91.51,87.76,3.75,YES,,,,,,,15m logic removed,HOURLY,NORMAL,,,WATCH,👀 WATCH,Weekly RSI 71.56 > 50; Hourly RSI 91.51; 15m confirmation checked only while monitored
2026-08-19 10:21:29,ACE,1177.9,73.89,66.76,7.14,2026-08-19 10:00,78.05,83.82,-5.77,NO,,,,,,,15m logic removed,HOURLY,NORMAL,,,WATCH,👀 WATCH,Weekly RSI 73.89 > 50; Hourly RSI 78.05; 15m confirmation checked only while monitored
2026-08-19 10:21:30,HEG,726.15,70.14,67.84,2.3,2026-08-19 10:00,59.0,71.99,-12.99,NO,,,,,,,15m logic removed,HOURLY,NORMAL,,,WATCH,👀 WATCH,Weekly RSI 70.14 > 50; Hourly RSI 59.00; 15m confirmation checked only while monitored
2026-08-19 10:21:32,WELSPUNLIV,178.95,70.08,63.19,6.89,2026-08-19 10:00,64.25,62.2,2.05,YES,,,,,,,15m logic removed,HOURLY,NORMAL,,,WATCH,👀 WATCH,Weekly RSI 70.08 > 50; Hourly RSI 64.25; 15m confirmation checked only while monitored
2026-08-19 10:34:32,NSE:LGEINDIA,1621.4,53.06,60.65,-7.59,2026-08-19 10:00,38.61,47.1,-8.49,NO,,,,,,,15m logic removed,15M MONITOR,MONITORING,,,WATCH,👀 WATCH,"Weekly RSI 53.06 > 50, but Hourly RSI has not touched 30 (current 38.61)"
2026-08-19 10:34:33,NSE:ASTRAL,1528.0,52.4,54.8,-2.4,2026-08-19 10:00,50.19,44.08,6.11,YES,,,,,,,15m logic removed,15M MONITOR,MONITORING,,,WATCH,👀 WATCH,"Weekly RSI 52.40 > 50, but Hourly RSI has not touched 30 (current 50.19)"
2026-08-19 10:34:35,NSE:FINCABLES,1272.25,67.01,65.91,1.1,2026-08-19 10:00,46.84,66.24,-19.41,NO,,,,,,,15m logic removed,15M MONITOR,MONITORING,,,WATCH,👀 WATCH,"Weekly RSI 67.01 > 50, but Hourly RSI has not touched 30 (current 46.84)"
2026-08-19 10:34:36,NSE:HAPPSTMNDS,409.7,54.34,57.49,-3.14,2026-08-19 10:00,45.02,55.57,-10.55,NO,,,,,,,15m logic removed,15M MONITOR,MONITORING,,,WATCH,👀 WATCH,"Weekly RSI 54.34 > 50, but Hourly RSI has not touched 30 (current 45.02)"
2026-08-19 10:34:38,NSE:OFSS,11740.0,66.95,68.0,-1.05,2026-08-19 10:00,50.76,41.04,9.71,YES,,,,,,,15m logic removed,15M MONITOR,MONITORING,,,WATCH,👀 WATCH,"Weekly RSI 66.95 > 50, but Hourly RSI has not touched 30 (current 50.76)"
2026-08-19 10:34:39,NSE:REDINGTON,325.3,62.47,64.98,-2.51,2026-08-19 10:00,26.94,27.89,-0.95,NO,,,,,,,15m logic removed,15M MONITOR,MONITORING,,,WATCH,👀 WATCH,Weekly RSI 62.47 > 50 + Hourly RSI touched 30 + 15m price confirmation failed (Close 325.2 <= Previous High 327.7)
2026-08-19 10:34:41,NSE:ABB,7450.0,59.6,63.4,-3.8,2026-08-19 10:00,23.9,32.24,-8.34,NO,,,,,,,15m logic removed,15M MONITOR,MONITORING,,,WATCH,👀 WATCH,Weekly RSI 59.60 > 50 + Hourly RSI touched 30 + 15m price confirmation failed (Close 7463.5 <= Previous High 7480.5)
2026-08-19 10:34:43,NSE:ADANIENSOL,1556.4,60.71,66.09,-5.38,2026-08-19 10:00,32.72,50.05,-17.33,NO,,,,,,,15m logic removed,15M MONITOR,MONITORING,,,WATCH,👀 WATCH,"Weekly RSI 60.71 > 50, but Hourly RSI has not touched 30 (current 32.72)"
2026-08-19 10:34:45,NSE:ANANDRATHI,2176.4,75.0,74.94,0.06,2026-08-19 10:00,47.36,62.92,-15.56,NO,,,,,,,15m logic removed,15M MONITOR,MONITORING,,,WATCH,👀 WATCH,"Weekly RSI 75.00 > 50, but Hourly RSI has not touched 30 (current 47.36)"
2026-08-19 10:34:46,NSE:APARINDS,16512.0,70.0,71.49,-1.49,2026-08-19 10:00,42.43,63.25,-20.83,NO,,,,,,,15m logic removed,15M MONITOR,MONITORING,,,WATCH,👀 WATCH,"Weekly RSI 70.00 > 50, but Hourly RSI has not touched 30 (current 42.43)"
2026-08-19 10:34:48,NSE:ASHOKLEY,175.44,55.85,54.11,1.75,2026-08-19 10:00,47.9,51.25,-3.35,NO,,,,,,,15m logic removed,15M MONITOR,MONITORING,,,WATCH,👀 WATCH,"Weekly RSI 55.85 > 50, but Hourly RSI has not touched 30 (current 47.90)"
2026-08-19 10:34:49,NSE:ASTRAMICRO,1707.0,65.27,67.72,-2.45,2026-08-19 10:00,43.62,68.18,-24.56,NO,,,,,,,15m logic removed,15M MONITOR,MONITORING,,,WATCH,👀 WATCH,"Weekly RSI 65.27 > 50, but Hourly RSI has not touched 30 (current 43.62)"
2026-08-19 10:34:51,NSE:ATHERENERG,1459.5,75.73,80.74,-5.01,2026-08-19 10:00,31.27,34.65,-3.38,NO,,,,,,,15m logic removed,15M MONITOR,MONITORING,,,WATCH,👀 WATCH,Weekly RSI 75.73 > 50 + Hourly RSI touched 30 + 15m price confirmation failed (Close 1462.5 <= Previous High 1465.0)
2026-08-19 10:34:52,NSE:BAJAJ-AUTO,11671.0,71.44,72.08,-0.63,2026-08-19 10:00,48.84,40.44,8.4,YES,,,,,,,15m logic removed,15M MONITOR,MONITORING,,,WATCH,👀 WATCH,"Weekly RSI 71.44 > 50, but Hourly RSI has not touched 30 (current 48.84)"
2026-08-19 10:34:54,NSE:BHARATFORG,2075.4,57.97,57.47,0.51,2026-08-19 10:00,44.87,55.11,-10.24,NO,,,,,,,15m logic removed,15M MONITOR,MONITORING,,,WATCH,👀 WATCH,"Weekly RSI 57.97 > 50, but Hourly RSI has not touched 30 (current 44.87)"
2026-08-19 10:34:55,NSE:BHEL,416.65,63.78,65.48,-1.69,2026-08-19 10:00,39.71,51.15,-11.44,NO,,,,,,,15m logic removed,15M MONITOR,MONITORING,,,WATCH,👀 WATCH,"Weekly RSI 63.78 > 50, but Hourly RSI has not touched 30 (current 39.71)"
2026-08-19 10:34:57,NSE:CYIENTDLM,723.55,85.55,84.23,1.32,2026-08-19 10:00,48.67,60.18,-11.51,NO,,,,,,,15m logic removed,15M MONITOR,MONITORING,,,WATCH,👀 WATCH,"Weekly RSI 85.55 > 50, but Hourly RSI has not touched 30 (current 48.67)"
2026-08-19 10:34:59,NSE:DBCORP,209.49,46.33,47.65,-1.32,2026-08-19 10:00,34.59,34.64,-0.06,NO,,,,,,,15m logic removed,15M MONITOR,MONITORING,,,IGNORE,❌ IGNORE,Weekly RSI 46.33 <= 50
2026-08-19 10:35:00,NSE:EICHERMOT,8023.0,63.37,64.56,-1.19,2026-08-19 10:00,42.31,41.29,1.02,YES,,,,,,,15m logic removed,15M MONITOR,MONITORING,,,WATCH,👀 WATCH,"Weekly RSI 63.37 > 50, but Hourly RSI has not touched 30 (current 42.31)"
2026-08-19 10:35:02,NSE:EXIDEIND,464.65,68.3,72.72,-4.42,2026-08-19 10:00,27.76,28.44,-0.68,NO,,,,,,,15m logic removed,15M MONITOR,MONITORING,,,WATCH,👀 WATCH,Weekly RSI 68.30 > 50 + Hourly RSI touched 30 + 15m price confirmation failed (Close 465.5 <= Previous High 469.0)
2026-08-19 10:35:04,NSE:GLAND,2858.0,73.26,79.58,-6.32,2026-08-19 10:00,39.81,38.84,0.97,YES,,,,,,,15m logic removed,15M MONITOR,MONITORING,,,WATCH,👀 WATCH,"Weekly RSI 73.26 > 50, but Hourly RSI has not touched 30 (current 39.81)"
2026-08-19 10:35:06,NSE:GRANULES,850.6,64.94,66.43,-1.5,2026-08-19 10:00,41.36,43.5,-2.14,NO,,,,,,,15m logic removed,15M MONITOR,MONITORING,,,WATCH,👀 WATCH,"Weekly RSI 64.94 > 50, but Hourly RSI has not touched 30 (current 41.36)"
2026-08-19 10:35:07,NSE:HAL,5022.4,67.08,67.39,-0.3,2026-08-19 10:00,46.46,65.53,-19.08,NO,,,,,,,15m logic removed,15M MONITOR,MONITORING,,,WATCH,👀 WATCH,"Weekly RSI 67.08 > 50, but Hourly RSI has not touched 30 (current 46.46)"
2026-08-19 10:35:09,NSE:HATHWAY,10.51,43.31,44.12,-0.8,2026-08-19 10:00,32.54,32.54,0.0,NO,,,,,,,15m logic removed,15M MONITOR,MONITORING,,,IGNORE,❌ IGNORE,Weekly RSI 43.31 <= 50
2026-08-19 10:35:11,NSE:HEROMOTOCO,5741.0,62.31,63.79,-1.48,2026-08-19 10:00,44.35,45.14,-0.79,NO,,,,,,,15m logic removed,15M MONITOR,MONITORING,,,WATCH,👀 WATCH,"Weekly RSI 62.31 > 50, but Hourly RSI has not touched 30 (current 44.35)"
2026-08-19 10:35:12,NSE:HONASA,474.05,68.58,79.48,-10.89,2026-08-19 10:00,41.77,41.82,-0.05,NO,,,,,,,15m logic removed,15M MONITOR,MONITORING,,,WATCH,👀 WATCH,"Weekly RSI 68.58 > 50, but Hourly RSI has not touched 30 (current 41.77)"
2026-08-19 10:35:14,NSE:HSCL,730.2,62.86,72.38,-9.52,2026-08-19 10:00,21.26,48.21,-26.95,NO,,,,,,,15m logic removed,15M MONITOR,MONITORING,,,WATCH,👀 WATCH,Weekly RSI 62.86 > 50 + Hourly RSI touched 30 + 15m price confirmation failed (Close 730.15 <= Previous High 736.5)
2026-08-19 10:35:16,NSE:INOXINDIA,1929.3,71.36,72.81,-1.45,2026-08-19 10:00,40.69,56.92,-16.23,NO,,,,,,,15m logic removed,15M MONITOR,MONITORING,,,WATCH,👀 WATCH,"Weekly RSI 71.36 > 50, but Hourly RSI has not touched 30 (current 40.69)"
2026-08-19 10:35:17,NSE:KIRLOSENG,2085.6,58.38,58.99,-0.61,2026-08-19 10:00,44.81,58.38,-13.57,NO,,,,,,,15m logic removed,15M MONITOR,MONITORING,,,WATCH,👀 WATCH,"Weekly RSI 58.38 > 50, but Hourly RSI has not touched 30 (current 44.81)"
2026-08-19 10:35:19,NSE:LALPATHLAB,1882.4,68.98,72.68,-3.7,2026-08-19 10:00,35.08,40.23,-5.15,NO,,,,,,,15m logic removed,15M MONITOR,MONITORING,,,WATCH,👀 WATCH,Weekly RSI 68.98 > 50 + Hourly RSI touched 30 + 15m price confirmation failed (Close 1883.8 <= Previous High 1888.4)
2026-08-19 10:35:21,NSE:LAURUSLABS,1801.0,80.02,79.62,0.4,2026-08-19 10:00,39.97,47.62,-7.65,NO,,,,,,,15m logic removed,15M MONITOR,MONITORING,,,WATCH,👀 WATCH,"Weekly RSI 80.02 > 50, but Hourly RSI has not touched 30 (current 39.97)"
2026-08-19 10:35:22,NSE:LLOYDSME,1925.1,63.65,63.36,0.28,2026-08-19 10:00,45.39,52.13,-6.74,NO,,,,,,,15m logic removed,15M MONITOR,MONITORING,,,WATCH,👀 WATCH,"Weekly RSI 63.65 > 50, but Hourly RSI has not touched 30 (current 45.39)"
2026-08-19 10:35:24,NSE:M&M,3419.3,57.22,57.67,-0.44,2026-08-19 10:00,49.78,50.61,-0.84,NO,,,,,,,15m logic removed,15M MONITOR,MONITORING,,,WATCH,👀 WATCH,"Weekly RSI 57.22 > 50, but Hourly RSI has not touched 30 (current 49.78)"
2026-08-19 10:35:25,NSE:MAZDOCK,2558.0,53.67,54.77,-1.1,2026-08-19 10:00,44.02,55.98,-11.96,NO,,,,,,,15m logic removed,15M MONITOR,MONITORING,,,WATCH,👀 WATCH,"Weekly RSI 53.67 > 50, but Hourly RSI has not touched 30 (current 44.02)"
2026-08-19 10:35:27,NSE:MIDHANI,425.95,57.58,55.61,1.98,2026-08-19 10:00,46.68,57.81,-11.13,NO,,,,,,,15m logic removed,15M MONITOR,MONITORING,,,WATCH,👀 WATCH,"Weekly RSI 57.58 > 50, but Hourly RSI has not touched 30 (current 46.68)"
2026-08-19 10:35:29,NSE:MTARTECH,6930.0,59.07,60.33,-1.26,2026-08-19 10:00,37.26,50.78,-13.52,NO,,,,,,,15m logic removed,15M MONITOR,MONITORING,,,WATCH,👀 WATCH,"Weekly RSI 59.07 > 50, but Hourly RSI has not touched 30 (current 37.26)"
2026-08-19 10:35:30,NSE:NETWEB,5148.3,65.46,63.88,1.59,2026-08-19 10:00,47.53,64.56,-17.03,NO,,,,,,,15m logic removed,15M MONITOR,MONITORING,,,WATCH,👀 WATCH,"Weekly RSI 65.46 > 50, but Hourly RSI has not touched 30 (current 47.53)"
2026-08-19 10:35:32,NSE:NETWORK18,28.04,34.39,36.43,-2.05,2026-08-19 10:00,29.18,36.61,-7.42,NO,,,,,,,15m logic removed,15M MONITOR,MONITORING,,,IGNORE,❌ IGNORE,Weekly RSI 34.39 <= 50
2026-08-19 10:35:35,NSE:SAILIFE,1429.7,77.03,80.21,-3.18,2026-08-19 10:00,44.26,53.07,-8.81,NO,,,,,,,15m logic removed,15M MONITOR,MONITORING,,,WATCH,👀 WATCH,"Weekly RSI 77.03 > 50, but Hourly RSI has not touched 30 (current 44.26)"
2026-08-19 10:35:36,NSE:SAREGAMA,515.7,69.07,73.5,-4.42,2026-08-19 10:00,44.35,40.86,3.49,YES,,,,,,,15m logic removed,15M MONITOR,MONITORING,,,WATCH,👀 WATCH,"Weekly RSI 69.07 > 50, but Hourly RSI has not touched 30 (current 44.35)"
2026-08-19 10:35:38,NSE:SOLARINDS,19695.0,68.77,71.31,-2.54,2026-08-19 10:00,45.94,64.82,-18.88,NO,,,,,,,15m logic removed,15M MONITOR,MONITORING,,,WATCH,👀 WATCH,"Weekly RSI 68.77 > 50, but Hourly RSI has not touched 30 (current 45.94)"
2026-08-19 10:35:39,NSE:SUNTV,481.95,38.62,39.1,-0.47,2026-08-19 10:00,41.54,43.02,-1.48,NO,,,,,,,15m logic removed,15M MONITOR,MONITORING,,,IGNORE,❌ IGNORE,Weekly RSI 38.62 <= 50
2026-08-19 10:35:41,NSE:TIPSMUSIC,654.6,53.03,55.56,-2.53,2026-08-19 10:00,42.42,43.41,-1.0,NO,,,,,,,15m logic removed,15M MONITOR,MONITORING,,,WATCH,👀 WATCH,"Weekly RSI 53.03 > 50, but Hourly RSI has not touched 30 (current 42.42)"
2026-08-19 10:35:42,NSE:WOCKPHARMA,1836.5,55.42,60.66,-5.24,2026-08-19 10:00,27.32,33.14,-5.82,NO,,,,,,,15m logic removed,15M MONITOR,MONITORING,,,WATCH,👀 WATCH,Weekly RSI 55.42 > 50 + Hourly RSI touched 30 + 15m price confirmation failed (Close 1843.9 <= Previous High 1858.0)
2026-08-19 10:35:44,KALYANKJIL,591.7,68.31,71.82,-3.51,2026-08-19 10:00,33.38,42.88,-9.5,NO,,,,,,,15m logic removed,15M MONITOR,MONITORING,,,WATCH,👀 WATCH,"Weekly RSI 68.31 > 50, but Hourly RSI has not touched 30 (current 33.38)"
2026-08-19 10:35:45,CYIENTDLM,723.95,85.57,84.23,1.34,2026-08-19 10:00,48.91,60.18,-11.26,NO,,,,,,,15m logic removed,15M MONITOR,MONITORING,,,WATCH,👀 WATCH,"Weekly RSI 85.57 > 50, but Hourly RSI has not touched 30 (current 48.91)"
2026-08-19 10:45:50,NSE:LGEINDIA,1621.5,53.07,60.65,-7.59,2026-08-19 10:00,38.64,47.1,-8.46,NO,,,,,,,15m logic removed,15M MONITOR,MONITORING,,,WATCH,👀 WATCH,"Weekly RSI 53.07 > 50, but Hourly RSI has not touched 30 (current 38.64)"
2026-08-19 10:45:52,NSE:ASTRAL,1529.3,52.51,54.8,-2.29,2026-08-19 10:00,51.06,44.08,6.98,YES,,,,,,,15m logic removed,15M MONITOR,MONITORING,,,WATCH,👀 WATCH,"Weekly RSI 52.51 > 50, but Hourly RSI has not touched 30 (current 51.06)"
2026-08-19 10:45:53,NSE:FINCABLES,1274.05,67.08,65.91,1.17,2026-08-19 10:00,47.34,66.24,-18.9,NO,,,,,,,15m logic removed,15M MONITOR,MONITORING,,,WATCH,👀 WATCH,"Weekly RSI 67.08 > 50, but Hourly RSI has not touched 30 (current 47.34)"
2026-08-19 10:45:54,NSE:HAPPSTMNDS,412.8,55.24,57.49,-2.25,2026-08-19 10:00,48.17,55.57,-7.4,NO,,,,,,,15m logic removed,15M MONITOR,MONITORING,,,WATCH,👀 WATCH,"Weekly RSI 55.24 > 50, but Hourly RSI has not touched 30 (current 48.17)"
2026-08-19 10:45:55,NSE:OFSS,11748.0,67.04,68.0,-0.96,2026-08-19 10:00,51.31,41.04,10.26,YES,,,,,,,15m logic removed,15M MONITOR,MONITORING,,,WATCH,👀 WATCH,"Weekly RSI 67.04 > 50, but Hourly RSI has not touched 30 (current 51.31)"
2026-08-19 10:45:57,NSE:REDINGTON,324.15,62.15,64.98,-2.83,2026-08-19 10:00,25.51,27.89,-2.38,NO,,,,,,,15m logic removed,15M MONITOR,MONITORING,,,WATCH,👀 WATCH,Weekly RSI 62.15 > 50 + Hourly RSI touched 30 + 15m price confirmation failed (Close 324.0 <= Previous High 327.6)
2026-08-19 10:45:58,NSE:ABB,7461.0,59.8,63.4,-3.6,2026-08-19 10:00,24.63,32.24,-7.61,NO,,,,,,,15m logic removed,15M MONITOR,MONITORING,,,WATCH,👀 WATCH,Weekly RSI 59.80 > 50 + Hourly RSI touched 30 + 15m price confirmation failed (Close 7461.5 <= Previous High 7470.5)
2026-08-19 10:45:59,NSE:ADANIENSOL,1560.0,61.01,66.09,-5.08,2026-08-19 10:00,33.62,50.05,-16.43,NO,,,,,,,15m logic removed,15M MONITOR,MONITORING,,,WATCH,👀 WATCH,"Weekly RSI 61.01 > 50, but Hourly RSI has not touched 30 (current 33.62)"
2026-08-19 10:46:01,NSE:ANANDRATHI,2177.9,75.06,74.94,0.12,2026-08-19 10:00,48.27,62.92,-14.65,NO,,,,,,,15m logic removed,15M MONITOR,MONITORING,,,WATCH,👀 WATCH,"Weekly RSI 75.06 > 50, but Hourly RSI has not touched 30 (current 48.27)"
2026-08-19 10:46:02,NSE:APARINDS,16503.0,69.93,71.49,-1.57,2026-08-19 10:00,42.26,63.25,-21.0,NO,,,,,,,15m logic removed,15M MONITOR,MONITORING,,,WATCH,👀 WATCH,"Weekly RSI 69.93 > 50, but Hourly RSI has not touched 30 (current 42.26)"
2026-08-19 10:46:03,NSE:ASHOKLEY,175.23,55.76,54.11,1.65,2026-08-19 10:00,47.19,51.25,-4.06,NO,,,,,,,15m logic removed,15M MONITOR,MONITORING,,,WATCH,👀 WATCH,"Weekly RSI 55.76 > 50, but Hourly RSI has not touched 30 (current 47.19)"
2026-08-19 10:46:04,NSE:ASTRAMICRO,1705.8,65.18,67.72,-2.54,2026-08-19 10:00,43.37,68.18,-24.81,NO,,,,,,,15m logic removed,15M MONITOR,MONITORING,,,WATCH,👀 WATCH,"Weekly RSI 65.18 > 50, but Hourly RSI has not touched 30 (current 43.37)"
2026-08-19 10:46:06,NSE:ATHERENERG,1456.4,75.45,80.74,-5.29,2026-08-19 10:00,30.19,34.65,-4.45,NO,,,,,,,15m logic removed,15M MONITOR,MONITORING,,,WATCH,👀 WATCH,Weekly RSI 75.45 > 50 + Hourly RSI touched 30 + 15m price confirmation failed (Close 1456.4 <= Previous High 1473.3)
2026-08-19 10:46:07,NSE:BAJAJ-AUTO,11659.0,71.18,72.08,-0.89,2026-08-19 10:00,47.45,40.44,7.01,YES,,,,,,,15m logic removed,15M MONITOR,MONITORING,,,WATCH,👀 WATCH,"Weekly RSI 71.18 > 50, but Hourly RSI has not touched 30 (current 47.45)"
2026-08-19 10:46:08,NSE:BHARATFORG,2075.0,57.95,57.47,0.49,2026-08-19 10:00,44.73,55.11,-10.38,NO,,,,,,,15m logic removed,15M MONITOR,MONITORING,,,WATCH,👀 WATCH,"Weekly RSI 57.95 > 50, but Hourly RSI has not touched 30 (current 44.73)"
2026-08-19 10:46:09,NSE:BHEL,417.2,63.96,65.48,-1.51,2026-08-19 10:00,40.3,51.15,-10.85,NO,,,,,,,15m logic removed,15M MONITOR,MONITORING,,,WATCH,👀 WATCH,"Weekly RSI 63.96 > 50, but Hourly RSI has not touched 30 (current 40.30)"
2026-08-19 10:46:11,NSE:CYIENTDLM,728.2,85.76,84.23,1.53,2026-08-19 10:00,51.64,60.18,-8.53,NO,,,,,,,15m logic removed,15M MONITOR,MONITORING,,,WATCH,👀 WATCH,"Weekly RSI 85.76 > 50, but Hourly RSI has not touched 30 (current 51.64)"
2026-08-19 10:46:12,NSE:DBCORP,209.75,46.5,47.65,-1.15,2026-08-19 10:00,37.28,34.64,2.64,YES,,,,,,,15m logic removed,15M MONITOR,MONITORING,,,IGNORE,❌ IGNORE,Weekly RSI 46.50 <= 50
2026-08-19 10:46:13,NSE:EICHERMOT,8025.0,63.42,64.56,-1.13,2026-08-19 10:00,42.75,41.29,1.47,YES,,,,,,,15m logic removed,15M MONITOR,MONITORING,,,WATCH,👀 WATCH,"Weekly RSI 63.42 > 50, but Hourly RSI has not touched 30 (current 42.75)"
2026-08-19 10:46:14,NSE:EXIDEIND,463.45,67.87,72.72,-4.85,2026-08-19 10:00,26.24,28.44,-2.2,NO,,,,,,,15m logic removed,15M MONITOR,MONITORING,,,WATCH,👀 WATCH,Weekly RSI 67.87 > 50 + Hourly RSI touched 30 + 15m price confirmation failed (Close 463.45 <= Previous High 469.5)
2026-08-19 10:46:16,NSE:GLAND,2850.9,72.89,79.58,-6.69,2026-08-19 10:00,38.0,38.84,-0.84,NO,,,,,,,15m logic removed,15M MONITOR,MONITORING,,,WATCH,👀 WATCH,"Weekly RSI 72.89 > 50, but Hourly RSI has not touched 30 (current 38.00)"
2026-08-19 10:46:17,NSE:GRANULES,850.55,64.93,66.43,-1.51,2026-08-19 10:00,41.29,43.5,-2.21,NO,,,,,,,15m logic removed,15M MONITOR,MONITORING,,,WATCH,👀 WATCH,"Weekly RSI 64.93 > 50, but Hourly RSI has not touched 30 (current 41.29)"
2026-08-19 10:46:19,NSE:HAL,5031.0,67.41,67.39,0.02,2026-08-19 10:00,48.02,65.53,-17.51,NO,,,,,,,15m logic removed,15M MONITOR,MONITORING,,,WATCH,👀 WATCH,"Weekly RSI 67.41 > 50, but Hourly RSI has not touched 30 (current 48.02)"
2026-08-19 10:46:20,NSE:HATHWAY,10.5,43.22,44.12,-0.89,2026-08-19 10:00,31.4,32.54,-1.13,NO,,,,,,,15m logic removed,15M MONITOR,MONITORING,,,IGNORE,❌ IGNORE,Weekly RSI 43.22 <= 50
2026-08-19 10:46:21,NSE:HEROMOTOCO,5732.5,62.06,63.79,-1.73,2026-08-19 10:00,42.92,45.14,-2.22,NO,,,,,,,15m logic removed,15M MONITOR,MONITORING,,,WATCH,👀 WATCH,"Weekly RSI 62.06 > 50, but Hourly RSI has not touched 30 (current 42.92)"
2026-08-19 10:46:23,NSE:HONASA,471.5,67.76,79.48,-11.72,2026-08-19 10:00,39.27,41.82,-2.55,NO,,,,,,,15m logic removed,15M MONITOR,MONITORING,,,WATCH,👀 WATCH,"Weekly RSI 67.76 > 50, but Hourly RSI has not touched 30 (current 39.27)"
2026-08-19 10:46:24,NSE:HSCL,724.1,61.88,72.38,-10.5,2026-08-19 10:00,19.82,48.21,-28.39,NO,,,,,,,15m logic removed,15M MONITOR,MONITORING,,,WATCH,👀 WATCH,Weekly RSI 61.88 > 50 + Hourly RSI touched 30 + 15m price confirmation failed (Close 726.15 <= Previous High 734.5)
2026-08-19 10:46:25,NSE:INOXINDIA,1927.5,71.18,72.81,-1.64,2026-08-19 10:00,39.99,56.92,-16.92,NO,,,,,,,15m logic removed,15M MONITOR,MONITORING,,,WATCH,👀 WATCH,"Weekly RSI 71.18 > 50, but Hourly RSI has not touched 30 (current 39.99)"
2026-08-19 10:46:26,NSE:KIRLOSENG,2084.3,58.32,58.99,-0.66,2026-08-19 10:00,44.46,58.38,-13.92,NO,,,,,,,15m logic removed,15M MONITOR,MONITORING,,,WATCH,👀 WATCH,"Weekly RSI 58.32 > 50, but Hourly RSI has not touched 30 (current 44.46)"
2026-08-19 10:46:28,NSE:LALPATHLAB,1880.4,68.78,72.68,-3.9,2026-08-19 10:00,34.33,40.23,-5.9,NO,,,,,,,15m logic removed,15M MONITOR,MONITORING,,,WATCH,👀 WATCH,Weekly RSI 68.78 > 50 + Hourly RSI touched 30 + 15m price confirmation failed (Close 1878.1 <= Previous High 1888.0)
2026-08-19 10:46:29,NSE:LAURUSLABS,1796.6,79.89,79.62,0.27,2026-08-19 10:00,37.91,47.62,-9.71,NO,,,,,,,15m logic removed,15M MONITOR,MONITORING,,,WATCH,👀 WATCH,"Weekly RSI 79.89 > 50, but Hourly RSI has not touched 30 (current 37.91)"
2026-08-19 10:46:30,NSE:LLOYDSME,1929.0,63.82,63.36,0.45,2026-08-19 10:00,47.23,52.13,-4.89,NO,,,,,,,15m logic removed,15M MONITOR,MONITORING,,,WATCH,👀 WATCH,"Weekly RSI 63.82 > 50, but Hourly RSI has not touched 30 (current 47.23)"
2026-08-19 10:46:32,NSE:M&M,3419.1,57.21,57.67,-0.45,2026-08-19 10:00,49.7,50.61,-0.91,NO,,,,,,,15m logic removed,15M MONITOR,MONITORING,,,WATCH,👀 WATCH,"Weekly RSI 57.21 > 50, but Hourly RSI has not touched 30 (current 49.70)"
2026-08-19 10:46:33,NSE:MAZDOCK,2559.0,53.72,54.77,-1.05,2026-08-19 10:00,44.35,55.98,-11.63,NO,,,,,,,15m logic removed,15M MONITOR,MONITORING,,,WATCH,👀 WATCH,"Weekly RSI 53.72 > 50, but Hourly RSI has not touched 30 (current 44.35)"
2026-08-19 10:46:35,NSE:MIDHANI,424.8,57.35,55.61,1.74,2026-08-19 10:00,45.83,57.81,-11.99,NO,,,,,,,15m logic removed,15M MONITOR,MONITORING,,,WATCH,👀 WATCH,"Weekly RSI 57.35 > 50, but Hourly RSI has not touched 30 (current 45.83)"
2026-08-19 10:46:36,NSE:MTARTECH,6940.0,59.17,60.33,-1.16,2026-08-19 10:00,37.79,50.78,-12.99,NO,,,,,,,15m logic removed,15M MONITOR,MONITORING,,,WATCH,👀 WATCH,"Weekly RSI 59.17 > 50, but Hourly RSI has not touched 30 (current 37.79)"
2026-08-19 10:46:38,NSE:NETWEB,5131.0,65.27,63.88,1.4,2026-08-19 10:00,46.33,64.56,-18.23,NO,,,,,,,15m logic removed,15M MONITOR,MONITORING,,,WATCH,👀 WATCH,"Weekly RSI 65.27 > 50, but Hourly RSI has not touched 30 (current 46.33)"
2026-08-19 10:46:39,NSE:NETWORK18,27.98,34.27,36.43,-2.17,2026-08-19 10:00,28.28,36.61,-8.33,NO,,,,,,,15m logic removed,15M MONITOR,MONITORING,,,IGNORE,❌ IGNORE,Weekly RSI 34.27 <= 50
2026-08-19 10:46:40,NSE:SAILIFE,1419.1,75.46,80.21,-4.75,2026-08-19 10:00,39.22,53.07,-13.85,NO,,,,,,,15m logic removed,15M MONITOR,MONITORING,,,WATCH,👀 WATCH,"Weekly RSI 75.46 > 50, but Hourly RSI has not touched 30 (current 39.22)"
2026-08-19 10:46:42,NSE:SAREGAMA,514.4,68.61,73.5,-4.89,2026-08-19 10:00,42.72,40.86,1.86,YES,,,,,,,15m logic removed,15M MONITOR,MONITORING,,,WATCH,👀 WATCH,"Weekly RSI 68.61 > 50, but Hourly RSI has not touched 30 (current 42.72)"
2026-08-19 10:46:43,NSE:SOLARINDS,19764.0,69.39,71.31,-1.92,2026-08-19 10:00,47.57,64.82,-17.25,NO,,,,,,,15m logic removed,15M MONITOR,MONITORING,,,WATCH,👀 WATCH,"Weekly RSI 69.39 > 50, but Hourly RSI has not touched 30 (current 47.57)"
2026-08-19 10:46:44,NSE:SUNTV,481.9,38.62,39.1,-0.48,2026-08-19 10:00,41.44,43.02,-1.58,NO,,,,,,,15m logic removed,15M MONITOR,MONITORING,,,IGNORE,❌ IGNORE,Weekly RSI 38.62 <= 50
2026-08-19 10:46:45,NSE:TIPSMUSIC,654.15,52.96,55.56,-2.6,2026-08-19 10:00,41.93,43.41,-1.48,NO,,,,,,,15m logic removed,15M MONITOR,MONITORING,,,WATCH,👀 WATCH,"Weekly RSI 52.96 > 50, but Hourly RSI has not touched 30 (current 41.93)"
2026-08-19 10:46:47,NSE:WOCKPHARMA,1824.5,54.83,60.66,-5.83,2026-08-19 10:00,24.98,33.14,-8.17,NO,,,,,,,15m logic removed,15M MONITOR,MONITORING,,,WATCH,👀 WATCH,Weekly RSI 54.83 > 50 + Hourly RSI touched 30 + 15m price confirmation failed (Close 1828.0 <= Previous High 1852.3)
2026-08-19 10:46:48,KALYANKJIL,591.65,68.3,71.82,-3.52,2026-08-19 10:00,33.34,42.88,-9.54,NO,,,,,,,15m logic removed,15M MONITOR,MONITORING,,,WATCH,👀 WATCH,"Weekly RSI 68.30 > 50, but Hourly RSI has not touched 30 (current 33.34)"
2026-08-19 10:46:49,CYIENTDLM,728.1,85.75,84.23,1.52,2026-08-19 10:00,51.58,60.18,-8.6,NO,,,,,,,15m logic removed,15M MONITOR,MONITORING,,,WATCH,👀 WATCH,"Weekly RSI 85.75 > 50, but Hourly RSI has not touched 30 (current 51.58)"
2026-08-19 10:49:29,NSE:LGEINDIA,1615.0,52.67,60.65,-7.98,2026-08-19 10:00,36.81,47.1,-10.29,NO,,,,,,,15m logic removed,15M MONITOR,MONITORING,,,WATCH,👀 WATCH,"Weekly RSI 52.67 > 50, but Hourly RSI has not touched 30 (current 36.81)"
2026-08-19 10:49:30,NSE:ASTRAL,1528.4,52.43,54.8,-2.37,2026-08-19 10:00,50.46,44.08,6.38,YES,,,,,,,15m logic removed,15M MONITOR,MONITORING,,,WATCH,👀 WATCH,"Weekly RSI 52.43 > 50, but Hourly RSI has not touched 30 (current 50.46)"
2026-08-19 10:49:32,NSE:FINCABLES,1272.35,67.01,65.91,1.1,2026-08-19 10:00,46.86,66.24,-19.38,NO,,,,,,,15m logic removed,15M MONITOR,MONITORING,,,WATCH,👀 WATCH,"Weekly RSI 67.01 > 50, but Hourly RSI has not touched 30 (current 46.86)"
2026-08-19 10:49:33,NSE:HAPPSTMNDS,413.6,55.47,57.49,-2.02,2026-08-19 10:00,49.05,55.57,-6.51,NO,,,,,,,15m logic removed,15M MONITOR,MONITORING,,,WATCH,👀 WATCH,"Weekly RSI 55.47 > 50, but Hourly RSI has not touched 30 (current 49.05)"
2026-08-19 10:49:34,NSE:OFSS,11754.0,67.11,68.0,-0.89,2026-08-19 10:00,51.71,41.04,10.67,YES,,,,,,,15m logic removed,15M MONITOR,MONITORING,,,WATCH,👀 WATCH,"Weekly RSI 67.11 > 50, but Hourly RSI has not touched 30 (current 51.71)"
2026-08-19 10:49:36,NSE:REDINGTON,323.8,62.05,64.98,-2.92,2026-08-19 10:00,25.1,27.89,-2.79,NO,,,,,,,15m logic removed,15M MONITOR,MONITORING,,,WATCH,👀 WATCH,Weekly RSI 62.05 > 50 + Hourly RSI touched 30 + 15m price confirmation failed (Close 324.0 <= Previous High 327.6)
2026-08-19 10:49:38,NSE:ABB,7461.5,59.81,63.4,-3.59,2026-08-19 10:00,24.67,32.24,-7.57,NO,,,,,,,15m logic removed,15M MONITOR,MONITORING,,,WATCH,👀 WATCH,Weekly RSI 59.81 > 50 + Hourly RSI touched 30 + 15m price confirmation failed (Close 7461.5 <= Previous High 7470.5)
2026-08-19 10:49:39,NSE:ADANIENSOL,1550.6,60.23,66.09,-5.86,2026-08-19 10:00,31.36,50.05,-18.68,NO,,,,,,,15m logic removed,15M MONITOR,MONITORING,,,WATCH,👀 WATCH,"Weekly RSI 60.23 > 50, but Hourly RSI has not touched 30 (current 31.36)"
2026-08-19 10:49:40,NSE:ANANDRATHI,2176.5,75.0,74.94,0.07,2026-08-19 10:00,47.42,62.92,-15.5,NO,,,,,,,15m logic removed,15M MONITOR,MONITORING,,,WATCH,👀 WATCH,"Weekly RSI 75.00 > 50, but Hourly RSI has not touched 30 (current 47.42)"
2026-08-19 10:49:42,NSE:APARINDS,16492.0,69.84,71.49,-1.66,2026-08-19 10:00,42.05,63.25,-21.2,NO,,,,,,,15m logic removed,15M MONITOR,MONITORING,,,WATCH,👀 WATCH,"Weekly RSI 69.84 > 50, but Hourly RSI has not touched 30 (current 42.05)"
2026-08-19 10:49:43,NSE:ASHOKLEY,175.05,55.68,54.11,1.57,2026-08-19 10:00,46.59,51.25,-4.66,NO,,,,,,,15m logic removed,15M MONITOR,MONITORING,,,WATCH,👀 WATCH,"Weekly RSI 55.68 > 50, but Hourly RSI has not touched 30 (current 46.59)"
2026-08-19 10:49:44,NSE:ASTRAMICRO,1704.7,65.1,67.72,-2.62,2026-08-19 10:00,43.14,68.18,-25.04,NO,,,,,,,15m logic removed,15M MONITOR,MONITORING,,,WATCH,👀 WATCH,"Weekly RSI 65.10 > 50, but Hourly RSI has not touched 30 (current 43.14)"
2026-08-19 10:49:46,NSE:ATHERENERG,1460.7,75.84,80.74,-4.9,2026-08-19 10:00,31.7,34.65,-2.94,NO,,,,,,,15m logic removed,15M MONITOR,MONITORING,,,WATCH,👀 WATCH,Weekly RSI 75.84 > 50 + Hourly RSI touched 30 + 15m price confirmation failed (Close 1456.4 <= Previous High 1473.3)
2026-08-19 10:49:47,NSE:BAJAJ-AUTO,11665.0,71.31,72.08,-0.76,2026-08-19 10:00,48.15,40.44,7.72,YES,,,,,,,15m logic removed,15M MONITOR,MONITORING,,,WATCH,👀 WATCH,"Weekly RSI 71.31 > 50, but Hourly RSI has not touched 30 (current 48.15)"
2026-08-19 10:49:48,NSE:BHARATFORG,2071.3,57.78,57.47,0.31,2026-08-19 10:00,43.47,55.11,-11.64,NO,,,,,,,15m logic removed,15M MONITOR,MONITORING,,,WATCH,👀 WATCH,"Weekly RSI 57.78 > 50, but Hourly RSI has not touched 30 (current 43.47)"
2026-08-19 10:49:50,NSE:BHEL,416.7,63.8,65.48,-1.68,2026-08-19 10:00,39.76,51.15,-11.39,NO,,,,,,,15m logic removed,15M MONITOR,MONITORING,,,WATCH,👀 WATCH,"Weekly RSI 63.80 > 50, but Hourly RSI has not touched 30 (current 39.76)"
2026-08-19 10:49:51,NSE:CYIENTDLM,724.25,85.58,84.23,1.35,2026-08-19 10:00,49.1,60.18,-11.08,NO,,,,,,,15m logic removed,15M MONITOR,MONITORING,,,WATCH,👀 WATCH,"Weekly RSI 85.58 > 50, but Hourly RSI has not touched 30 (current 49.10)"
2026-08-19 10:49:52,NSE:DBCORP,209.5,46.34,47.65,-1.31,2026-08-19 10:00,34.64,34.64,0.0,NO,,,,,,,15m logic removed,15M MONITOR,MONITORING,,,IGNORE,❌ IGNORE,Weekly RSI 46.34 <= 50
2026-08-19 10:49:54,NSE:EICHERMOT,8027.0,63.48,64.56,-1.08,2026-08-19 10:00,43.19,41.29,1.9,YES,,,,,,,15m logic removed,15M MONITOR,MONITORING,,,WATCH,👀 WATCH,"Weekly RSI 63.48 > 50, but Hourly RSI has not touched 30 (current 43.19)"
2026-08-19 10:49:55,NSE:EXIDEIND,463.15,67.76,72.72,-4.96,2026-08-19 10:00,25.89,28.44,-2.55,NO,,,,,,,15m logic removed,15M MONITOR,MONITORING,,,WATCH,👀 WATCH,Weekly RSI 67.76 > 50 + Hourly RSI touched 30 + 15m price confirmation failed (Close 463.45 <= Previous High 469.5)
2026-08-19 10:49:56,NSE:GLAND,2850.1,72.85,79.58,-6.73,2026-08-19 10:00,37.84,38.84,-1.0,NO,,,,,,,15m logic removed,15M MONITOR,MONITORING,,,WATCH,👀 WATCH,"Weekly RSI 72.85 > 50, but Hourly RSI has not touched 30 (current 37.84)"
2026-08-19 10:49:58,NSE:GRANULES,849.2,64.67,66.43,-1.76,2026-08-19 10:00,39.49,43.5,-4.01,NO,,,,,,,15m logic removed,15M MONITOR,MONITORING,,,WATCH,👀 WATCH,"Weekly RSI 64.67 > 50, but Hourly RSI has not touched 30 (current 39.49)"
2026-08-19 10:50:00,NSE:HAL,5031.2,67.41,67.39,0.03,2026-08-19 10:00,48.06,65.53,-17.47,NO,,,,,,,15m logic removed,15M MONITOR,MONITORING,,,WATCH,👀 WATCH,"Weekly RSI 67.41 > 50, but Hourly RSI has not touched 30 (current 48.06)"
2026-08-19 10:50:01,NSE:HATHWAY,10.5,43.22,44.12,-0.89,2026-08-19 10:00,31.4,32.54,-1.13,NO,,,,,,,15m logic removed,15M MONITOR,MONITORING,,,IGNORE,❌ IGNORE,Weekly RSI 43.22 <= 50
2026-08-19 10:50:03,NSE:HEROMOTOCO,5732.5,62.06,63.79,-1.73,2026-08-19 10:00,42.92,45.14,-2.22,NO,,,,,,,15m logic removed,15M MONITOR,MONITORING,,,WATCH,👀 WATCH,"Weekly RSI 62.06 > 50, but Hourly RSI has not touched 30 (current 42.92)"
2026-08-19 10:50:04,NSE:HONASA,472.6,68.11,79.48,-11.37,2026-08-19 10:00,40.31,41.82,-1.51,NO,,,,,,,15m logic removed,15M MONITOR,MONITORING,,,WATCH,👀 WATCH,"Weekly RSI 68.11 > 50, but Hourly RSI has not touched 30 (current 40.31)"
2026-08-19 10:50:06,NSE:HSCL,723.95,61.86,72.38,-10.52,2026-08-19 10:00,19.78,48.21,-28.42,NO,,,,,,,15m logic removed,15M MONITOR,MONITORING,,,WATCH,👀 WATCH,Weekly RSI 61.86 > 50 + Hourly RSI touched 30 + 15m price confirmation failed (Close 726.15 <= Previous High 734.5)
2026-08-19 10:50:07,NSE:INOXINDIA,1928.0,71.23,72.81,-1.59,2026-08-19 10:00,40.18,56.92,-16.73,NO,,,,,,,15m logic removed,15M MONITOR,MONITORING,,,WATCH,👀 WATCH,"Weekly RSI 71.23 > 50, but Hourly RSI has not touched 30 (current 40.18)"
2026-08-19 10:50:09,NSE:KIRLOSENG,2082.0,58.23,58.99,-0.76,2026-08-19 10:00,43.84,58.38,-14.54,NO,,,,,,,15m logic removed,15M MONITOR,MONITORING,,,WATCH,👀 WATCH,"Weekly RSI 58.23 > 50, but Hourly RSI has not touched 30 (current 43.84)"
2026-08-19 10:50:10,NSE:LALPATHLAB,1880.9,68.83,72.68,-3.85,2026-08-19 10:00,34.51,40.23,-5.72,NO,,,,,,,15m logic removed,15M MONITOR,MONITORING,,,WATCH,👀 WATCH,Weekly RSI 68.83 > 50 + Hourly RSI touched 30 + 15m price confirmation failed (Close 1878.1 <= Previous High 1888.0)
2026-08-19 10:50:12,NSE:LAURUSLABS,1791.9,79.76,79.62,0.14,2026-08-19 10:00,35.93,47.62,-11.69,NO,,,,,,,15m logic removed,15M MONITOR,MONITORING,,,WATCH,👀 WATCH,"Weekly RSI 79.76 > 50, but Hourly RSI has not touched 30 (current 35.93)"
2026-08-19 10:50:13,NSE:LLOYDSME,1929.9,63.85,63.36,0.49,2026-08-19 10:00,47.68,52.13,-4.44,NO,,,,,,,15m logic removed,15M MONITOR,MONITORING,,,WATCH,👀 WATCH,"Weekly RSI 63.85 > 50, but Hourly RSI has not touched 30 (current 47.68)"
2026-08-19 10:50:15,NSE:M&M,3415.1,57.02,57.67,-0.65,2026-08-19 10:00,48.25,50.61,-2.36,NO,,,,,,,15m logic removed,15M MONITOR,MONITORING,,,WATCH,👀 WATCH,"Weekly RSI 57.02 > 50, but Hourly RSI has not touched 30 (current 48.25)"
2026-08-19 10:50:17,NSE:MAZDOCK,2558.0,53.67,54.77,-1.1,2026-08-19 10:00,44.02,55.98,-11.96,NO,,,,,,,15m logic removed,15M MONITOR,MONITORING,,,WATCH,👀 WATCH,"Weekly RSI 53.67 > 50, but Hourly RSI has not touched 30 (current 44.02)"
2026-08-19 10:50:18,NSE:MIDHANI,424.9,57.37,55.61,1.76,2026-08-19 10:00,45.9,57.81,-11.91,NO,,,,,,,15m logic removed,15M MONITOR,MONITORING,,,WATCH,👀 WATCH,"Weekly RSI 57.37 > 50, but Hourly RSI has not touched 30 (current 45.90)"
2026-08-19 10:50:19,NSE:MTARTECH,6902.5,58.8,60.33,-1.53,2026-08-19 10:00,35.88,50.78,-14.9,NO,,,,,,,15m logic removed,15M MONITOR,MONITORING,,,WATCH,👀 WATCH,"Weekly RSI 58.80 > 50, but Hourly RSI has not touched 30 (current 35.88)"
2026-08-19 10:50:21,NSE:NETWEB,5130.0,65.26,63.88,1.39,2026-08-19 10:00,46.26,64.56,-18.29,NO,,,,,,,15m logic removed,15M MONITOR,MONITORING,,,WATCH,👀 WATCH,"Weekly RSI 65.26 > 50, but Hourly RSI has not touched 30 (current 46.26)"
2026-08-19 10:50:22,NSE:NETWORK18,27.91,34.13,36.43,-2.3,2026-08-19 10:00,27.29,36.61,-9.32,NO,,,,,,,15m logic removed,15M MONITOR,MONITORING,,,IGNORE,❌ IGNORE,Weekly RSI 34.13 <= 50
2026-08-19 10:50:24,NSE:SAILIFE,1422.2,75.92,80.21,-4.3,2026-08-19 10:00,40.58,53.07,-12.5,NO,,,,,,,15m logic removed,15M MONITOR,MONITORING,,,WATCH,👀 WATCH,"Weekly RSI 75.92 > 50, but Hourly RSI has not touched 30 (current 40.58)"
2026-08-19 10:50:26,NSE:SAREGAMA,514.55,68.66,73.5,-4.83,2026-08-19 10:00,42.91,40.86,2.05,YES,,,,,,,15m logic removed,15M MONITOR,MONITORING,,,WATCH,👀 WATCH,"Weekly RSI 68.66 > 50, but Hourly RSI has not touched 30 (current 42.91)"
2026-08-19 10:50:27,NSE:SOLARINDS,19750.0,69.27,71.31,-2.04,2026-08-19 10:00,47.23,64.82,-17.59,NO,,,,,,,15m logic removed,15M MONITOR,MONITORING,,,WATCH,👀 WATCH,"Weekly RSI 69.27 > 50, but Hourly RSI has not touched 30 (current 47.23)"
2026-08-19 10:50:29,NSE:SUNTV,481.9,38.62,39.1,-0.48,2026-08-19 10:00,41.44,43.02,-1.58,NO,,,,,,,15m logic removed,15M MONITOR,MONITORING,,,IGNORE,❌ IGNORE,Weekly RSI 38.62 <= 50
2026-08-19 10:50:30,NSE:TIPSMUSIC,654.9,53.07,55.56,-2.49,2026-08-19 10:00,42.74,43.41,-0.67,NO,,,,,,,15m logic removed,15M MONITOR,MONITORING,,,WATCH,👀 WATCH,"Weekly RSI 53.07 > 50, but Hourly RSI has not touched 30 (current 42.74)"
2026-08-19 10:50:32,NSE:WOCKPHARMA,1818.1,54.52,60.66,-6.14,2026-08-19 10:00,23.88,33.14,-9.26,NO,,,,,,,15m logic removed,15M MONITOR,MONITORING,,,WATCH,👀 WATCH,Weekly RSI 54.52 > 50 + Hourly RSI touched 30 + 15m price confirmation failed (Close 1828.0 <= Previous High 1852.3)
2026-08-19 10:50:33,KALYANKJIL,590.7,68.11,71.82,-3.71,2026-08-19 10:00,32.65,42.88,-10.24,NO,,,,,,,15m logic removed,15M MONITOR,MONITORING,,,WATCH,👀 WATCH,"Weekly RSI 68.11 > 50, but Hourly RSI has not touched 30 (current 32.65)"
2026-08-19 10:50:34,CYIENTDLM,724.25,85.58,84.23,1.35,2026-08-19 10:00,49.1,60.18,-11.08,NO,,,,,,,15m logic removed,15M MONITOR,MONITORING,,,WATCH,👀 WATCH,"Weekly RSI 85.58 > 50, but Hourly RSI has not touched 30 (current 49.10)"
2026-08-19 11:06:24,NSE:LGEINDIA,1618.0,52.85,60.65,-7.8,2026-08-19 11:00,37.63,47.1,-9.47,NO,,,,,,,15m logic removed,15M MONITOR,MONITORING,,,WATCH,👀 WATCH,"Weekly RSI 52.85 > 50, but Hourly RSI has not touched 30 (current 37.63)"
2026-08-19 11:04:32,NSE:ASTRAL,1528.7,52.46,54.8,-2.34,2026-08-19 11:00,50.66,44.08,6.58,YES,,,,,,,15m logic removed,HOURLY,NORMAL,,,WATCH,👀 WATCH,Weekly RSI 52.46 > 50; Hourly RSI 50.66; 15m confirmation checked only while monitored
2026-08-19 11:06:26,NSE:FINCABLES,1276.0,67.16,65.91,1.25,2026-08-19 11:00,47.9,66.24,-18.34,NO,,,,,,,15m logic removed,15M MONITOR,MONITORING,,,WATCH,👀 WATCH,"Weekly RSI 67.16 > 50, but Hourly RSI has not touched 30 (current 47.90)"
2026-08-19 11:04:34,NSE:GODREJAGRO,589.1,52.1,50.07,2.03,2026-08-19 11:00,61.98,58.26,3.73,YES,,,,,,,15m logic removed,HOURLY,NORMAL,,,WATCH,👀 WATCH,Weekly RSI 52.10 > 50; Hourly RSI 61.98; 15m confirmation checked only while monitored
2026-08-19 11:06:27,NSE:HAPPSTMNDS,411.5,54.86,57.49,-2.63,2026-08-19 11:00,46.8,55.57,-8.77,NO,,,,,,,15m logic removed,15M MONITOR,MONITORING,,,WATCH,👀 WATCH,"Weekly RSI 54.86 > 50, but Hourly RSI has not touched 30 (current 46.80)"
2026-08-19 11:04:36,NSE:NAZARA,356.55,72.87,72.74,0.13,2026-08-19 11:00,57.06,51.03,6.03,YES,,,,,,,15m logic removed,HOURLY,NORMAL,,,WATCH,👀 WATCH,Weekly RSI 72.87 > 50; Hourly RSI 57.06; 15m confirmation checked only while monitored
2026-08-19 11:06:28,NSE:OFSS,11716.0,66.66,68.0,-1.33,2026-08-19 11:00,49.03,41.04,7.99,YES,,,,,,,15m logic removed,15M MONITOR,MONITORING,,,WATCH,👀 WATCH,"Weekly RSI 66.66 > 50, but Hourly RSI has not touched 30 (current 49.03)"
2026-08-19 11:06:29,NSE:REDINGTON,323.75,62.04,64.98,-2.94,2026-08-19 11:00,25.05,27.89,-2.84,NO,,,,,,,15m logic removed,15M MONITOR,MONITORING,,,WATCH,👀 WATCH,Weekly RSI 62.04 > 50 + Hourly RSI touched 30 + 15m price confirmation failed (Close 323.7 <= Previous High 325.5)
2026-08-19 11:06:31,NSE:AARTIIND,524.5,63.35,66.17,-2.82,2026-08-19 11:00,48.5,56.55,-8.04,NO,,,,,,,15m logic removed,15M MONITOR,MONITORING,,,WATCH,👀 WATCH,"Weekly RSI 63.35 > 50, but Hourly RSI has not touched 30 (current 48.50)"
2026-08-19 11:06:32,NSE:ABB,7465.0,59.87,63.4,-3.53,2026-08-19 11:00,24.91,32.24,-7.33,NO,,,,,,,15m logic removed,15M MONITOR,MONITORING,,,WATCH,👀 WATCH,Weekly RSI 59.87 > 50 + Hourly RSI touched 30 + 15m price confirmation failed (Close 7464.0 <= Previous High 7467.0)
2026-08-19 11:06:33,NSE:ACMESOLAR,369.1,63.83,65.76,-1.93,2026-08-19 11:00,49.26,56.94,-7.68,NO,,,,,,,15m logic removed,15M MONITOR,MONITORING,,,WATCH,👀 WATCH,"Weekly RSI 63.83 > 50, but Hourly RSI has not touched 30 (current 49.26)"
2026-08-19 11:06:35,NSE:ADANIENSOL,1552.3,60.37,66.09,-5.72,2026-08-19 11:00,31.75,50.05,-18.3,NO,,,,,,,15m logic removed,15M MONITOR,MONITORING,,,WATCH,👀 WATCH,"Weekly RSI 60.37 > 50, but Hourly RSI has not touched 30 (current 31.75)"
2026-08-19 11:04:43,NSE:AEGISLOG,1360.7,70.15,66.7,3.45,2026-08-19 11:00,68.41,74.17,-5.75,NO,,,,,,,15m logic removed,HOURLY,NORMAL,,,WATCH,👀 WATCH,Weekly RSI 70.15 > 50; Hourly RSI 68.41; 15m confirmation checked only while monitored
2026-08-19 11:04:44,NSE:AJANTPHARM,3721.0,75.42,74.35,1.07,2026-08-19 11:00,60.99,58.71,2.28,YES,,,,,,,15m logic removed,HOURLY,NORMAL,,,WATCH,👀 WATCH,Weekly RSI 75.42 > 50; Hourly RSI 60.99; 15m confirmation checked only while monitored
2026-08-19 11:04:45,NSE:AKUMS,760.85,73.56,70.84,2.72,2026-08-19 11:00,64.01,52.66,11.35,YES,,,,,,,15m logic removed,HOURLY,NORMAL,,,WATCH,👀 WATCH,Weekly RSI 73.56 > 50; Hourly RSI 64.01; 15m confirmation checked only while monitored
2026-08-19 11:06:36,NSE:ALIVUS,1383.3,77.89,78.4,-0.51,2026-08-19 11:00,48.8,57.75,-8.95,NO,,,,,,,15m logic removed,15M MONITOR,MONITORING,,,WATCH,👀 WATCH,"Weekly RSI 77.89 > 50, but Hourly RSI has not touched 30 (current 48.80)"
2026-08-19 11:06:38,NSE:ANANDRATHI,2166.7,74.04,74.94,-0.9,2026-08-19 11:00,42.2,62.92,-20.72,NO,,,,,,,15m logic removed,15M MONITOR,MONITORING,,,WATCH,👀 WATCH,"Weekly RSI 74.04 > 50, but Hourly RSI has not touched 30 (current 42.20)"
2026-08-19 11:06:39,NSE:APARINDS,16575.0,70.52,71.49,-0.98,2026-08-19 11:00,43.65,63.25,-19.6,NO,,,,,,,15m logic removed,15M MONITOR,MONITORING,,,WATCH,👀 WATCH,"Weekly RSI 70.52 > 50, but Hourly RSI has not touched 30 (current 43.65)"
2026-08-19 11:06:40,NSE:ASHOKLEY,174.55,55.46,54.11,1.35,2026-08-19 11:00,45.02,51.25,-6.23,NO,,,,,,,15m logic removed,15M MONITOR,MONITORING,,,WATCH,👀 WATCH,"Weekly RSI 55.46 > 50, but Hourly RSI has not touched 30 (current 45.02)"
2026-08-19 11:06:41,NSE:ASTERDM,822.1,60.55,60.6,-0.04,2026-08-19 11:00,44.91,41.05,3.86,YES,,,,,,,15m logic removed,15M MONITOR,MONITORING,,,WATCH,👀 WATCH,"Weekly RSI 60.55 > 50, but Hourly RSI has not touched 30 (current 44.91)"
2026-08-19 11:06:43,NSE:ASTRAMICRO,1697.0,64.55,67.72,-3.17,2026-08-19 11:00,41.62,68.18,-26.56,NO,,,,,,,15m logic removed,15M MONITOR,MONITORING,,,WATCH,👀 WATCH,"Weekly RSI 64.55 > 50, but Hourly RSI has not touched 30 (current 41.62)"
2026-08-19 11:06:44,NSE:ATHERENERG,1457.3,75.53,80.74,-5.21,2026-08-19 11:00,30.5,34.65,-4.15,NO,,,,,,,15m logic removed,15M MONITOR,MONITORING,,,WATCH,👀 WATCH,Weekly RSI 75.53 > 50 + Hourly RSI touched 30 + 15m price confirmation failed (Close 1456.7 <= Previous High 1463.2)
2026-08-19 11:06:46,NSE:AUROPHARMA,1633.0,67.78,67.08,0.71,2026-08-19 11:00,47.04,54.3,-7.26,NO,,,,,,,15m logic removed,15M MONITOR,MONITORING,,,WATCH,👀 WATCH,"Weekly RSI 67.78 > 50, but Hourly RSI has not touched 30 (current 47.04)"
2026-08-19 11:06:47,NSE:BAJAJ-AUTO,11667.0,71.35,72.08,-0.72,2026-08-19 11:00,48.38,40.44,7.95,YES,,,,,,,15m logic removed,15M MONITOR,MONITORING,,,WATCH,👀 WATCH,"Weekly RSI 71.35 > 50, but Hourly RSI has not touched 30 (current 48.38)"
2026-08-19 11:04:56,NSE:BALRAMCHIN,663.85,74.8,70.0,4.8,2026-08-19 11:00,68.94,62.64,6.3,YES,,,,,,,15m logic removed,HOURLY,NORMAL,,,WATCH,👀 WATCH,Weekly RSI 74.80 > 50; Hourly RSI 68.94; 15m confirmation checked only while monitored
2026-08-19 11:04:57,NSE:BEML,1951.8,59.67,55.84,3.83,2026-08-19 11:00,61.95,66.29,-4.34,NO,,,,,,,15m logic removed,HOURLY,NORMAL,,,WATCH,👀 WATCH,Weekly RSI 59.67 > 50; Hourly RSI 61.95; 15m confirmation checked only while monitored
2026-08-19 11:06:48,NSE:BHARATFORG,2070.0,57.71,57.47,0.24,2026-08-19 11:00,43.04,55.11,-12.07,NO,,,,,,,15m logic removed,15M MONITOR,MONITORING,,,WATCH,👀 WATCH,"Weekly RSI 57.71 > 50, but Hourly RSI has not touched 30 (current 43.04)"
2026-08-19 11:06:50,NSE:BHEL,416.75,63.82,65.48,-1.66,2026-08-19 11:00,39.82,51.15,-11.34,NO,,,,,,,15m logic removed,15M MONITOR,MONITORING,,,WATCH,👀 WATCH,"Weekly RSI 63.82 > 50, but Hourly RSI has not touched 30 (current 39.82)"
2026-08-19 11:05:01,NSE:BOSCHLTD,48580.0,75.08,72.95,2.12,2026-08-19 11:00,73.07,77.15,-4.08,NO,,,,,,,15m logic removed,HOURLY,NORMAL,,,WATCH,👀 WATCH,Weekly RSI 75.08 > 50; Hourly RSI 73.07; 15m confirmation checked only while monitored
2026-08-19 11:05:02,NSE:CAPLIPOINT,2541.9,67.54,65.35,2.19,2026-08-19 11:00,57.98,54.47,3.51,YES,,,,,,,15m logic removed,HOURLY,NORMAL,,,WATCH,👀 WATCH,Weekly RSI 67.54 > 50; Hourly RSI 57.98; 15m confirmation checked only while monitored
2026-08-19 11:05:03,NSE:CHENNPETRO,1484.0,76.56,69.86,6.7,2026-08-19 11:00,74.63,59.54,15.1,YES,,,,,,,15m logic removed,HOURLY,NORMAL,,,WATCH,👀 WATCH,Weekly RSI 76.56 > 50; Hourly RSI 74.63; 15m confirmation checked only while monitored
2026-08-19 11:05:04,NSE:COHANCE,451.15,50.5,48.6,1.91,2026-08-19 11:00,53.31,58.33,-5.02,NO,,,,,,,15m logic removed,HOURLY,NORMAL,,,WATCH,👀 WATCH,Weekly RSI 50.50 > 50; Hourly RSI 53.31; 15m confirmation checked only while monitored
2026-08-19 11:05:05,NSE:CRAFTSMAN,10716.5,70.36,67.26,3.09,2026-08-19 11:00,58.62,74.75,-16.12,NO,,,,,,,15m logic removed,HOURLY,NORMAL,,,WATCH,👀 WATCH,Weekly RSI 70.36 > 50; Hourly RSI 58.62; 15m confirmation checked only while monitored
2026-08-19 11:06:51,NSE:CYIENTDLM,722.9,85.52,84.23,1.29,2026-08-19 11:00,48.28,60.18,-11.89,NO,,,,,,,15m logic removed,15M MONITOR,MONITORING,,,WATCH,👀 WATCH,"Weekly RSI 85.52 > 50, but Hourly RSI has not touched 30 (current 48.28)"
2026-08-19 11:05:07,NSE:DATAPATTNS,4732.0,64.26,60.33,3.93,2026-08-19 11:00,74.76,76.69,-1.92,NO,,,,,,,15m logic removed,HOURLY,NORMAL,,,WATCH,👀 WATCH,Weekly RSI 64.26 > 50; Hourly RSI 74.76; 15m confirmation checked only while monitored
2026-08-19 11:06:52,NSE:DBCORP,210.0,46.66,47.65,-0.99,2026-08-19 11:00,39.71,34.64,5.07,YES,,,,,,,15m logic removed,15M MONITOR,MONITORING,,,IGNORE,❌ IGNORE,Weekly RSI 46.66 <= 50
2026-08-19 11:06:53,NSE:DIVISLAB,8517.5,83.71,83.42,0.29,2026-08-19 11:00,49.15,59.33,-10.18,NO,,,,,,,15m logic removed,15M MONITOR,MONITORING,,,WATCH,👀 WATCH,"Weekly RSI 83.71 > 50, but Hourly RSI has not touched 30 (current 49.15)"
2026-08-19 11:05:10,NSE:DYNAMATECH,11619.0,59.19,56.52,2.67,2026-08-19 11:00,67.71,77.54,-9.83,NO,,,,,,,15m logic removed,HOURLY,NORMAL,,,WATCH,👀 WATCH,Weekly RSI 59.19 > 50; Hourly RSI 67.71; 15m confirmation checked only while monitored
2026-08-19 11:06:55,NSE:EICHERMOT,8037.0,63.75,64.56,-0.81,2026-08-19 11:00,45.27,41.29,3.99,YES,,,,,,,15m logic removed,15M MONITOR,MONITORING,,,WATCH,👀 WATCH,"Weekly RSI 63.75 > 50, but Hourly RSI has not touched 30 (current 45.27)"
2026-08-19 11:06:56,NSE:EXIDEIND,463.5,67.88,72.72,-4.84,2026-08-19 11:00,26.3,28.44,-2.14,NO,,,,,,,15m logic removed,15M MONITOR,MONITORING,,,WATCH,👀 WATCH,Weekly RSI 67.88 > 50 + Hourly RSI touched 30 + 15m price confirmation failed (Close 463.8 <= Previous High 466.05)
2026-08-19 11:06:57,NSE:GLAND,2845.4,72.61,79.58,-6.97,2026-08-19 11:00,36.93,38.84,-1.91,NO,,,,,,,15m logic removed,15M MONITOR,MONITORING,,,WATCH,👀 WATCH,"Weekly RSI 72.61 > 50, but Hourly RSI has not touched 30 (current 36.93)"
2026-08-19 11:06:59,NSE:GRANULES,850.7,64.95,66.43,-1.48,2026-08-19 11:00,41.5,43.5,-2.0,NO,,,,,,,15m logic removed,15M MONITOR,MONITORING,,,WATCH,👀 WATCH,"Weekly RSI 64.95 > 50, but Hourly RSI has not touched 30 (current 41.50)"
2026-08-19 11:05:15,NSE:GRSE,2644.9,51.48,50.27,1.21,2026-08-19 11:00,53.26,67.66,-14.4,NO,,,,,,,15m logic removed,HOURLY,NORMAL,,,WATCH,👀 WATCH,Weekly RSI 51.48 > 50; Hourly RSI 53.26; 15m confirmation checked only while monitored
2026-08-19 11:07:00,NSE:HAL,5027.4,67.29,67.39,-0.1,2026-08-19 11:00,47.36,65.53,-18.18,NO,,,,,,,15m logic removed,15M MONITOR,MONITORING,,,WATCH,👀 WATCH,"Weekly RSI 67.29 > 50, but Hourly RSI has not touched 30 (current 47.36)"
2026-08-19 11:07:01,NSE:HATHWAY,10.47,42.96,44.12,-1.15,2026-08-19 11:00,28.43,32.54,-4.11,NO,,,,,,,15m logic removed,15M MONITOR,MONITORING,,,IGNORE,❌ IGNORE,Weekly RSI 42.96 <= 50
2026-08-19 11:07:03,NSE:HEROMOTOCO,5719.5,61.69,63.79,-2.11,2026-08-19 11:00,40.91,45.14,-4.23,NO,,,,,,,15m logic removed,15M MONITOR,MONITORING,,,WATCH,👀 WATCH,"Weekly RSI 61.69 > 50, but Hourly RSI has not touched 30 (current 40.91)"
2026-08-19 11:05:19,NSE:HFCL,225.9,76.94,76.42,0.53,2026-08-19 11:00,52.69,64.76,-12.07,NO,,,,,,,15m logic removed,HOURLY,NORMAL,,,WATCH,👀 WATCH,Weekly RSI 76.94 > 50; Hourly RSI 52.69; 15m confirmation checked only while monitored
2026-08-19 11:07:04,NSE:HONASA,472.45,68.06,79.48,-11.41,2026-08-19 11:00,40.16,41.82,-1.66,NO,,,,,,,15m logic removed,15M MONITOR,MONITORING,,,WATCH,👀 WATCH,"Weekly RSI 68.06 > 50, but Hourly RSI has not touched 30 (current 40.16)"
2026-08-19 11:07:05,NSE:HSCL,723.7,61.82,72.38,-10.56,2026-08-19 11:00,19.73,48.21,-28.48,NO,,,,,,,15m logic removed,15M MONITOR,MONITORING,,,WATCH,👀 WATCH,Weekly RSI 61.82 > 50 + Hourly RSI touched 30 + 15m price confirmation failed (Close 725.3 <= Previous High 731.85)
2026-08-19 11:05:22,NSE:IFCI,83.03,63.34,58.71,4.63,2026-08-19 11:00,77.55,72.38,5.16,YES,,,,,,,15m logic removed,HOURLY,NORMAL,,,WATCH,👀 WATCH,Weekly RSI 63.34 > 50; Hourly RSI 77.55; 15m confirmation checked only while monitored
2026-08-19 11:07:07,NSE:INOXINDIA,1929.8,71.41,72.81,-1.4,2026-08-19 11:00,40.88,56.92,-16.03,NO,,,,,,,15m logic removed,15M MONITOR,MONITORING,,,WATCH,👀 WATCH,"Weekly RSI 71.41 > 50, but Hourly RSI has not touched 30 (current 40.88)"
2026-08-19 11:05:24,NSE:IPCALAB,1887.9,65.81,57.97,7.83,2026-08-19 11:00,67.1,64.95,2.14,YES,,,,,,,15m logic removed,HOURLY,NORMAL,,,WATCH,👀 WATCH,Weekly RSI 65.81 > 50; Hourly RSI 67.10; 15m confirmation checked only while monitored
2026-08-19 11:05:26,NSE:JINDALSAW,272.0,62.65,61.27,1.38,2026-08-19 11:00,60.42,56.13,4.29,YES,,,,,,,15m logic removed,HOURLY,NORMAL,,,WATCH,👀 WATCH,Weekly RSI 62.65 > 50; Hourly RSI 60.42; 15m confirmation checked only while monitored
2026-08-19 11:07:08,NSE:KIRLOSENG,2076.1,57.98,58.99,-1.0,2026-08-19 11:00,42.32,58.38,-16.06,NO,,,,,,,15m logic removed,15M MONITOR,MONITORING,,,WATCH,👀 WATCH,"Weekly RSI 57.98 > 50, but Hourly RSI has not touched 30 (current 42.32)"
2026-08-19 11:07:10,NSE:LALPATHLAB,1881.3,68.87,72.68,-3.81,2026-08-19 11:00,34.66,40.23,-5.57,NO,,,,,,,15m logic removed,15M MONITOR,MONITORING,,,WATCH,👀 WATCH,Weekly RSI 68.87 > 50 + Hourly RSI touched 30 + 15m price confirmation failed (Close 1881.2 <= Previous High 1884.5)
2026-08-19 11:07:11,NSE:LAURUSLABS,1795.5,79.86,79.62,0.24,2026-08-19 11:00,37.43,47.62,-10.19,NO,,,,,,,15m logic removed,15M MONITOR,MONITORING,,,WATCH,👀 WATCH,"Weekly RSI 79.86 > 50, but Hourly RSI has not touched 30 (current 37.43)"
2026-08-19 11:07:13,NSE:LLOYDSME,1930.5,63.88,63.36,0.52,2026-08-19 11:00,47.98,52.13,-4.14,NO,,,,,,,15m logic removed,15M MONITOR,MONITORING,,,WATCH,👀 WATCH,"Weekly RSI 63.88 > 50, but Hourly RSI has not touched 30 (current 47.98)"
2026-08-19 11:05:31,NSE:M&M,3420.0,57.26,57.67,-0.41,2026-08-19 11:00,50.04,50.61,-0.57,NO,,,,,,,15m logic removed,HOURLY,NORMAL,,,WATCH,👀 WATCH,Weekly RSI 57.26 > 50; Hourly RSI 50.04; 15m confirmation checked only while monitored
2026-08-19 11:07:14,NSE:MAZDOCK,2558.8,53.71,54.77,-1.06,2026-08-19 11:00,44.29,55.98,-11.7,NO,,,,,,,15m logic removed,15M MONITOR,MONITORING,,,WATCH,👀 WATCH,"Weekly RSI 53.71 > 50, but Hourly RSI has not touched 30 (current 44.29)"
2026-08-19 11:07:15,NSE:MIDHANI,424.45,57.28,55.61,1.67,2026-08-19 11:00,45.57,57.81,-12.24,NO,,,,,,,15m logic removed,15M MONITOR,MONITORING,,,WATCH,👀 WATCH,"Weekly RSI 57.28 > 50, but Hourly RSI has not touched 30 (current 45.57)"
2026-08-19 11:05:34,NSE:MOTHERSON,171.44,75.35,74.11,1.24,2026-08-19 11:00,67.97,62.48,5.49,YES,,,,,,,15m logic removed,HOURLY,NORMAL,,,WATCH,👀 WATCH,Weekly RSI 75.35 > 50; Hourly RSI 67.97; 15m confirmation checked only while monitored
2026-08-19 11:07:16,NSE:MTARTECH,6929.5,59.06,60.33,-1.27,2026-08-19 11:00,37.24,50.78,-13.55,NO,,,,,,,15m logic removed,15M MONITOR,MONITORING,,,WATCH,👀 WATCH,"Weekly RSI 59.06 > 50, but Hourly RSI has not touched 30 (current 37.24)"
2026-08-19 11:05:36,NSE:NAVINFLUOR,8255.0,75.56,75.35,0.21,2026-08-19 11:00,52.57,51.54,1.02,YES,,,,,,,15m logic removed,HOURLY,NORMAL,,,WATCH,👀 WATCH,Weekly RSI 75.56 > 50; Hourly RSI 52.57; 15m confirmation checked only while monitored
2026-08-19 11:07:18,NSE:NETWEB,5120.6,65.16,63.88,1.29,2026-08-19 11:00,45.64,64.56,-18.92,NO,,,,,,,15m logic removed,15M MONITOR,MONITORING,,,WATCH,👀 WATCH,"Weekly RSI 65.16 > 50, but Hourly RSI has not touched 30 (current 45.64)"
2026-08-19 11:07:19,NSE:NETWORK18,27.96,34.23,36.43,-2.2,2026-08-19 11:00,27.99,36.61,-8.62,NO,,,,,,,15m logic removed,15M MONITOR,MONITORING,,,IGNORE,❌ IGNORE,Weekly RSI 34.23 <= 50
2026-08-19 11:07:20,NSE:NEULANDLAB,23093.0,75.88,77.48,-1.61,2026-08-19 11:00,42.8,55.44,-12.64,NO,,,,,,,15m logic removed,15M MONITOR,MONITORING,,,WATCH,👀 WATCH,"Weekly RSI 75.88 > 50, but Hourly RSI has not touched 30 (current 42.80)"
2026-08-19 11:05:40,NSE:PARAS,1501.0,73.53,69.95,3.59,2026-08-19 11:00,75.34,88.4,-13.07,NO,,,,,,,15m logic removed,HOURLY,NORMAL,,,WATCH,👀 WATCH,Weekly RSI 73.53 > 50; Hourly RSI 75.34; 15m confirmation checked only while monitored
2026-08-19 11:05:41,NSE:PFOCUS,284.5,56.37,52.7,3.67,2026-08-19 11:00,64.36,67.09,-2.74,NO,,,,,,,15m logic removed,HOURLY,NORMAL,,,WATCH,👀 WATCH,Weekly RSI 56.37 > 50; Hourly RSI 64.36; 15m confirmation checked only while monitored
2026-08-19 11:05:42,NSE:POLYMED,1779.6,60.19,60.67,-0.48,2026-08-19 11:00,50.17,52.21,-2.04,NO,,,,,,,15m logic removed,HOURLY,NORMAL,,,WATCH,👀 WATCH,Weekly RSI 60.19 > 50; Hourly RSI 50.17; 15m confirmation checked only while monitored
2026-08-19 11:05:43,NSE:PPLPHARMA,208.89,69.64,68.79,0.85,2026-08-19 11:00,50.08,55.48,-5.41,NO,,,,,,,15m logic removed,HOURLY,NORMAL,,,WATCH,👀 WATCH,Weekly RSI 69.64 > 50; Hourly RSI 50.08; 15m confirmation checked only while monitored
2026-08-19 11:05:44,NSE:PVRINOX,1204.3,70.78,68.44,2.34,2026-08-19 11:00,59.22,59.74,-0.53,NO,,,,,,,15m logic removed,HOURLY,NORMAL,,,WATCH,👀 WATCH,Weekly RSI 70.78 > 50; Hourly RSI 59.22; 15m confirmation checked only while monitored
2026-08-19 11:05:45,NSE:RADICO,4673.2,86.87,86.65,0.22,2026-08-19 11:00,54.7,72.23,-17.54,NO,,,,,,,15m logic removed,HOURLY,NORMAL,,,WATCH,👀 WATCH,Weekly RSI 86.87 > 50; Hourly RSI 54.70; 15m confirmation checked only while monitored
2026-08-19 11:05:46,NSE:RKFORGE,752.65,74.05,72.4,1.65,2026-08-19 11:00,58.71,56.38,2.34,YES,,,,,,,15m logic removed,HOURLY,NORMAL,,,WATCH,👀 WATCH,Weekly RSI 74.05 > 50; Hourly RSI 58.71; 15m confirmation checked only while monitored
2026-08-19 11:05:47,NSE:RRKABEL,2847.6,78.33,77.31,1.02,2026-08-19 11:00,64.66,51.31,13.35,YES,,,,,,,15m logic removed,HOURLY,NORMAL,,,WATCH,👀 WATCH,Weekly RSI 78.33 > 50; Hourly RSI 64.66; 15m confirmation checked only while monitored
2026-08-19 11:07:22,NSE:SAILIFE,1420.6,75.68,80.21,-4.53,2026-08-19 11:00,39.87,53.07,-13.21,NO,,,,,,,15m logic removed,15M MONITOR,MONITORING,,,WATCH,👀 WATCH,"Weekly RSI 75.68 > 50, but Hourly RSI has not touched 30 (current 39.87)"
2026-08-19 11:07:24,NSE:SAREGAMA,514.3,68.58,73.5,-4.92,2026-08-19 11:00,42.59,40.86,1.73,YES,,,,,,,15m logic removed,15M MONITOR,MONITORING,,,WATCH,👀 WATCH,"Weekly RSI 68.58 > 50, but Hourly RSI has not touched 30 (current 42.59)"
2026-08-19 11:07:25,NSE:SOLARINDS,19702.0,68.83,71.31,-2.48,2026-08-19 11:00,46.1,64.82,-18.72,NO,,,,,,,15m logic removed,15M MONITOR,MONITORING,,,WATCH,👀 WATCH,"Weekly RSI 68.83 > 50, but Hourly RSI has not touched 30 (current 46.10)"
2026-08-19 11:05:51,NSE:SONACOMS,823.45,78.54,76.35,2.18,2026-08-19 11:00,67.26,68.19,-0.93,NO,,,,,,,15m logic removed,HOURLY,NORMAL,,,WATCH,👀 WATCH,Weekly RSI 78.54 > 50; Hourly RSI 67.26; 15m confirmation checked only while monitored
2026-08-19 11:07:27,NSE:SUNTV,481.2,38.49,39.1,-0.61,2026-08-19 11:00,40.15,43.02,-2.86,NO,,,,,,,15m logic removed,15M MONITOR,MONITORING,,,IGNORE,❌ IGNORE,Weekly RSI 38.49 <= 50
2026-08-19 11:05:53,NSE:SYRMA,1494.0,70.44,69.38,1.06,2026-08-19 11:00,56.59,60.28,-3.69,NO,,,,,,,15m logic removed,HOURLY,NORMAL,,,WATCH,👀 WATCH,Weekly RSI 70.44 > 50; Hourly RSI 56.59; 15m confirmation checked only while monitored
2026-08-19 11:07:28,NSE:TIPSMUSIC,657.8,53.51,55.56,-2.05,2026-08-19 11:00,46.63,43.41,3.21,YES,,,,,,,15m logic removed,15M MONITOR,MONITORING,,,WATCH,👀 WATCH,"Weekly RSI 53.51 > 50, but Hourly RSI has not touched 30 (current 46.63)"
2026-08-19 11:05:55,NSE:TORNTPHARM,4970.0,64.23,61.07,3.16,2026-08-19 11:00,61.38,61.66,-0.28,NO,,,,,,,15m logic removed,HOURLY,NORMAL,,,WATCH,👀 WATCH,Weekly RSI 64.23 > 50; Hourly RSI 61.38; 15m confirmation checked only while monitored
2026-08-19 11:05:56,NSE:TVSMOTOR,4367.0,68.32,67.22,1.1,2026-08-19 11:00,51.72,48.07,3.65,YES,,,,,,,15m logic removed,HOURLY,NORMAL,,,WATCH,👀 WATCH,Weekly RSI 68.32 > 50; Hourly RSI 51.72; 15m confirmation checked only while monitored
2026-08-19 11:05:57,NSE:UNIMECH,1500.0,73.86,76.02,-2.16,2026-08-19 11:00,52.66,61.66,-9.0,NO,,,,,,,15m logic removed,HOURLY,NORMAL,,,WATCH,👀 WATCH,Weekly RSI 73.86 > 50; Hourly RSI 52.66; 15m confirmation checked only while monitored
2026-08-19 11:05:58,NSE:UNOMINDA,1275.4,61.19,58.51,2.68,2026-08-19 11:00,65.0,63.11,1.89,YES,,,,,,,15m logic removed,HOURLY,NORMAL,,,WATCH,👀 WATCH,Weekly RSI 61.19 > 50; Hourly RSI 65.00; 15m confirmation checked only while monitored
2026-08-19 11:05:59,NSE:VIJAYA,1495.3,70.6,69.58,1.02,2026-08-19 11:00,53.18,51.65,1.53,YES,,,,,,,15m logic removed,HOURLY,NORMAL,,,WATCH,👀 WATCH,Weekly RSI 70.60 > 50; Hourly RSI 53.18; 15m confirmation checked only while monitored
2026-08-19 11:06:00,NSE:WELCORP,1958.3,89.72,88.46,1.26,2026-08-19 11:00,81.85,74.26,7.59,YES,,,,,,,15m logic removed,HOURLY,NORMAL,,,WATCH,👀 WATCH,Weekly RSI 89.72 > 50; Hourly RSI 81.85; 15m confirmation checked only while monitored
2026-08-19 11:07:29,NSE:WOCKPHARMA,1828.0,55.0,60.66,-5.66,2026-08-19 11:00,25.62,33.14,-7.53,NO,,,,,,,15m logic removed,15M MONITOR,MONITORING,,,WATCH,👀 WATCH,Weekly RSI 55.00 > 50 + Hourly RSI touched 30 + 15m price confirmation failed (Close 1822.9 <= Previous High 1845.0)
2026-08-19 11:06:02,NSE:ZEEL,104.27,53.06,51.98,1.08,2026-08-19 11:00,59.81,63.6,-3.79,NO,,,,,,,15m logic removed,HOURLY,NORMAL,,,WATCH,👀 WATCH,Weekly RSI 53.06 > 50; Hourly RSI 59.81; 15m confirmation checked only while monitored
2026-08-19 11:06:03,NSE:ZENTEC,1926.3,61.36,58.95,2.42,2026-08-19 11:00,57.98,81.31,-23.33,NO,,,,,,,15m logic removed,HOURLY,NORMAL,,,WATCH,👀 WATCH,Weekly RSI 61.36 > 50; Hourly RSI 57.98; 15m confirmation checked only while monitored
2026-08-19 11:06:04,PARAS,1500.7,73.53,69.95,3.58,2026-08-19 11:00,75.21,88.4,-13.2,NO,,,,,,,15m logic removed,HOURLY,NORMAL,,,WATCH,👀 WATCH,Weekly RSI 73.53 > 50; Hourly RSI 75.21; 15m confirmation checked only while monitored
2026-08-19 11:07:31,KALYANKJIL,595.25,69.04,71.82,-2.78,2026-08-19 11:00,36.26,42.88,-6.62,NO,,,,,,,15m logic removed,15M MONITOR,MONITORING,,,WATCH,👀 WATCH,"Weekly RSI 69.04 > 50, but Hourly RSI has not touched 30 (current 36.26)"
2026-08-19 11:07:32,CYIENTDLM,722.85,85.52,84.23,1.29,2026-08-19 11:00,48.25,60.18,-11.92,NO,,,,,,,15m logic removed,15M MONITOR,MONITORING,,,WATCH,👀 WATCH,"Weekly RSI 85.52 > 50, but Hourly RSI has not touched 30 (current 48.25)"
2026-08-19 11:06:07,UNIMECH,1499.0,73.77,76.02,-2.25,2026-08-19 11:00,52.24,61.66,-9.43,NO,,,,,,,15m logic removed,HOURLY,NORMAL,,,WATCH,👀 WATCH,Weekly RSI 73.77 > 50; Hourly RSI 52.24; 15m confirmation checked only while monitored
2026-08-19 11:06:08,SYRMA,1493.9,70.43,69.38,1.06,2026-08-19 11:00,56.53,60.28,-3.75,NO,,,,,,,15m logic removed,HOURLY,NORMAL,,,WATCH,👀 WATCH,Weekly RSI 70.43 > 50; Hourly RSI 56.53; 15m confirmation checked only while monitored
2026-08-19 11:06:09,HFCL,225.8,76.92,76.42,0.51,2026-08-19 11:00,52.47,64.76,-12.29,NO,,,,,,,15m logic removed,HOURLY,NORMAL,,,WATCH,👀 WATCH,Weekly RSI 76.92 > 50; Hourly RSI 52.47; 15m confirmation checked only while monitored
2026-08-19 11:06:10,WELCORP,1959.3,89.74,88.46,1.27,2026-08-19 11:00,82.01,74.26,7.75,YES,,,,,,,15m logic removed,HOURLY,NORMAL,,,WATCH,👀 WATCH,Weekly RSI 89.74 > 50; Hourly RSI 82.01; 15m confirmation checked only while monitored
2026-08-19 11:06:12,TBOTEK,1678.0,66.83,64.84,1.99,2026-08-19 11:00,52.5,63.2,-10.7,NO,,,,,,,15m logic removed,HOURLY,NORMAL,,,WATCH,👀 WATCH,Weekly RSI 66.83 > 50; Hourly RSI 52.50; 15m confirmation checked only while monitored
2026-08-19 11:06:13,NAUKRI,1355.4,70.91,70.25,0.67,2026-08-19 11:00,53.72,53.34,0.37,YES,,,,,,,15m logic removed,HOURLY,NORMAL,,,WATCH,👀 WATCH,Weekly RSI 70.91 > 50; Hourly RSI 53.72; 15m confirmation checked only while monitored
2026-08-19 11:06:14,AKUMS,760.8,73.56,70.84,2.71,2026-08-19 11:00,63.98,52.66,11.33,YES,,,,,,,15m logic removed,HOURLY,NORMAL,,,WATCH,👀 WATCH,Weekly RSI 73.56 > 50; Hourly RSI 63.98; 15m confirmation checked only while monitored
2026-08-19 11:06:15,DYNAMATECH,11611.0,59.15,56.52,2.62,2026-08-19 11:00,67.21,77.54,-10.32,NO,,,,,,,15m logic removed,HOURLY,NORMAL,,,WATCH,👀 WATCH,Weekly RSI 59.15 > 50; Hourly RSI 67.21; 15m confirmation checked only while monitored
2026-08-19 11:06:16,ZENTEC,1926.0,61.35,58.95,2.41,2026-08-19 11:00,57.9,81.31,-23.42,NO,,,,,,,15m logic removed,HOURLY,NORMAL,,,WATCH,👀 WATCH,Weekly RSI 61.35 > 50; Hourly RSI 57.90; 15m confirmation checked only while monitored
2026-08-19 11:06:17,PAYTM,1593.9,72.67,73.5,-0.83,2026-08-19 11:00,54.76,30.72,24.04,YES,,,,,,,15m logic removed,HOURLY,NORMAL,,,WATCH,👀 WATCH,Weekly RSI 72.67 > 50; Hourly RSI 54.76; 15m confirmation checked only while monitored
2026-08-19 11:06:18,TIINDIA,2931.0,52.76,44.19,8.56,2026-08-19 11:00,65.2,71.62,-6.41,NO,,,,,,,15m logic removed,HOURLY,NORMAL,,,WATCH,👀 WATCH,Weekly RSI 52.76 > 50; Hourly RSI 65.20; 15m confirmation checked only while monitored
2026-08-19 11:06:19,GLAXO,3001.7,71.23,61.82,9.41,2026-08-19 11:00,91.15,87.76,3.4,YES,,,,,,,15m logic removed,HOURLY,NORMAL,,,WATCH,👀 WATCH,Weekly RSI 71.23 > 50; Hourly RSI 91.15; 15m confirmation checked only while monitored
2026-08-19 11:06:20,ACE,1176.6,73.81,66.76,7.06,2026-08-19 11:00,76.92,83.82,-6.89,NO,,,,,,,15m logic removed,HOURLY,NORMAL,,,WATCH,👀 WATCH,Weekly RSI 73.81 > 50; Hourly RSI 76.92; 15m confirmation checked only while monitored
2026-08-19 11:06:21,HEG,715.8,69.23,67.84,1.4,2026-08-19 11:00,53.47,71.99,-18.52,NO,,,,,,,15m logic removed,HOURLY,NORMAL,,,WATCH,👀 WATCH,Weekly RSI 69.23 > 50; Hourly RSI 53.47; 15m confirmation checked only while monitored
2026-08-19 11:06:22,WELSPUNLIV,178.19,69.79,63.19,6.6,2026-08-19 11:00,63.24,62.2,1.04,YES,,,,,,,15m logic removed,HOURLY,NORMAL,,,WATCH,👀 WATCH,Weekly RSI 69.79 > 50; Hourly RSI 63.24; 15m confirmation checked only while monitored
2026-08-19 11:07:33,ASTERDM,822.0,60.54,60.6,-0.06,2026-08-19 11:00,44.73,41.05,3.68,YES,,,,,,,15m logic removed,15M MONITOR,MONITORING,,,WATCH,👀 WATCH,"Weekly RSI 60.54 > 50, but Hourly RSI has not touched 30 (current 44.73)"
2026-08-19 11:19:27,NSE:LGEINDIA,1620.6,53.01,60.65,-7.64,2026-08-19 11:00,38.37,47.1,-8.72,NO,,,,,,,15m logic removed,15M MONITOR,MONITORING,,,WATCH,👀 WATCH,"Weekly RSI 53.01 > 50, but Hourly RSI has not touched 30 (current 38.37)"
2026-08-19 11:19:29,NSE:FINCABLES,1289.0,67.69,65.91,1.78,2026-08-19 11:00,52.01,66.24,-14.23,NO,,,,,,,15m logic removed,15M MONITOR,MONITORING,,,WATCH,👀 WATCH,"Weekly RSI 67.69 > 50, but Hourly RSI has not touched 30 (current 52.01)"
2026-08-19 11:19:31,NSE:HAPPSTMNDS,407.9,53.84,57.49,-3.65,2026-08-19 11:00,43.37,55.57,-12.19,NO,,,,,,,15m logic removed,15M MONITOR,MONITORING,,,WATCH,👀 WATCH,"Weekly RSI 53.84 > 50, but Hourly RSI has not touched 30 (current 43.37)"
2026-08-19 11:19:33,NSE:OFSS,11702.0,66.5,68.0,-1.5,2026-08-19 11:00,47.97,41.04,6.93,YES,,,,,,,15m logic removed,15M MONITOR,MONITORING,,,WATCH,👀 WATCH,"Weekly RSI 66.50 > 50, but Hourly RSI has not touched 30 (current 47.97)"
2026-08-19 11:19:34,NSE:REDINGTON,323.9,62.08,64.98,-2.9,2026-08-19 11:00,25.22,27.89,-2.67,NO,,,,,,,15m logic removed,15M MONITOR,MONITORING,,,WATCH,👀 WATCH,Weekly RSI 62.08 > 50 + Hourly RSI touched 30 + 15m price confirmation failed (Close 323.55 <= Previous High 324.4)
2026-08-19 11:19:35,NSE:AARTIIND,524.8,63.44,66.17,-2.74,2026-08-19 11:00,48.78,56.55,-7.77,NO,,,,,,,15m logic removed,15M MONITOR,MONITORING,,,WATCH,👀 WATCH,"Weekly RSI 63.44 > 50, but Hourly RSI has not touched 30 (current 48.78)"
2026-08-19 11:19:37,NSE:ABB,7456.5,59.72,63.4,-3.68,2026-08-19 11:00,24.33,32.24,-7.91,NO,,,,,,,15m logic removed,15M MONITOR,MONITORING,,,WATCH,👀 WATCH,Weekly RSI 59.72 > 50 + Hourly RSI touched 30 + 15m price confirmation failed (Close 7463.5 <= Previous High 7468.5)
2026-08-19 11:19:38,NSE:ACMESOLAR,368.35,63.55,65.76,-2.2,2026-08-19 11:00,47.72,56.94,-9.21,NO,,,,,,,15m logic removed,15M MONITOR,MONITORING,,,WATCH,👀 WATCH,"Weekly RSI 63.55 > 50, but Hourly RSI has not touched 30 (current 47.72)"
2026-08-19 11:19:40,NSE:ADANIENSOL,1552.5,60.39,66.09,-5.7,2026-08-19 11:00,31.8,50.05,-18.25,NO,,,,,,,15m logic removed,15M MONITOR,MONITORING,,,WATCH,👀 WATCH,"Weekly RSI 60.39 > 50, but Hourly RSI has not touched 30 (current 31.80)"
2026-08-19 11:19:42,NSE:ALIVUS,1387.4,78.43,78.4,0.03,2026-08-19 11:00,50.73,57.75,-7.02,NO,,,,,,,15m logic removed,15M MONITOR,MONITORING,,,WATCH,👀 WATCH,"Weekly RSI 78.43 > 50, but Hourly RSI has not touched 30 (current 50.73)"
2026-08-19 11:19:44,NSE:ANANDRATHI,2168.8,74.27,74.94,-0.66,2026-08-19 11:00,43.22,62.92,-19.7,NO,,,,,,,15m logic removed,15M MONITOR,MONITORING,,,WATCH,👀 WATCH,"Weekly RSI 74.27 > 50, but Hourly RSI has not touched 30 (current 43.22)"
2026-08-19 11:19:45,NSE:APARINDS,16570.0,70.48,71.49,-1.02,2026-08-19 11:00,43.55,63.25,-19.7,NO,,,,,,,15m logic removed,15M MONITOR,MONITORING,,,WATCH,👀 WATCH,"Weekly RSI 70.48 > 50, but Hourly RSI has not touched 30 (current 43.55)"
2026-08-19 11:19:47,NSE:ASHOKLEY,174.23,55.31,54.11,1.2,2026-08-19 11:00,44.07,51.25,-7.19,NO,,,,,,,15m logic removed,15M MONITOR,MONITORING,,,WATCH,👀 WATCH,"Weekly RSI 55.31 > 50, but Hourly RSI has not touched 30 (current 44.07)"
2026-08-19 11:19:48,NSE:ASTERDM,823.3,60.7,60.6,0.11,2026-08-19 11:00,46.89,41.05,5.84,YES,,,,,,,15m logic removed,15M MONITOR,MONITORING,,,WATCH,👀 WATCH,"Weekly RSI 60.70 > 50, but Hourly RSI has not touched 30 (current 46.89)"
2026-08-19 11:19:50,NSE:ASTRAMICRO,1700.0,64.76,67.72,-2.96,2026-08-19 11:00,42.2,68.18,-25.98,NO,,,,,,,15m logic removed,15M MONITOR,MONITORING,,,WATCH,👀 WATCH,"Weekly RSI 64.76 > 50, but Hourly RSI has not touched 30 (current 42.20)"
2026-08-19 11:19:51,NSE:ATHERENERG,1454.8,75.31,80.74,-5.43,2026-08-19 11:00,29.67,34.65,-4.98,NO,,,,,,,15m logic removed,15M MONITOR,MONITORING,,,WATCH,👀 WATCH,Weekly RSI 75.31 > 50 + Hourly RSI touched 30 + 15m price confirmation failed (Close 1456.7 <= Previous High 1463.0)
2026-08-19 11:19:53,NSE:AUROPHARMA,1632.6,67.76,67.08,0.68,2026-08-19 11:00,46.84,54.3,-7.47,NO,,,,,,,15m logic removed,15M MONITOR,MONITORING,,,WATCH,👀 WATCH,"Weekly RSI 67.76 > 50, but Hourly RSI has not touched 30 (current 46.84)"
2026-08-19 11:19:54,NSE:BAJAJ-AUTO,11647.0,70.92,72.08,-1.15,2026-08-19 11:00,45.98,40.44,5.54,YES,,,,,,,15m logic removed,15M MONITOR,MONITORING,,,WATCH,👀 WATCH,"Weekly RSI 70.92 > 50, but Hourly RSI has not touched 30 (current 45.98)"
2026-08-19 11:19:56,NSE:BHARATFORG,2069.6,57.69,57.47,0.23,2026-08-19 11:00,42.91,55.11,-12.2,NO,,,,,,,15m logic removed,15M MONITOR,MONITORING,,,WATCH,👀 WATCH,"Weekly RSI 57.69 > 50, but Hourly RSI has not touched 30 (current 42.91)"
2026-08-19 11:19:57,NSE:BHEL,417.0,63.9,65.48,-1.58,2026-08-19 11:00,40.08,51.15,-11.07,NO,,,,,,,15m logic removed,15M MONITOR,MONITORING,,,WATCH,👀 WATCH,"Weekly RSI 63.90 > 50, but Hourly RSI has not touched 30 (current 40.08)"
2026-08-19 11:19:59,NSE:CYIENTDLM,725.15,85.62,84.23,1.39,2026-08-19 11:00,49.65,60.18,-10.52,NO,,,,,,,15m logic removed,15M MONITOR,MONITORING,,,WATCH,👀 WATCH,"Weekly RSI 85.62 > 50, but Hourly RSI has not touched 30 (current 49.65)"
2026-08-19 11:20:01,NSE:DBCORP,210.0,46.66,47.65,-0.99,2026-08-19 11:00,39.71,34.64,5.07,YES,,,,,,,15m logic removed,15M MONITOR,MONITORING,,,IGNORE,❌ IGNORE,Weekly RSI 46.66 <= 50
2026-08-19 11:20:02,NSE:DIVISLAB,8518.0,83.71,83.42,0.29,2026-08-19 11:00,49.21,59.33,-10.12,NO,,,,,,,15m logic removed,15M MONITOR,MONITORING,,,WATCH,👀 WATCH,"Weekly RSI 83.71 > 50, but Hourly RSI has not touched 30 (current 49.21)"
2026-08-19 11:20:04,NSE:EICHERMOT,8039.0,63.8,64.56,-0.76,2026-08-19 11:00,45.67,41.29,4.39,YES,,,,,,,15m logic removed,15M MONITOR,MONITORING,,,WATCH,👀 WATCH,"Weekly RSI 63.80 > 50, but Hourly RSI has not touched 30 (current 45.67)"
2026-08-19 11:20:05,NSE:EXIDEIND,464.25,68.15,72.72,-4.57,2026-08-19 11:00,27.23,28.44,-1.21,NO,,,,,,,15m logic removed,15M MONITOR,MONITORING,,,WATCH,👀 WATCH,Weekly RSI 68.15 > 50 + Hourly RSI touched 30 + 15m price confirmation failed (Close 464.0 <= Previous High 464.3)
2026-08-19 11:20:07,NSE:GLAND,2832.3,71.95,79.58,-7.63,2026-08-19 11:00,34.61,38.84,-4.23,NO,,,,,,,15m logic removed,15M MONITOR,MONITORING,,,WATCH,👀 WATCH,"Weekly RSI 71.95 > 50, but Hourly RSI has not touched 30 (current 34.61)"
2026-08-19 11:20:09,NSE:GRANULES,851.15,65.04,66.43,-1.4,2026-08-19 11:00,42.15,43.5,-1.35,NO,,,,,,,15m logic removed,15M MONITOR,MONITORING,,,WATCH,👀 WATCH,"Weekly RSI 65.04 > 50, but Hourly RSI has not touched 30 (current 42.15)"
2026-08-19 11:20:10,NSE:HAL,5030.9,67.41,67.39,0.02,2026-08-19 11:00,48.01,65.53,-17.53,NO,,,,,,,15m logic removed,15M MONITOR,MONITORING,,,WATCH,👀 WATCH,"Weekly RSI 67.41 > 50, but Hourly RSI has not touched 30 (current 48.01)"
2026-08-19 11:20:12,NSE:HATHWAY,10.47,42.96,44.12,-1.15,2026-08-19 11:00,28.43,32.54,-4.11,NO,,,,,,,15m logic removed,15M MONITOR,MONITORING,,,IGNORE,❌ IGNORE,Weekly RSI 42.96 <= 50
2026-08-19 11:20:14,NSE:HEROMOTOCO,5719.0,61.67,63.79,-2.12,2026-08-19 11:00,40.84,45.14,-4.3,NO,,,,,,,15m logic removed,15M MONITOR,MONITORING,,,WATCH,👀 WATCH,"Weekly RSI 61.67 > 50, but Hourly RSI has not touched 30 (current 40.84)"
2026-08-19 11:20:16,NSE:HONASA,471.35,67.71,79.48,-11.77,2026-08-19 11:00,39.13,41.82,-2.69,NO,,,,,,,15m logic removed,15M MONITOR,MONITORING,,,WATCH,👀 WATCH,"Weekly RSI 67.71 > 50, but Hourly RSI has not touched 30 (current 39.13)"
2026-08-19 11:20:17,NSE:HSCL,723.55,61.79,72.38,-10.58,2026-08-19 11:00,19.69,48.21,-28.51,NO,,,,,,,15m logic removed,15M MONITOR,MONITORING,,,WATCH,👀 WATCH,Weekly RSI 61.79 > 50 + Hourly RSI touched 30 + 15m price confirmation failed (Close 723.25 <= Previous High 727.4)
2026-08-19 11:20:19,NSE:INOXINDIA,1929.0,71.33,72.81,-1.48,2026-08-19 11:00,40.57,56.92,-16.35,NO,,,,,,,15m logic removed,15M MONITOR,MONITORING,,,WATCH,👀 WATCH,"Weekly RSI 71.33 > 50, but Hourly RSI has not touched 30 (current 40.57)"
2026-08-19 11:20:20,NSE:KIRLOSENG,2076.7,58.01,58.99,-0.98,2026-08-19 11:00,42.47,58.38,-15.91,NO,,,,,,,15m logic removed,15M MONITOR,MONITORING,,,WATCH,👀 WATCH,"Weekly RSI 58.01 > 50, but Hourly RSI has not touched 30 (current 42.47)"
2026-08-19 11:20:22,NSE:LALPATHLAB,1881.5,68.89,72.68,-3.79,2026-08-19 11:00,34.74,40.23,-5.49,NO,,,,,,,15m logic removed,15M MONITOR,MONITORING,,,WATCH,👀 WATCH,Weekly RSI 68.89 > 50 + Hourly RSI touched 30 + 15m price confirmation failed (Close 1881.1 <= Previous High 1884.7)
2026-08-19 11:20:23,NSE:LAURUSLABS,1795.3,79.86,79.62,0.24,2026-08-19 11:00,37.34,47.62,-10.28,NO,,,,,,,15m logic removed,15M MONITOR,MONITORING,,,WATCH,👀 WATCH,"Weekly RSI 79.86 > 50, but Hourly RSI has not touched 30 (current 37.34)"
2026-08-19 11:20:24,NSE:LLOYDSME,1929.1,63.82,63.36,0.46,2026-08-19 11:00,47.28,52.13,-4.84,NO,,,,,,,15m logic removed,15M MONITOR,MONITORING,,,WATCH,👀 WATCH,"Weekly RSI 63.82 > 50, but Hourly RSI has not touched 30 (current 47.28)"
2026-08-19 11:20:26,NSE:MAZDOCK,2562.4,53.89,54.77,-0.88,2026-08-19 11:00,45.5,55.98,-10.49,NO,,,,,,,15m logic removed,15M MONITOR,MONITORING,,,WATCH,👀 WATCH,"Weekly RSI 53.89 > 50, but Hourly RSI has not touched 30 (current 45.50)"
2026-08-19 11:20:27,NSE:MIDHANI,425.35,57.46,55.61,1.85,2026-08-19 11:00,46.23,57.81,-11.58,NO,,,,,,,15m logic removed,15M MONITOR,MONITORING,,,WATCH,👀 WATCH,"Weekly RSI 57.46 > 50, but Hourly RSI has not touched 30 (current 46.23)"
2026-08-19 11:20:29,NSE:MTARTECH,6927.5,59.04,60.33,-1.29,2026-08-19 11:00,37.13,50.78,-13.65,NO,,,,,,,15m logic removed,15M MONITOR,MONITORING,,,WATCH,👀 WATCH,"Weekly RSI 59.04 > 50, but Hourly RSI has not touched 30 (current 37.13)"
2026-08-19 11:20:30,NSE:NETWEB,5134.0,65.31,63.88,1.43,2026-08-19 11:00,46.53,64.56,-18.02,NO,,,,,,,15m logic removed,15M MONITOR,MONITORING,,,WATCH,👀 WATCH,"Weekly RSI 65.31 > 50, but Hourly RSI has not touched 30 (current 46.53)"
2026-08-19 11:20:32,NSE:NETWORK18,27.98,34.27,36.43,-2.17,2026-08-19 11:00,28.28,36.61,-8.33,NO,,,,,,,15m logic removed,15M MONITOR,MONITORING,,,IGNORE,❌ IGNORE,Weekly RSI 34.27 <= 50
2026-08-19 11:20:34,NSE:NEULANDLAB,23145.0,76.24,77.48,-1.24,2026-08-19 11:00,44.52,55.44,-10.91,NO,,,,,,,15m logic removed,15M MONITOR,MONITORING,,,WATCH,👀 WATCH,"Weekly RSI 76.24 > 50, but Hourly RSI has not touched 30 (current 44.52)"
2026-08-19 11:20:36,NSE:SAILIFE,1421.9,75.87,80.21,-4.34,2026-08-19 11:00,40.44,53.07,-12.63,NO,,,,,,,15m logic removed,15M MONITOR,MONITORING,,,WATCH,👀 WATCH,"Weekly RSI 75.87 > 50, but Hourly RSI has not touched 30 (current 40.44)"
2026-08-19 11:20:38,NSE:SAREGAMA,516.65,69.42,73.5,-4.08,2026-08-19 11:00,45.48,40.86,4.62,YES,,,,,,,15m logic removed,15M MONITOR,MONITORING,,,WATCH,👀 WATCH,"Weekly RSI 69.42 > 50, but Hourly RSI has not touched 30 (current 45.48)"
2026-08-19 11:20:39,NSE:SOLARINDS,19758.0,69.34,71.31,-1.97,2026-08-19 11:00,47.43,64.82,-17.39,NO,,,,,,,15m logic removed,15M MONITOR,MONITORING,,,WATCH,👀 WATCH,"Weekly RSI 69.34 > 50, but Hourly RSI has not touched 30 (current 47.43)"
2026-08-19 11:20:41,NSE:SUNTV,481.7,38.58,39.1,-0.52,2026-08-19 11:00,41.07,43.02,-1.95,NO,,,,,,,15m logic removed,15M MONITOR,MONITORING,,,IGNORE,❌ IGNORE,Weekly RSI 38.58 <= 50
2026-08-19 11:20:42,NSE:TIPSMUSIC,661.1,54.01,55.56,-1.55,2026-08-19 11:00,50.64,43.41,7.23,YES,,,,,,,15m logic removed,15M MONITOR,MONITORING,,,WATCH,👀 WATCH,"Weekly RSI 54.01 > 50, but Hourly RSI has not touched 30 (current 50.64)"
2026-08-19 11:20:44,NSE:WOCKPHARMA,1828.1,55.0,60.66,-5.66,2026-08-19 11:00,25.63,33.14,-7.51,NO,,,,,,,15m logic removed,15M MONITOR,MONITORING,,,WATCH,👀 WATCH,Weekly RSI 55.00 > 50 + Hourly RSI touched 30 + 15m price confirmation failed (Close 1826.5 <= Previous High 1829.4)
2026-08-19 11:20:45,KALYANKJIL,595.45,69.08,71.82,-2.74,2026-08-19 11:00,36.44,42.88,-6.45,NO,,,,,,,15m logic removed,15M MONITOR,MONITORING,,,WATCH,👀 WATCH,"Weekly RSI 69.08 > 50, but Hourly RSI has not touched 30 (current 36.44)"
2026-08-19 11:20:47,CYIENTDLM,725.7,85.65,84.23,1.42,2026-08-19 11:00,50.0,60.18,-10.18,NO,,,,,,,15m logic removed,15M MONITOR,MONITORING,,,WATCH,👀 WATCH,"Weekly RSI 85.65 > 50, but Hourly RSI has not touched 30 (current 50.00)"
2026-08-19 11:20:48,ASTERDM,822.8,60.65,60.6,0.05,2026-08-19 11:00,46.08,41.05,5.03,YES,,,,,,,15m logic removed,15M MONITOR,MONITORING,,,WATCH,👀 WATCH,"Weekly RSI 60.65 > 50, but Hourly RSI has not touched 30 (current 46.08)"
2026-08-19 11:27:48,NSE:LGEINDIA,1620.5,53.01,60.65,-7.65,2026-08-19 11:00,38.34,47.1,-8.75,NO,,,,,,,15m logic removed,15M MONITOR,MONITORING,,,WATCH,👀 WATCH,"Weekly RSI 53.01 > 50, but Hourly RSI has not touched 30 (current 38.34)"
2026-08-19 11:27:49,NSE:FINCABLES,1289.5,67.71,65.91,1.8,2026-08-19 11:00,52.18,66.24,-14.06,NO,,,,,,,15m logic removed,15M MONITOR,MONITORING,,,WATCH,👀 WATCH,"Weekly RSI 67.71 > 50, but Hourly RSI has not touched 30 (current 52.18)"
2026-08-19 11:27:51,NSE:HAPPSTMNDS,407.85,53.83,57.49,-3.66,2026-08-19 11:00,43.33,55.57,-12.24,NO,,,,,,,15m logic removed,15M MONITOR,MONITORING,,,WATCH,👀 WATCH,"Weekly RSI 53.83 > 50, but Hourly RSI has not touched 30 (current 43.33)"
2026-08-19 11:27:52,NSE:OFSS,11741.0,66.96,68.0,-1.04,2026-08-19 11:00,50.83,41.04,9.78,YES,,,,,,,15m logic removed,15M MONITOR,MONITORING,,,WATCH,👀 WATCH,"Weekly RSI 66.96 > 50, but Hourly RSI has not touched 30 (current 50.83)"
2026-08-19 11:27:53,NSE:REDINGTON,324.55,62.26,64.98,-2.72,2026-08-19 11:00,25.99,27.89,-1.9,NO,,,,,,,15m logic removed,15M MONITOR,MONITORING,,,WATCH,👀 WATCH,Weekly RSI 62.26 > 50 + Hourly RSI touched 30 + 15m price confirmation failed (Close 323.55 <= Previous High 324.4)
2026-08-19 11:27:54,NSE:AARTIIND,525.6,63.66,66.17,-2.51,2026-08-19 11:00,49.54,56.55,-7.01,NO,,,,,,,15m logic removed,15M MONITOR,MONITORING,,,WATCH,👀 WATCH,"Weekly RSI 63.66 > 50, but Hourly RSI has not touched 30 (current 49.54)"
2026-08-19 11:27:55,NSE:ABB,7442.5,59.47,63.4,-3.93,2026-08-19 11:00,23.43,32.24,-8.81,NO,,,,,,,15m logic removed,15M MONITOR,MONITORING,,,WATCH,👀 WATCH,Weekly RSI 59.47 > 50 + Hourly RSI touched 30 + 15m price confirmation failed (Close 7463.5 <= Previous High 7468.5)
2026-08-19 11:27:57,NSE:ACMESOLAR,369.55,64.0,65.76,-1.76,2026-08-19 11:00,50.22,56.94,-6.71,NO,,,,,,,15m logic removed,15M MONITOR,MONITORING,,,WATCH,👀 WATCH,"Weekly RSI 64.00 > 50, but Hourly RSI has not touched 30 (current 50.22)"
2026-08-19 11:27:58,NSE:ADANIENSOL,1551.1,60.27,66.09,-5.82,2026-08-19 11:00,31.48,50.05,-18.57,NO,,,,,,,15m logic removed,15M MONITOR,MONITORING,,,WATCH,👀 WATCH,"Weekly RSI 60.27 > 50, but Hourly RSI has not touched 30 (current 31.48)"
2026-08-19 11:27:59,NSE:ALIVUS,1387.0,78.41,78.4,0.01,2026-08-19 11:00,50.53,57.75,-7.22,NO,,,,,,,15m logic removed,15M MONITOR,MONITORING,,,WATCH,👀 WATCH,"Weekly RSI 78.41 > 50, but Hourly RSI has not touched 30 (current 50.53)"
2026-08-19 11:28:00,NSE:ANANDRATHI,2165.1,73.86,74.94,-1.07,2026-08-19 11:00,41.45,62.92,-21.47,NO,,,,,,,15m logic removed,15M MONITOR,MONITORING,,,WATCH,👀 WATCH,"Weekly RSI 73.86 > 50, but Hourly RSI has not touched 30 (current 41.45)"
2026-08-19 11:28:01,NSE:APARINDS,16659.0,71.22,71.49,-0.27,2026-08-19 11:00,45.41,63.25,-17.85,NO,,,,,,,15m logic removed,15M MONITOR,MONITORING,,,WATCH,👀 WATCH,"Weekly RSI 71.22 > 50, but Hourly RSI has not touched 30 (current 45.41)"
2026-08-19 11:28:03,NSE:ASHOKLEY,173.82,55.13,54.11,1.02,2026-08-19 11:00,42.9,51.25,-8.35,NO,,,,,,,15m logic removed,15M MONITOR,MONITORING,,,WATCH,👀 WATCH,"Weekly RSI 55.13 > 50, but Hourly RSI has not touched 30 (current 42.90)"
2026-08-19 11:28:04,NSE:ASTERDM,822.7,60.64,60.6,0.04,2026-08-19 11:00,45.92,41.05,4.87,YES,,,,,,,15m logic removed,15M MONITOR,MONITORING,,,WATCH,👀 WATCH,"Weekly RSI 60.64 > 50, but Hourly RSI has not touched 30 (current 45.92)"
2026-08-19 11:28:05,NSE:ASTRAMICRO,1703.0,64.98,67.72,-2.74,2026-08-19 11:00,42.8,68.18,-25.39,NO,,,,,,,15m logic removed,15M MONITOR,MONITORING,,,WATCH,👀 WATCH,"Weekly RSI 64.98 > 50, but Hourly RSI has not touched 30 (current 42.80)"
2026-08-19 11:28:06,NSE:ATHERENERG,1453.7,75.21,80.74,-5.53,2026-08-19 11:00,29.32,34.65,-5.33,NO,,,,,,,15m logic removed,15M MONITOR,MONITORING,,,WATCH,👀 WATCH,Weekly RSI 75.21 > 50 + Hourly RSI touched 30 + 15m price confirmation failed (Close 1456.7 <= Previous High 1463.0)
2026-08-19 11:28:07,NSE:AUROPHARMA,1632.1,67.72,67.08,0.65,2026-08-19 11:00,46.58,54.3,-7.72,NO,,,,,,,15m logic removed,15M MONITOR,MONITORING,,,WATCH,👀 WATCH,"Weekly RSI 67.72 > 50, but Hourly RSI has not touched 30 (current 46.58)"
2026-08-19 11:28:09,NSE:BAJAJ-AUTO,11682.0,71.68,72.08,-0.4,2026-08-19 11:00,50.05,40.44,9.61,YES,,,,,,,15m logic removed,15M MONITOR,MONITORING,,,WATCH,👀 WATCH,"Weekly RSI 71.68 > 50, but Hourly RSI has not touched 30 (current 50.05)"
2026-08-19 11:28:10,NSE:BHARATFORG,2068.9,57.66,57.47,0.19,2026-08-19 11:00,42.68,55.11,-12.43,NO,,,,,,,15m logic removed,15M MONITOR,MONITORING,,,WATCH,👀 WATCH,"Weekly RSI 57.66 > 50, but Hourly RSI has not touched 30 (current 42.68)"
2026-08-19 11:28:11,NSE:BHEL,417.0,63.9,65.48,-1.58,2026-08-19 11:00,40.08,51.15,-11.07,NO,,,,,,,15m logic removed,15M MONITOR,MONITORING,,,WATCH,👀 WATCH,"Weekly RSI 63.90 > 50, but Hourly RSI has not touched 30 (current 40.08)"
2026-08-19 11:28:12,NSE:CYIENTDLM,725.25,85.63,84.23,1.4,2026-08-19 11:00,49.72,60.18,-10.46,NO,,,,,,,15m logic removed,15M MONITOR,MONITORING,,,WATCH,👀 WATCH,"Weekly RSI 85.63 > 50, but Hourly RSI has not touched 30 (current 49.72)"
2026-08-19 11:28:14,NSE:DBCORP,210.0,46.66,47.65,-0.99,2026-08-19 11:00,39.71,34.64,5.07,YES,,,,,,,15m logic removed,15M MONITOR,MONITORING,,,IGNORE,❌ IGNORE,Weekly RSI 46.66 <= 50
2026-08-19 11:28:15,NSE:DIVISLAB,8520.0,83.73,83.42,0.3,2026-08-19 11:00,49.45,59.33,-9.88,NO,,,,,,,15m logic removed,15M MONITOR,MONITORING,,,WATCH,👀 WATCH,"Weekly RSI 83.73 > 50, but Hourly RSI has not touched 30 (current 49.45)"
2026-08-19 11:28:16,NSE:EICHERMOT,8043.0,63.91,64.56,-0.65,2026-08-19 11:00,46.45,41.29,5.17,YES,,,,,,,15m logic removed,15M MONITOR,MONITORING,,,WATCH,👀 WATCH,"Weekly RSI 63.91 > 50, but Hourly RSI has not touched 30 (current 46.45)"
2026-08-19 11:28:17,NSE:EXIDEIND,462.7,67.6,72.72,-5.12,2026-08-19 11:00,25.38,28.44,-3.06,NO,,,,,,,15m logic removed,15M MONITOR,MONITORING,,,WATCH,👀 WATCH,Weekly RSI 67.60 > 50 + Hourly RSI touched 30 + 15m price confirmation failed (Close 464.0 <= Previous High 464.3)
2026-08-19 11:28:19,NSE:GLAND,2839.4,72.31,79.58,-7.28,2026-08-19 11:00,35.83,38.84,-3.01,NO,,,,,,,15m logic removed,15M MONITOR,MONITORING,,,WATCH,👀 WATCH,"Weekly RSI 72.31 > 50, but Hourly RSI has not touched 30 (current 35.83)"
2026-08-19 11:28:20,NSE:GRANULES,851.5,65.1,66.43,-1.33,2026-08-19 11:00,42.66,43.5,-0.84,NO,,,,,,,15m logic removed,15M MONITOR,MONITORING,,,WATCH,👀 WATCH,"Weekly RSI 65.10 > 50, but Hourly RSI has not touched 30 (current 42.66)"
2026-08-19 11:28:21,NSE:HAL,5036.2,67.51,67.39,0.12,2026-08-19 11:00,49.03,65.53,-16.51,NO,,,,,,,15m logic removed,15M MONITOR,MONITORING,,,WATCH,👀 WATCH,"Weekly RSI 67.51 > 50, but Hourly RSI has not touched 30 (current 49.03)"
2026-08-19 11:28:22,NSE:HATHWAY,10.47,42.96,44.12,-1.15,2026-08-19 11:00,28.43,32.54,-4.11,NO,,,,,,,15m logic removed,15M MONITOR,MONITORING,,,IGNORE,❌ IGNORE,Weekly RSI 42.96 <= 50
2026-08-19 11:28:23,NSE:HEROMOTOCO,5721.5,61.74,63.79,-2.05,2026-08-19 11:00,41.21,45.14,-3.93,NO,,,,,,,15m logic removed,15M MONITOR,MONITORING,,,WATCH,👀 WATCH,"Weekly RSI 61.74 > 50, but Hourly RSI has not touched 30 (current 41.21)"
2026-08-19 11:28:25,NSE:HONASA,475.15,68.95,79.48,-10.53,2026-08-19 11:00,43.31,41.82,1.49,YES,,,,,,,15m logic removed,15M MONITOR,MONITORING,,,WATCH,👀 WATCH,"Weekly RSI 68.95 > 50, but Hourly RSI has not touched 30 (current 43.31)"
2026-08-19 11:28:26,NSE:HSCL,722.75,61.67,72.38,-10.71,2026-08-19 11:00,19.52,48.21,-28.69,NO,,,,,,,15m logic removed,15M MONITOR,MONITORING,,,WATCH,👀 WATCH,Weekly RSI 61.67 > 50 + Hourly RSI touched 30 + 15m price confirmation failed (Close 723.25 <= Previous High 727.4)
2026-08-19 11:28:28,NSE:INOXINDIA,1927.3,71.16,72.81,-1.66,2026-08-19 11:00,39.92,56.92,-17.0,NO,,,,,,,15m logic removed,15M MONITOR,MONITORING,,,WATCH,👀 WATCH,"Weekly RSI 71.16 > 50, but Hourly RSI has not touched 30 (current 39.92)"
2026-08-19 11:28:29,NSE:KIRLOSENG,2072.6,57.84,58.99,-1.15,2026-08-19 11:00,41.47,58.38,-16.91,NO,,,,,,,15m logic removed,15M MONITOR,MONITORING,,,WATCH,👀 WATCH,"Weekly RSI 57.84 > 50, but Hourly RSI has not touched 30 (current 41.47)"
2026-08-19 11:28:30,NSE:LALPATHLAB,1881.2,68.86,72.68,-3.82,2026-08-19 11:00,34.62,40.23,-5.61,NO,,,,,,,15m logic removed,15M MONITOR,MONITORING,,,WATCH,👀 WATCH,Weekly RSI 68.86 > 50 + Hourly RSI touched 30 + 15m price confirmation failed (Close 1881.1 <= Previous High 1884.7)
2026-08-19 11:28:31,NSE:LAURUSLABS,1796.1,79.88,79.62,0.26,2026-08-19 11:00,37.69,47.62,-9.93,NO,,,,,,,15m logic removed,15M MONITOR,MONITORING,,,WATCH,👀 WATCH,"Weekly RSI 79.88 > 50, but Hourly RSI has not touched 30 (current 37.69)"
2026-08-19 11:28:32,NSE:LLOYDSME,1927.1,63.73,63.36,0.37,2026-08-19 11:00,46.32,52.13,-5.81,NO,,,,,,,15m logic removed,15M MONITOR,MONITORING,,,WATCH,👀 WATCH,"Weekly RSI 63.73 > 50, but Hourly RSI has not touched 30 (current 46.32)"
2026-08-19 11:28:33,NSE:MAZDOCK,2563.0,53.92,54.77,-0.85,2026-08-19 11:00,45.71,55.98,-10.28,NO,,,,,,,15m logic removed,15M MONITOR,MONITORING,,,WATCH,👀 WATCH,"Weekly RSI 53.92 > 50, but Hourly RSI has not touched 30 (current 45.71)"
2026-08-19 11:28:35,NSE:MIDHANI,424.85,57.36,55.61,1.75,2026-08-19 11:00,45.86,57.81,-11.95,NO,,,,,,,15m logic removed,15M MONITOR,MONITORING,,,WATCH,👀 WATCH,"Weekly RSI 57.36 > 50, but Hourly RSI has not touched 30 (current 45.86)"
2026-08-19 11:28:36,NSE:MTARTECH,6920.5,58.97,60.33,-1.36,2026-08-19 11:00,36.77,50.78,-14.01,NO,,,,,,,15m logic removed,15M MONITOR,MONITORING,,,WATCH,👀 WATCH,"Weekly RSI 58.97 > 50, but Hourly RSI has not touched 30 (current 36.77)"
2026-08-19 11:28:37,NSE:NETWEB,5136.0,65.33,63.88,1.45,2026-08-19 11:00,46.67,64.56,-17.89,NO,,,,,,,15m logic removed,15M MONITOR,MONITORING,,,WATCH,👀 WATCH,"Weekly RSI 65.33 > 50, but Hourly RSI has not touched 30 (current 46.67)"
2026-08-19 11:28:39,NSE:NETWORK18,28.0,34.31,36.43,-2.13,2026-08-19 11:00,28.57,36.61,-8.03,NO,,,,,,,15m logic removed,15M MONITOR,MONITORING,,,IGNORE,❌ IGNORE,Weekly RSI 34.31 <= 50
2026-08-19 11:28:40,NSE:NEULANDLAB,23110.0,75.99,77.48,-1.49,2026-08-19 11:00,43.35,55.44,-12.09,NO,,,,,,,15m logic removed,15M MONITOR,MONITORING,,,WATCH,👀 WATCH,"Weekly RSI 75.99 > 50, but Hourly RSI has not touched 30 (current 43.35)"
2026-08-19 11:28:41,NSE:SAILIFE,1422.2,75.92,80.21,-4.3,2026-08-19 11:00,40.58,53.07,-12.5,NO,,,,,,,15m logic removed,15M MONITOR,MONITORING,,,WATCH,👀 WATCH,"Weekly RSI 75.92 > 50, but Hourly RSI has not touched 30 (current 40.58)"
2026-08-19 11:28:42,NSE:SAREGAMA,516.45,69.34,73.5,-4.15,2026-08-19 11:00,45.24,40.86,4.38,YES,,,,,,,15m logic removed,15M MONITOR,MONITORING,,,WATCH,👀 WATCH,"Weekly RSI 69.34 > 50, but Hourly RSI has not touched 30 (current 45.24)"
2026-08-19 11:28:44,NSE:SOLARINDS,19765.0,69.4,71.31,-1.91,2026-08-19 11:00,47.6,64.82,-17.22,NO,,,,,,,15m logic removed,15M MONITOR,MONITORING,,,WATCH,👀 WATCH,"Weekly RSI 69.40 > 50, but Hourly RSI has not touched 30 (current 47.60)"
2026-08-19 11:28:45,NSE:SUNTV,481.6,38.56,39.1,-0.53,2026-08-19 11:00,40.88,43.02,-2.14,NO,,,,,,,15m logic removed,15M MONITOR,MONITORING,,,IGNORE,❌ IGNORE,Weekly RSI 38.56 <= 50
2026-08-19 11:28:46,NSE:TIPSMUSIC,661.8,54.12,55.56,-1.44,2026-08-19 11:00,51.42,43.41,8.01,YES,,,,,,,15m logic removed,15M MONITOR,MONITORING,,,WATCH,👀 WATCH,"Weekly RSI 54.12 > 50, but Hourly RSI has not touched 30 (current 51.42)"
2026-08-19 11:28:47,NSE:WOCKPHARMA,1827.4,54.97,60.66,-5.69,2026-08-19 11:00,25.5,33.14,-7.64,NO,,,,,,,15m logic removed,15M MONITOR,MONITORING,,,WATCH,👀 WATCH,Weekly RSI 54.97 > 50 + Hourly RSI touched 30 + 15m price confirmation failed (Close 1826.5 <= Previous High 1829.4)
2026-08-19 11:28:49,KALYANKJIL,593.45,68.67,71.82,-3.15,2026-08-19 11:00,34.74,42.88,-8.14,NO,,,,,,,15m logic removed,15M MONITOR,MONITORING,,,WATCH,👀 WATCH,"Weekly RSI 68.67 > 50, but Hourly RSI has not touched 30 (current 34.74)"
2026-08-19 11:28:50,CYIENTDLM,725.25,85.63,84.23,1.4,2026-08-19 11:00,49.72,60.18,-10.46,NO,,,,,,,15m logic removed,15M MONITOR,MONITORING,,,WATCH,👀 WATCH,"Weekly RSI 85.63 > 50, but Hourly RSI has not touched 30 (current 49.72)"
2026-08-19 11:28:51,ASTERDM,822.25,60.58,60.6,-0.02,2026-08-19 11:00,45.16,41.05,4.11,YES,,,,,,,15m logic removed,15M MONITOR,MONITORING,,,WATCH,👀 WATCH,"Weekly RSI 60.58 > 50, but Hourly RSI has not touched 30 (current 45.16)"
2026-08-19 11:34:27,NSE:LGEINDIA,1619.6,52.95,60.65,-7.7,2026-08-19 11:00,38.08,47.1,-9.01,NO,,,,,,,15m logic removed,15M MONITOR,MONITORING,,,WATCH,👀 WATCH,"Weekly RSI 52.95 > 50, but Hourly RSI has not touched 30 (current 38.08)"
2026-08-19 11:34:28,NSE:FINCABLES,1296.9,68.01,65.91,2.09,2026-08-19 11:00,54.86,66.24,-11.38,NO,,,,,,,15m logic removed,15M MONITOR,MONITORING,,,WATCH,👀 WATCH,"Weekly RSI 68.01 > 50, but Hourly RSI has not touched 30 (current 54.86)"
2026-08-19 11:34:29,NSE:HAPPSTMNDS,409.0,54.15,57.49,-3.34,2026-08-19 11:00,44.36,55.57,-11.2,NO,,,,,,,15m logic removed,15M MONITOR,MONITORING,,,WATCH,👀 WATCH,"Weekly RSI 54.15 > 50, but Hourly RSI has not touched 30 (current 44.36)"
2026-08-19 11:34:31,NSE:OFSS,11737.0,66.91,68.0,-1.09,2026-08-19 11:00,50.55,41.04,9.51,YES,,,,,,,15m logic removed,15M MONITOR,MONITORING,,,WATCH,👀 WATCH,"Weekly RSI 66.91 > 50, but Hourly RSI has not touched 30 (current 50.55)"
2026-08-19 11:34:32,NSE:REDINGTON,324.5,62.25,64.98,-2.73,2026-08-19 11:00,25.93,27.89,-1.96,NO,,,,,,,15m logic removed,15M MONITOR,MONITORING,,,SETUP,🔥 SETUP,Weekly RSI 62.25 > 50 + Hourly RSI touched 30 + 15m Close > Previous 15m High
2026-08-19 11:34:34,NSE:AARTIIND,525.45,63.62,66.17,-2.55,2026-08-19 11:00,49.39,56.55,-7.15,NO,,,,,,,15m logic removed,15M MONITOR,MONITORING,,,WATCH,👀 WATCH,"Weekly RSI 63.62 > 50, but Hourly RSI has not touched 30 (current 49.39)"
2026-08-19 11:34:35,NSE:ABB,7449.5,59.59,63.4,-3.81,2026-08-19 11:00,23.87,32.24,-8.37,NO,,,,,,,15m logic removed,15M MONITOR,MONITORING,,,WATCH,👀 WATCH,Weekly RSI 59.59 > 50 + Hourly RSI touched 30 + 15m price confirmation failed (Close 7449.0 <= Previous High 7469.0)
2026-08-19 11:34:36,NSE:ACMESOLAR,369.45,63.96,65.76,-1.79,2026-08-19 11:00,50.01,56.94,-6.93,NO,,,,,,,15m logic removed,15M MONITOR,MONITORING,,,WATCH,👀 WATCH,"Weekly RSI 63.96 > 50, but Hourly RSI has not touched 30 (current 50.01)"
2026-08-19 11:34:37,NSE:ADANIENSOL,1549.4,60.14,66.09,-5.96,2026-08-19 11:00,31.1,50.05,-18.95,NO,,,,,,,15m logic removed,15M MONITOR,MONITORING,,,WATCH,👀 WATCH,"Weekly RSI 60.14 > 50, but Hourly RSI has not touched 30 (current 31.10)"
2026-08-19 11:34:39,NSE:ALIVUS,1385.9,78.28,78.4,-0.12,2026-08-19 11:00,50.0,57.75,-7.74,NO,,,,,,,15m logic removed,15M MONITOR,MONITORING,,,WATCH,👀 WATCH,"Weekly RSI 78.28 > 50, but Hourly RSI has not touched 30 (current 50.00)"
2026-08-19 11:34:40,NSE:ANANDRATHI,2171.6,74.59,74.94,-0.35,2026-08-19 11:00,44.66,62.92,-18.26,NO,,,,,,,15m logic removed,15M MONITOR,MONITORING,,,WATCH,👀 WATCH,"Weekly RSI 74.59 > 50, but Hourly RSI has not touched 30 (current 44.66)"
2026-08-19 11:34:41,NSE:APARINDS,16665.0,71.27,71.49,-0.22,2026-08-19 11:00,45.54,63.25,-17.72,NO,,,,,,,15m logic removed,15M MONITOR,MONITORING,,,WATCH,👀 WATCH,"Weekly RSI 71.27 > 50, but Hourly RSI has not touched 30 (current 45.54)"
2026-08-19 11:34:42,NSE:ASHOKLEY,173.88,55.15,54.11,1.05,2026-08-19 11:00,43.07,51.25,-8.18,NO,,,,,,,15m logic removed,15M MONITOR,MONITORING,,,WATCH,👀 WATCH,"Weekly RSI 55.15 > 50, but Hourly RSI has not touched 30 (current 43.07)"
2026-08-19 11:34:44,NSE:ASTERDM,822.05,60.54,60.6,-0.05,2026-08-19 11:00,44.82,41.05,3.77,YES,,,,,,,15m logic removed,15M MONITOR,MONITORING,,,WATCH,👀 WATCH,"Weekly RSI 60.54 > 50, but Hourly RSI has not touched 30 (current 44.82)"
2026-08-19 11:34:45,NSE:ASTRAMICRO,1698.3,64.64,67.72,-3.08,2026-08-19 11:00,41.87,68.18,-26.31,NO,,,,,,,15m logic removed,15M MONITOR,MONITORING,,,WATCH,👀 WATCH,"Weekly RSI 64.64 > 50, but Hourly RSI has not touched 30 (current 41.87)"
2026-08-19 11:34:46,NSE:ATHERENERG,1453.9,75.23,80.74,-5.51,2026-08-19 11:00,29.38,34.65,-5.27,NO,,,,,,,15m logic removed,15M MONITOR,MONITORING,,,WATCH,👀 WATCH,Weekly RSI 75.23 > 50 + Hourly RSI touched 30 + 15m price confirmation failed (Close 1452.9 <= Previous High 1458.4)
2026-08-19 11:34:47,NSE:AUROPHARMA,1632.0,67.72,67.08,0.64,2026-08-19 11:00,46.53,54.3,-7.77,NO,,,,,,,15m logic removed,15M MONITOR,MONITORING,,,WATCH,👀 WATCH,"Weekly RSI 67.72 > 50, but Hourly RSI has not touched 30 (current 46.53)"
2026-08-19 11:34:48,NSE:BAJAJ-AUTO,11673.0,71.48,72.08,-0.59,2026-08-19 11:00,49.06,40.44,8.63,YES,,,,,,,15m logic removed,15M MONITOR,MONITORING,,,WATCH,👀 WATCH,"Weekly RSI 71.48 > 50, but Hourly RSI has not touched 30 (current 49.06)"
2026-08-19 11:34:50,NSE:BHARATFORG,2064.7,57.45,57.47,-0.02,2026-08-19 11:00,41.38,55.11,-13.73,NO,,,,,,,15m logic removed,15M MONITOR,MONITORING,,,WATCH,👀 WATCH,"Weekly RSI 57.45 > 50, but Hourly RSI has not touched 30 (current 41.38)"
2026-08-19 11:34:51,NSE:BHEL,417.6,64.1,65.48,-1.38,2026-08-19 11:00,40.75,51.15,-10.41,NO,,,,,,,15m logic removed,15M MONITOR,MONITORING,,,WATCH,👀 WATCH,"Weekly RSI 64.10 > 50, but Hourly RSI has not touched 30 (current 40.75)"
2026-08-19 11:34:53,NSE:CYIENTDLM,725.85,85.65,84.23,1.42,2026-08-19 11:00,50.1,60.18,-10.08,NO,,,,,,,15m logic removed,15M MONITOR,MONITORING,,,WATCH,👀 WATCH,"Weekly RSI 85.65 > 50, but Hourly RSI has not touched 30 (current 50.10)"
2026-08-19 11:34:54,NSE:DBCORP,210.5,46.99,47.65,-0.66,2026-08-19 11:00,44.05,34.64,9.41,YES,,,,,,,15m logic removed,15M MONITOR,MONITORING,,,IGNORE,❌ IGNORE,Weekly RSI 46.99 <= 50
2026-08-19 11:34:55,NSE:DIVISLAB,8516.5,83.7,83.42,0.28,2026-08-19 11:00,49.03,59.33,-10.3,NO,,,,,,,15m logic removed,15M MONITOR,MONITORING,,,WATCH,👀 WATCH,"Weekly RSI 83.70 > 50, but Hourly RSI has not touched 30 (current 49.03)"
2026-08-19 11:34:56,NSE:EICHERMOT,8036.0,63.72,64.56,-0.84,2026-08-19 11:00,45.07,41.29,3.79,YES,,,,,,,15m logic removed,15M MONITOR,MONITORING,,,WATCH,👀 WATCH,"Weekly RSI 63.72 > 50, but Hourly RSI has not touched 30 (current 45.07)"
2026-08-19 11:34:57,NSE:EXIDEIND,461.85,67.3,72.72,-5.42,2026-08-19 11:00,24.46,28.44,-3.98,NO,,,,,,,15m logic removed,15M MONITOR,MONITORING,,,WATCH,👀 WATCH,Weekly RSI 67.30 > 50 + Hourly RSI touched 30 + 15m price confirmation failed (Close 462.4 <= Previous High 465.0)
2026-08-19 11:34:59,NSE:GLAND,2846.0,72.64,79.58,-6.94,2026-08-19 11:00,37.05,38.84,-1.79,NO,,,,,,,15m logic removed,15M MONITOR,MONITORING,,,WATCH,👀 WATCH,"Weekly RSI 72.64 > 50, but Hourly RSI has not touched 30 (current 37.05)"
2026-08-19 11:35:00,NSE:GRANULES,850.95,65.0,66.43,-1.43,2026-08-19 11:00,41.86,43.5,-1.64,NO,,,,,,,15m logic removed,15M MONITOR,MONITORING,,,WATCH,👀 WATCH,"Weekly RSI 65.00 > 50, but Hourly RSI has not touched 30 (current 41.86)"
2026-08-19 11:35:01,NSE:HAL,5036.2,67.51,67.39,0.12,2026-08-19 11:00,49.03,65.53,-16.51,NO,,,,,,,15m logic removed,15M MONITOR,MONITORING,,,WATCH,👀 WATCH,"Weekly RSI 67.51 > 50, but Hourly RSI has not touched 30 (current 49.03)"
2026-08-19 11:35:02,NSE:HATHWAY,10.46,42.88,44.12,-1.24,2026-08-19 11:00,27.56,32.54,-4.98,NO,,,,,,,15m logic removed,15M MONITOR,MONITORING,,,IGNORE,❌ IGNORE,Weekly RSI 42.88 <= 50
2026-08-19 11:35:04,NSE:HEROMOTOCO,5720.5,61.72,63.79,-2.08,2026-08-19 11:00,41.06,45.14,-4.08,NO,,,,,,,15m logic removed,15M MONITOR,MONITORING,,,WATCH,👀 WATCH,"Weekly RSI 61.72 > 50, but Hourly RSI has not touched 30 (current 41.06)"
2026-08-19 11:35:05,NSE:HONASA,475.35,69.01,79.48,-10.47,2026-08-19 11:00,43.59,41.82,1.76,YES,,,,,,,15m logic removed,15M MONITOR,MONITORING,,,WATCH,👀 WATCH,"Weekly RSI 69.01 > 50, but Hourly RSI has not touched 30 (current 43.59)"
2026-08-19 11:35:06,NSE:HSCL,723.3,61.75,72.38,-10.62,2026-08-19 11:00,19.64,48.21,-28.57,NO,,,,,,,15m logic removed,15M MONITOR,MONITORING,,,WATCH,👀 WATCH,Weekly RSI 61.75 > 50 + Hourly RSI touched 30 + 15m price confirmation failed (Close 722.45 <= Previous High 728.75)
2026-08-19 11:35:08,NSE:INOXINDIA,1927.1,71.13,72.81,-1.68,2026-08-19 11:00,39.84,56.92,-17.07,NO,,,,,,,15m logic removed,15M MONITOR,MONITORING,,,WATCH,👀 WATCH,"Weekly RSI 71.13 > 50, but Hourly RSI has not touched 30 (current 39.84)"
2026-08-19 11:35:09,NSE:KIRLOSENG,2071.2,57.78,58.99,-1.2,2026-08-19 11:00,41.14,58.38,-17.24,NO,,,,,,,15m logic removed,15M MONITOR,MONITORING,,,WATCH,👀 WATCH,"Weekly RSI 57.78 > 50, but Hourly RSI has not touched 30 (current 41.14)"
2026-08-19 11:35:11,NSE:LALPATHLAB,1880.1,68.75,72.68,-3.93,2026-08-19 11:00,34.21,40.23,-6.02,NO,,,,,,,15m logic removed,15M MONITOR,MONITORING,,,WATCH,👀 WATCH,Weekly RSI 68.75 > 50 + Hourly RSI touched 30 + 15m price confirmation failed (Close 1881.2 <= Previous High 1883.6)
2026-08-19 11:35:12,NSE:LAURUSLABS,1795.9,79.87,79.62,0.25,2026-08-19 11:00,37.6,47.62,-10.02,NO,,,,,,,15m logic removed,15M MONITOR,MONITORING,,,WATCH,👀 WATCH,"Weekly RSI 79.87 > 50, but Hourly RSI has not touched 30 (current 37.60)"
2026-08-19 11:35:14,NSE:LLOYDSME,1923.2,63.56,63.36,0.2,2026-08-19 11:00,44.54,52.13,-7.59,NO,,,,,,,15m logic removed,15M MONITOR,MONITORING,,,WATCH,👀 WATCH,"Weekly RSI 63.56 > 50, but Hourly RSI has not touched 30 (current 44.54)"
2026-08-19 11:35:15,NSE:MAZDOCK,2563.7,53.95,54.77,-0.82,2026-08-19 11:00,45.95,55.98,-10.03,NO,,,,,,,15m logic removed,15M MONITOR,MONITORING,,,WATCH,👀 WATCH,"Weekly RSI 53.95 > 50, but Hourly RSI has not touched 30 (current 45.95)"
2026-08-19 11:35:16,NSE:MIDHANI,424.7,57.33,55.61,1.72,2026-08-19 11:00,45.75,57.81,-12.06,NO,,,,,,,15m logic removed,15M MONITOR,MONITORING,,,WATCH,👀 WATCH,"Weekly RSI 57.33 > 50, but Hourly RSI has not touched 30 (current 45.75)"
2026-08-19 11:35:17,NSE:MTARTECH,6928.0,59.05,60.33,-1.28,2026-08-19 11:00,37.16,50.78,-13.62,NO,,,,,,,15m logic removed,15M MONITOR,MONITORING,,,WATCH,👀 WATCH,"Weekly RSI 59.05 > 50, but Hourly RSI has not touched 30 (current 37.16)"
2026-08-19 11:35:18,NSE:NETWEB,5145.0,65.43,63.88,1.55,2026-08-19 11:00,47.29,64.56,-17.26,NO,,,,,,,15m logic removed,15M MONITOR,MONITORING,,,WATCH,👀 WATCH,"Weekly RSI 65.43 > 50, but Hourly RSI has not touched 30 (current 47.29)"
2026-08-19 11:35:20,NSE:NETWORK18,27.95,34.21,36.43,-2.22,2026-08-19 11:00,27.85,36.61,-8.76,NO,,,,,,,15m logic removed,15M MONITOR,MONITORING,,,IGNORE,❌ IGNORE,Weekly RSI 34.21 <= 50
2026-08-19 11:35:21,NSE:NEULANDLAB,23110.0,75.99,77.48,-1.49,2026-08-19 11:00,43.35,55.44,-12.09,NO,,,,,,,15m logic removed,15M MONITOR,MONITORING,,,WATCH,👀 WATCH,"Weekly RSI 75.99 > 50, but Hourly RSI has not touched 30 (current 43.35)"
2026-08-19 11:35:22,NSE:SAILIFE,1421.0,75.74,80.21,-4.47,2026-08-19 11:00,40.04,53.07,-13.03,NO,,,,,,,15m logic removed,15M MONITOR,MONITORING,,,WATCH,👀 WATCH,"Weekly RSI 75.74 > 50, but Hourly RSI has not touched 30 (current 40.04)"
2026-08-19 11:35:23,NSE:SAREGAMA,515.7,69.07,73.5,-4.42,2026-08-19 11:00,44.35,40.86,3.49,YES,,,,,,,15m logic removed,15M MONITOR,MONITORING,,,WATCH,👀 WATCH,"Weekly RSI 69.07 > 50, but Hourly RSI has not touched 30 (current 44.35)"
2026-08-19 11:35:25,NSE:SOLARINDS,19749.0,69.26,71.31,-2.05,2026-08-19 11:00,47.21,64.82,-17.61,NO,,,,,,,15m logic removed,15M MONITOR,MONITORING,,,WATCH,👀 WATCH,"Weekly RSI 69.26 > 50, but Hourly RSI has not touched 30 (current 47.21)"
2026-08-19 11:35:26,NSE:SUNTV,481.45,38.54,39.1,-0.56,2026-08-19 11:00,40.61,43.02,-2.41,NO,,,,,,,15m logic removed,15M MONITOR,MONITORING,,,IGNORE,❌ IGNORE,Weekly RSI 38.54 <= 50
2026-08-19 11:35:28,NSE:TIPSMUSIC,660.2,53.87,55.56,-1.69,2026-08-19 11:00,49.61,43.41,6.19,YES,,,,,,,15m logic removed,15M MONITOR,MONITORING,,,WATCH,👀 WATCH,"Weekly RSI 53.87 > 50, but Hourly RSI has not touched 30 (current 49.61)"
2026-08-19 11:35:29,NSE:WOCKPHARMA,1827.2,54.96,60.66,-5.7,2026-08-19 11:00,25.47,33.14,-7.67,NO,,,,,,,15m logic removed,15M MONITOR,MONITORING,,,WATCH,👀 WATCH,Weekly RSI 54.96 > 50 + Hourly RSI touched 30 + 15m price confirmation failed (Close 1827.2 <= Previous High 1830.0)
2026-08-19 11:35:30,KALYANKJIL,594.15,68.81,71.82,-3.01,2026-08-19 11:00,35.32,42.88,-7.57,NO,,,,,,,15m logic removed,15M MONITOR,MONITORING,,,WATCH,👀 WATCH,"Weekly RSI 68.81 > 50, but Hourly RSI has not touched 30 (current 35.32)"
2026-08-19 11:35:31,CYIENTDLM,725.45,85.64,84.23,1.4,2026-08-19 11:00,49.84,60.18,-10.33,NO,,,,,,,15m logic removed,15M MONITOR,MONITORING,,,WATCH,👀 WATCH,"Weekly RSI 85.64 > 50, but Hourly RSI has not touched 30 (current 49.84)"
2026-08-19 11:35:33,ASTERDM,822.3,60.59,60.6,-0.01,2026-08-19 11:00,45.25,41.05,4.2,YES,,,,,,,15m logic removed,15M MONITOR,MONITORING,,,WATCH,👀 WATCH,"Weekly RSI 60.59 > 50, but Hourly RSI has not touched 30 (current 45.25)"
